Customer_ID,Customer_Name,Region,Segment,City,State,Country,Market,Market2
AA-103151,"Alex Avila","Southeast Asia",Consumer,Wollongong,"Western Visayas",Philippines,APAC,APAC
AA-103152,"Alex Avila",South,Consumer,Parla,Madrid,"United Kingdom",EU,EU
AA-103153,"Alex Avila",North,Consumer,"Mexico City",Sinaloa,Mexico,LATAM,LATAM
AA-103154,"Alex Avila",West,Consumer,"San Francisco",Texas,"United States",US,"North America"
AA-103751,"Allen Armold",Oceania,Consumer,Tamworth,Wellington,"New Zealand",APAC,APAC
AA-103752,"Allen Armold",South,Consumer,"Sesto San Giovanni","Pays de la Loire",Italy,EU,EU
AA-103753,"Allen Armold",South,Consumer,Zapopan,Sonora,Peru,LATAM,LATAM
AA-103754,"Allen Armold",West,Consumer,Salem,Tennessee,"United States",US,"North America"
AA-104801,"Andrew Allen","Southeast Asia",Consumer,Valenzuela,"South Australia",Thailand,APAC,APAC
AA-104802,"Andrew Allen",North,Consumer,Lyon,Saxony,"United Kingdom",EU,EU
AA-104803,"Andrew Allen",South,Consumer,Toluca,México,Peru,LATAM,LATAM
AA-104804,"Andrew Allen",South,Consumer,Springfield,"North Carolina","United States",US,"North America"
AA-106451,"Anna Andreadi","Southeast Asia",Consumer,Taiping,Victoria,Malaysia,APAC,APAC
AA-106452,"Anna Andreadi",South,Consumer,Wallasey,Vienna,"United Kingdom",EU,EU
AA-106453,"Anna Andreadi",South,Consumer,Torreón,"Santo Domingo",Panama,LATAM,LATAM
AA-106454,"Anna Andreadi",West,Consumer,"San Francisco",Pennsylvania,"United States",US,"North America"
AA-3151,"Alex Avila",Africa,Consumer,Kankan,Kankan,Guinea,Africa,Africa
AA-3152,"Alex Avila",EMEA,Consumer,Kaspiysk,Hrodna,Ukraine,EMEA,EMEA
AA-3751,"Allen Armold",Africa,Consumer,Nairobi,Southern,Zambia,Africa,Africa
AA-3752,"Allen Armold",Canada,Consumer,Montréal,Quebec,Canada,Canada,"North America"
AA-3753,"Allen Armold",EMEA,Consumer,Lodz,Makkah,Turkey,EMEA,EMEA
AA-4801,"Andrew Allen",Africa,Consumer,Kuito,Bie,Angola,Africa,Africa
AA-4802,"Andrew Allen",Canada,Consumer,Toronto,Ontario,Canada,Canada,"North America"
AA-4803,"Andrew Allen",EMEA,Consumer,Siauliai,Volyn,Ukraine,EMEA,EMEA
AA-6451,"Anna Andreadi",Africa,Consumer,Sale,Rabat-Salé-Zemmour-Zaer,"South Africa",Africa,Africa
AA-6452,"Anna Andreadi",EMEA,Consumer,Mosul,Ninawa,Ukraine,EMEA,EMEA
AB-100151,"Aaron Bergman","Southeast Asia",Consumer,Wuhan,Victoria,Vietnam,APAC,APAC
AB-100152,"Aaron Bergman",South,Consumer,Vincennes,Veneto,"United Kingdom",EU,EU
AB-100153,"Aaron Bergman",South,Consumer,Monterrey,"São Paulo",Nicaragua,LATAM,LATAM
AB-100154,"Aaron Bergman",West,Consumer,Seattle,Washington,"United States",US,"North America"
AB-100601,"Adam Bellavance","Southeast Asia","Home Office",Wafangdian,Singapore,Singapore,APAC,APAC
AB-100602,"Adam Bellavance",North,"Home Office",Villeneuve-la-Garenne,Scotland,"United Kingdom",EU,EU
AB-100603,"Adam Bellavance",South,"Home Office","Villa Nueva","Santo Domingo",Panama,LATAM,LATAM
AB-100604,"Adam Bellavance",West,"Home Office",Waynesboro,Washington,"United States",US,"North America"
AB-101051,"Adrian Barton",Oceania,Consumer,Sunbury,Victoria,India,APAC,APAC
AB-101052,"Adrian Barton",South,Consumer,Munster,Nord-Pas-de-Calais,Spain,EU,EU
AB-101053,"Adrian Barton",South,Consumer,Tegucigalpa,"San Luis Potosí",Peru,LATAM,LATAM
AB-101054,"Adrian Barton",West,Consumer,Portland,Texas,"United States",US,"North America"
AB-101501,"Aimee Bixby",Oceania,Consumer,Yuyao,Zhejiang,"South Korea",APAC,APAC
AB-101502,"Aimee Bixby",South,Consumer,"San Fernando",Poitou-Charentes,"United Kingdom",EU,EU
AB-101503,"Aimee Bixby",South,Consumer,Tegucigalpa,Yucatán,Venezuela,LATAM,LATAM
AB-101504,"Aimee Bixby",East,Consumer,Yonkers,Texas,"United States",US,"North America"
AB-101651,"Alan Barnes","Southeast Asia",Consumer,Singapore,"Tamil Nadu",Singapore,APAC,APAC
AB-101652,"Alan Barnes",North,Consumer,Paris,Saxony,"United Kingdom",EU,EU
AB-101653,"Alan Barnes",North,Consumer,"Villa Canales","Nuevo León",Mexico,LATAM,LATAM
AB-101654,"Alan Barnes",West,Consumer,Toledo,Washington,"United States",US,"North America"
AB-102551,"Alejandro Ballentine","Southeast Asia","Home Office",Zhangzhou,"Thủ Dô Hà Nội",Vietnam,APAC,APAC
AB-102552,"Alejandro Ballentine",South,"Home Office",Rome,Saxony-Anhalt,"United Kingdom",EU,EU
AB-102553,"Alejandro Ballentine",South,"Home Office",Tlaquepaque,"Santo Domingo",Panama,LATAM,LATAM
AB-102554,"Alejandro Ballentine",West,"Home Office",Seattle,Washington,"United States",US,"North America"
AB-1051,"Adrian Barton",Africa,Consumer,Koforidua,Orientale,Ghana,Africa,Africa
AB-1052,"Adrian Barton",Canada,Consumer,Toronto,Ontario,Canada,Canada,"North America"
AB-1053,"Adrian Barton",EMEA,Consumer,Vinnytsya,Vinnytsya,Ukraine,EMEA,EMEA
AB-106001,"Ann Blume","Southeast Asia",Corporate,Wollongong,"Uttar Pradesh",Thailand,APAC,APAC
AB-106002,"Ann Blume",South,Corporate,Zaanstad,"North Rhine-Westphalia",Portugal,EU,EU
AB-106003,"Ann Blume",South,Corporate,"Piedras Negras",Guatemala,Mexico,LATAM,LATAM
AB-106004,"Ann Blume",West,Corporate,Tucson,"North Carolina","United States",US,"North America"
AB-1501,"Aimee Bixby",EMEA,Consumer,Sincan,Khuzestan,Ukraine,EMEA,EMEA
AB-151,"Aaron Bergman",Africa,Consumer,Yaounde,Copperbelt,Zambia,Africa,Africa
AB-152,"Aaron Bergman",EMEA,Consumer,Qom,Zaporizhzhya,Ukraine,EMEA,EMEA
AB-1651,"Alan Barnes",Africa,Consumer,Niamey,Niamey,Niger,Africa,Africa
AB-1652,"Alan Barnes",Canada,Consumer,Hamilton,Ontario,Canada,Canada,"North America"
AB-1653,"Alan Barnes",EMEA,Consumer,Warsaw,Podlaskie,Turkey,EMEA,EMEA
AB-2551,"Alejandro Ballentine",Africa,"Home Office",Sale,"Western Cape","South Africa",Africa,Africa
AB-2552,"Alejandro Ballentine",Canada,"Home Office",Whitby,Ontario,Canada,Canada,"North America"
AB-2553,"Alejandro Ballentine",EMEA,"Home Office",Zahedan,"Sistan Va Baluchestan",Turkey,EMEA,EMEA
AB-6001,"Ann Blume",Africa,Corporate,Sale,Rabat-Salé-Zemmour-Zaer,Togo,Africa,Africa
AB-6002,"Ann Blume",EMEA,Corporate,Tallinn,Silesia,Poland,EMEA,EMEA
AB-601,"Adam Bellavance",Africa,"Home Office",Marrakech,"Western Cape",Zimbabwe,Africa,Africa
AB-602,"Adam Bellavance",EMEA,"Home Office",Kaunas,Mehedinti,Turkey,EMEA,EMEA
AC-104201,"Alyssa Crouse","Southeast Asia",Corporate,Manila,Yunnan,Thailand,APAC,APAC
AC-104202,"Alyssa Crouse",South,Corporate,Widnes,"Provence-Alpes-Côte d'Azur","United Kingdom",EU,EU
AC-104203,"Alyssa Crouse",South,Corporate,Taubaté,"Villa Clara",Mexico,LATAM,LATAM
AC-104204,"Alyssa Crouse",West,Corporate,"San Francisco",Texas,"United States",US,"North America"
AC-104501,"Amy Cox","Southeast Asia",Consumer,Toowoomba,Tasmania,Indonesia,APAC,APAC
AC-104502,"Amy Cox",North,Consumer,Versailles,"North Rhine-Westphalia","United Kingdom",EU,EU
AC-104503,"Amy Cox",South,Consumer,"Santo Domingo","Santo Domingo",Venezuela,LATAM,LATAM
AC-104504,"Amy Cox",West,Consumer,Tampa,Washington,"United States",US,"North America"
AC-106151,"Ann Chong","Southeast Asia",Corporate,Tasikmalaya,"West Bengal","New Zealand",APAC,APAC
AC-106152,"Ann Chong",South,Corporate,Stockholm,Veneto,"United Kingdom",EU,EU
AC-106153,"Ann Chong",South,Corporate,"San Salvador",Veracruz,Venezuela,LATAM,LATAM
AC-106154,"Ann Chong",West,Corporate,Seattle,Washington,"United States",US,"North America"
AC-106601,"Anna Chung","Southeast Asia",Consumer,Daejeon,"Tỉnh Cần Thơ",Vietnam,APAC,APAC
AC-106602,"Anna Chung",South,Consumer,Marseille,"Västra Götaland","United Kingdom",EU,EU
AC-106603,"Anna Chung",South,Consumer,Tegucigalpa,Sonora,Nicaragua,LATAM,LATAM
AC-106604,"Anna Chung",West,Consumer,"San Francisco",Texas,"United States",US,"North America"
AC-4201,"Alyssa Crouse",Africa,Corporate,Messaad,Ouest,"South Africa",Africa,Africa
AC-4202,"Alyssa Crouse",EMEA,Corporate,Soma,Manisa,Turkey,EMEA,EMEA
AC-4501,"Amy Cox",Africa,Consumer,Newcastle,Kwazulu-natal,"South Africa",Africa,Africa
AC-4502,"Amy Cox",Canada,Consumer,Regina,Saskatchewan,Canada,Canada,"North America"
AC-4503,"Amy Cox",EMEA,Consumer,Riyadh,Qostanay,"Saudi Arabia",EMEA,EMEA
AC-6151,"Ann Chong",Africa,Corporate,Nairobi,Nairobi,Somalia,Africa,Africa
AC-6152,"Ann Chong",EMEA,Corporate,Vienna,Vienna,Ukraine,EMEA,EMEA
AC-6601,"Anna Chung",Africa,Consumer,Foumban,Ouest,Morocco,Africa,Africa
AC-6602,"Anna Chung",EMEA,Consumer,Mosul,Ninawa,Iraq,EMEA,EMEA
AD-101801,"Alan Dominguez","Southeast Asia","Home Office",Zhoukou,"Western Australia","New Zealand",APAC,APAC
AD-101802,"Alan Dominguez",North,"Home Office",Plymouth,Ile-de-France,"United Kingdom",EU,EU
AD-101803,"Alan Dominguez",South,"Home Office","San Justo",Yucatán,Mexico,LATAM,LATAM
AD-101804,"Alan Dominguez",West,"Home Office",Yonkers,Texas,"United States",US,"North America"
AD-1801,"Alan Dominguez",Africa,"Home Office",Cairo,"Al Qahirah",Egypt,Africa,Africa
AD-1802,"Alan Dominguez",EMEA,"Home Office",Istanbul,Istanbul,Turkey,EMEA,EMEA
AF-108701,"Art Ferguson","Southeast Asia",Consumer,Tangshan,"Western Australia",Vietnam,APAC,APAC
AF-108702,"Art Ferguson",South,Consumer,Seville,Sicily,Spain,EU,EU
AF-108703,"Art Ferguson",South,Consumer,Tegucigalpa,"Villa Clara",Mexico,LATAM,LATAM
AF-108704,"Art Ferguson",West,Consumer,"San Francisco",Texas,"United States",US,"North America"
AF-108851,"Art Foster","Southeast Asia",Consumer,Surabaya,"Western Australia",Vietnam,APAC,APAC
AF-108852,"Art Foster",South,Consumer,Venice,Veneto,"United Kingdom",EU,EU
AF-108853,"Art Foster",South,Consumer,"Santo Domingo","Santo Domingo",Mexico,LATAM,LATAM
AF-108854,"Art Foster",South,Consumer,Toledo,Pennsylvania,"United States",US,"North America"
AF-8701,"Art Ferguson",Africa,Consumer,Moshi,"South Kivu",Tanzania,Africa,Africa
AF-8702,"Art Ferguson",Canada,Consumer,Peterborough,Ontario,Canada,Canada,"North America"
AF-8703,"Art Ferguson",EMEA,Consumer,Taraz,Zhambyl,Kazakhstan,EMEA,EMEA
AF-8851,"Art Foster",Africa,Consumer,Kinshasa,Kinshasa,"Democratic Republic of the Congo",Africa,Africa
AF-8852,"Art Foster",EMEA,Consumer,Buzau,Buzau,Romania,EMEA,EMEA
AG-102701,"Alejandro Grove","Southeast Asia",Consumer,Yancheng,Telangana,Vietnam,APAC,APAC
AG-102702,"Alejandro Grove",North,Consumer,Vienna,Vienna,"United Kingdom",EU,EU
AG-102703,"Alejandro Grove",South,Consumer,"Villa Nueva",Tamaulipas,Nicaragua,LATAM,LATAM
AG-102704,"Alejandro Grove",West,Consumer,"West Jordan",Utah,"United States",US,"North America"
AG-103001,"Aleksandra Gannaway","Southeast Asia",Corporate,Suzhou,Zhejiang,"New Zealand",APAC,APAC
AG-103002,"Aleksandra Gannaway",South,Corporate,Trieste,Oslo,"United Kingdom",EU,EU
AG-103003,"Aleksandra Gannaway",South,Corporate,Victoria,Tamaulipas,Panama,LATAM,LATAM
AG-103004,"Aleksandra Gannaway",West,Corporate,"San Francisco",Nevada,"United States",US,"North America"
AG-103301,"Alex Grayson","Southeast Asia",Consumer,Weifang,Taranaki,Philippines,APAC,APAC
AG-103302,"Alex Grayson",South,Consumer,Turku,Rhineland-Palatinate,"United Kingdom",EU,EU
AG-103303,"Alex Grayson",South,Consumer,Tegucigalpa,Zulia,Venezuela,LATAM,LATAM
AG-103304,"Alex Grayson",West,Consumer,Tulsa,Texas,"United States",US,"North America"
AG-103901,"Allen Goldenen",Oceania,Consumer,Wollongong,"South Australia",Australia,APAC,APAC
AG-103902,"Allen Goldenen",Central,Consumer,Toulouse,"South Holland",Netherlands,EU,EU
AG-103903,"Allen Goldenen",South,Consumer,"São Paulo","São Paulo",Mexico,LATAM,LATAM
AG-103904,"Allen Goldenen",West,Consumer,"New York City",Virginia,"United States",US,"North America"
AG-104951,"Andrew Gjertsen","Southeast Asia",Corporate,Xiangtan,"Western Australia",Philippines,APAC,APAC
AG-104952,"Andrew Gjertsen",South,Corporate,Toulouse,Rhône-Alpes,Italy,EU,EU
AG-104953,"Andrew Gjertsen",North,Corporate,Tlalpan,Ouest,Nicaragua,LATAM,LATAM
AG-104954,"Andrew Gjertsen",West,Corporate,Seattle,Washington,"United States",US,"North America"
AG-105251,"Andy Gerbode","Central Asia",Corporate,Nellore,Punjab,Pakistan,APAC,APAC
AG-105252,"Andy Gerbode",South,Corporate,Verona,Veneto,"United Kingdom",EU,EU
AG-105253,"Andy Gerbode",South,Corporate,"Santo Domingo","Santo Domingo",Mexico,LATAM,LATAM
AG-105254,"Andy Gerbode",South,Corporate,"Saint Petersburg",Virginia,"United States",US,"North America"
AG-106751,"Anna Gayman","Southeast Asia",Consumer,Traralgon,Victoria,Philippines,APAC,APAC
AG-106752,"Anna Gayman",South,Consumer,Viterbo,"Provence-Alpes-Côte d'Azur","United Kingdom",EU,EU
AG-106753,"Anna Gayman",South,Consumer,Tegucigalpa,"São Paulo",Panama,LATAM,LATAM
AG-106754,"Anna Gayman",South,Consumer,Salem,Wisconsin,"United States",US,"North America"
AG-107651,"Anthony Garverick","Southeast Asia","Home Office",Xinzhou,Maharashtra,Indonesia,APAC,APAC
AG-107652,"Anthony Garverick",South,"Home Office",Vienna,Vienna,"United Kingdom",EU,EU
AG-107653,"Anthony Garverick",South,"Home Office",Zapopan,Tocantins,Uruguay,LATAM,LATAM
AG-107654,"Anthony Garverick",South,"Home Office",Philadelphia,Virginia,"United States",US,"North America"
AG-109001,"Arthur Gainer","Southeast Asia",Consumer,Sydney,"Uttar Pradesh",Singapore,APAC,APAC
AG-109002,"Arthur Gainer",South,Consumer,Villeneuve-Saint-Georges,Piedmont,Spain,EU,EU
AG-109003,"Arthur Gainer",South,Consumer,"Mexico City",Paraíba,Nicaragua,LATAM,LATAM
AG-109004,"Arthur Gainer",West,Consumer,Waterbury,Wisconsin,"United States",US,"North America"
AG-2701,"Alejandro Grove",Africa,Consumer,Yaounde,Rabat-Salé-Zemmour-Zaer,Mozambique,Africa,Africa
AG-2702,"Alejandro Grove",Canada,Consumer,Abbotsford,"British Columbia",Canada,Canada,"North America"
AG-2703,"Alejandro Grove",EMEA,Consumer,Sanliurfa,Sanliurfa,Turkey,EMEA,EMEA
AG-3001,"Aleksandra Gannaway",Africa,Corporate,Matola,Maputo,Nigeria,Africa,Africa
AG-3002,"Aleksandra Gannaway",EMEA,Corporate,"Wadi as Sir",Istanbul,Turkey,EMEA,EMEA
AG-3301,"Alex Grayson",Africa,Consumer,Tetouan,Tanger-Tétouan,Tanzania,Africa,Africa
AG-3302,"Alex Grayson",EMEA,Consumer,Jeddah,Makkah,"Saudi Arabia",EMEA,EMEA
AG-3901,"Allen Goldenen",Africa,Consumer,Gulu,Southern,Uganda,Africa,Africa
AG-3902,"Allen Goldenen",EMEA,Consumer,Prague,Prague,Turkey,EMEA,EMEA
AG-4951,"Andrew Gjertsen",Africa,Corporate,Windhoek,"Western Cape","South Africa",Africa,Africa
AG-4952,"Andrew Gjertsen",Canada,Corporate,Oakville,Ontario,Canada,Canada,"North America"
AG-4953,"Andrew Gjertsen",EMEA,Corporate,Vienna,Vienna,Turkey,EMEA,EMEA
AG-5251,"Andy Gerbode",Africa,Corporate,Mombasa,Ruvuma,Tanzania,Africa,Africa
AG-5252,"Andy Gerbode",EMEA,Corporate,Ardabil,Ardabil,Iran,EMEA,EMEA
AG-6751,"Anna Gayman",Africa,Consumer,Quelimane,Zambezia,Uganda,Africa,Africa
AG-6752,"Anna Gayman",EMEA,Consumer,Vienna,Vienna,Ukraine,EMEA,EMEA
AG-7651,"Anthony Garverick",Africa,"Home Office",Sapele,Mostaganem,Nigeria,Africa,Africa
AG-7652,"Anthony Garverick",EMEA,"Home Office",Vienna,Vienna,Turkey,EMEA,EMEA
AG-9001,"Arthur Gainer",Africa,Consumer,Sale,Rabat-Salé-Zemmour-Zaer,Tanzania,Africa,Africa
AH-100301,"Aaron Hawkins","Southeast Asia",Corporate,Yokkaichi,Yogyakarta,Philippines,APAC,APAC
AH-100302,"Aaron Hawkins",North,Corporate,"West Bromwich",Vienna,"United Kingdom",EU,EU
AH-100303,"Aaron Hawkins",South,Corporate,"Villa Canales",Santiago,Mexico,LATAM,LATAM
AH-100304,"Aaron Hawkins",West,Corporate,Troy,Pennsylvania,"United States",US,"North America"
AH-100751,"Adam Hart","Southeast Asia",Corporate,Wollongong,"Western Australia",Indonesia,APAC,APAC
AH-100752,"Adam Hart",South,Corporate,Veenendaal,"West Flanders","United Kingdom",EU,EU
AH-100753,"Adam Hart",South,Corporate,Zapopan,"Saint Michael",Nicaragua,LATAM,LATAM
AH-100754,"Adam Hart",West,Corporate,"New York City",Texas,"United States",US,"North America"
AH-101201,"Adrian Hane",Oceania,"Home Office",Qidong,"Western Australia",China,APAC,APAC
AH-101202,"Adrian Hane",North,"Home Office",Vienna,Vienna,"United Kingdom",EU,EU
AH-101203,"Adrian Hane",North,"Home Office",Tlalnepantla,Sinaloa,Mexico,LATAM,LATAM
AH-101204,"Adrian Hane",West,"Home Office",Tucson,Texas,"United States",US,"North America"
AH-101951,"Alan Haines","Southeast Asia",Corporate,"Murray Bridge","Western Australia",Philippines,APAC,APAC
AH-101952,"Alan Haines",South,Corporate,Trieste,"Trentino-Alto Adige","United Kingdom",EU,EU
AH-101953,"Alan Haines",South,Corporate,"São Miguel dos Campos","São Paulo",Uruguay,LATAM,LATAM
AH-101954,"Alan Haines",South,Corporate,Tamarac,Pennsylvania,"United States",US,"North America"
AH-102101,"Alan Hwang","Southeast Asia",Consumer,Singapore,Singapore,Singapore,APAC,APAC
AH-102102,"Alan Hwang",South,Consumer,Paris,Thuringia,"United Kingdom",EU,EU
AH-102103,"Alan Hwang",South,Consumer,Tegucigalpa,"Santo Domingo",Panama,LATAM,LATAM
AH-102104,"Alan Hwang",West,Consumer,Seattle,Washington,"United States",US,"North America"
AH-104651,"Amy Hunt","Southeast Asia",Consumer,Perth,"Western Australia",Philippines,APAC,APAC
AH-104652,"Amy Hunt",North,Consumer,Plymouth,"North Rhine-Westphalia","United Kingdom",EU,EU
AH-104653,"Amy Hunt",South,Consumer,Soyapango,Yucatán,Nicaragua,LATAM,LATAM
AH-104654,"Amy Hunt",West,Consumer,"San Francisco",Texas,"United States",US,"North America"
AH-105851,"Angele Hood","Southeast Asia",Consumer,Zhuhai,Victoria,Thailand,APAC,APAC
AH-105852,"Angele Hood",South,Consumer,Zeist,Utrecht,"United Kingdom",EU,EU
AH-105853,"Angele Hood",South,Consumer,"São Paulo",Zulia,Venezuela,LATAM,LATAM
AH-105854,"Angele Hood",West,Consumer,Seattle,Washington,"United States",US,"North America"
AH-106901,"Anna Häberlin",Oceania,Corporate,Sydney,Victoria,India,APAC,APAC
AH-106902,"Anna Häberlin",South,Corporate,Vienna,Vienna,"United Kingdom",EU,EU
AH-106903,"Anna Häberlin",South,Corporate,"Santa Marta",Tamaulipas,Nicaragua,LATAM,LATAM
AH-106904,"Anna Häberlin",West,Corporate,"Virginia Beach",Virginia,"United States",US,"North America"
AH-1201,"Adrian Hane",Africa,"Home Office",Niamey,Niamey,"South Africa",Africa,Africa
AH-1202,"Adrian Hane",EMEA,"Home Office",Pavlodar,Pavlodar,Kazakhstan,EMEA,EMEA
AH-1951,"Alan Haines",Africa,Corporate,Lagos,Lagos,Nigeria,Africa,Africa
AH-1952,"Alan Haines",Canada,Corporate,Waterloo,Ontario,Canada,Canada,"North America"
AH-1953,"Alan Haines",EMEA,Corporate,Tallinn,"Razavi Khorasan",Turkey,EMEA,EMEA
AH-2101,"Alan Hwang",Africa,Consumer,Algiers,Alger,Egypt,Africa,Africa
AH-2102,"Alan Hwang",EMEA,Consumer,Izmir,Izmir,Turkey,EMEA,EMEA
AH-301,"Aaron Hawkins",Africa,Corporate,"Port Harcourt",Rivers,Nigeria,Africa,Africa
AH-302,"Aaron Hawkins",EMEA,Corporate,Pazardzhik,Pomerania,Ukraine,EMEA,EMEA
AH-4651,"Amy Hunt",Africa,Consumer,Stellenbosch,"Western Cape","South Africa",Africa,Africa
AH-4652,"Amy Hunt",EMEA,Consumer,"Dayr az Zawr",Manisa,Turkey,EMEA,EMEA
AH-5851,"Angele Hood",Africa,Consumer,Nouakchott,Nouakchott,Mauritania,Africa,Africa
AH-5852,"Angele Hood",EMEA,Consumer,Vienna,Vienna,Turkey,EMEA,EMEA
AH-6901,"Anna Häberlin",Africa,Corporate,Cairo,Bulawayo,Zimbabwe,Africa,Africa
AH-6902,"Anna Häberlin",EMEA,Corporate,Mashhad,"Razavi Khorasan",Turkey,EMEA,EMEA
AH-751,"Adam Hart",Africa,Corporate,"Sidi Qacem",Oran,"South Africa",Africa,Africa
AH-752,"Adam Hart",Canada,Corporate,Oakville,Ontario,Canada,Canada,"North America"
AH-753,"Adam Hart",EMEA,Corporate,Aligudarz,Lorestan,Iran,EMEA,EMEA
AI-108551,"Arianne Irving","Southeast Asia",Consumer,Wellington,Wellington,"New Zealand",APAC,APAC
AI-108552,"Arianne Irving",South,Consumer,Oberhausen,Valenciana,"United Kingdom",EU,EU
AI-108553,"Arianne Irving",Central,Consumer,Soyapango,"San Salvador","El Salvador",LATAM,LATAM
AI-108554,"Arianne Irving",West,Consumer,"San Francisco",Washington,"United States",US,"North America"
AI-8551,"Arianne Irving",Africa,Consumer,Casablanca,"Grand Casablanca",Morocco,Africa,Africa
AI-8552,"Arianne Irving",EMEA,Consumer,Voronezh,Voronezh,Turkey,EMEA,EMEA
AJ-107801,"Anthony Jacobs","Southeast Asia",Corporate,Tirupati,Kabul,Indonesia,APAC,APAC
AJ-107802,"Anthony Jacobs",North,Corporate,"The Hague","South Holland","United Kingdom",EU,EU
AJ-107803,"Anthony Jacobs",South,Corporate,"Pontes e Lacerda",Sinaloa,Nicaragua,LATAM,LATAM
AJ-107804,"Anthony Jacobs",West,Corporate,Springfield,Virginia,"United States",US,"North America"
AJ-107951,"Anthony Johnson",Oceania,Corporate,Wollongong,Yunnan,India,APAC,APAC
AJ-107952,"Anthony Johnson",South,Corporate,Wigan,Rhône-Alpes,"United Kingdom",EU,EU
AJ-107953,"Anthony Johnson",South,Corporate,"San Miguelito",Panama,Panama,LATAM,LATAM
AJ-107954,"Anthony Johnson",West,Corporate,Springfield,Washington,"United States",US,"North America"
AJ-109451,"Ashley Jarboe","Southeast Asia",Consumer,Wuhan,"Uttar Pradesh",Philippines,APAC,APAC
AJ-109452,"Ashley Jarboe",North,Consumer,Turku,Rhône-Alpes,"United Kingdom",EU,EU
AJ-109453,"Ashley Jarboe",South,Consumer,Tinaquillo,Tamaulipas,Venezuela,LATAM,LATAM
AJ-109454,"Ashley Jarboe",West,Consumer,Wilmington,"North Carolina","United States",US,"North America"
AJ-109601,"Astrea Jones","Southeast Asia",Consumer,Wollongong,"Tamil Nadu","New Zealand",APAC,APAC
AJ-109602,"Astrea Jones",South,Consumer,Strasbourg,"Trentino-Alto Adige",Spain,EU,EU
AJ-109603,"Astrea Jones",Central,Consumer,"Santo Domingo","Santo Domingo",Honduras,LATAM,LATAM
AJ-109604,"Astrea Jones",West,Consumer,"San Diego","New York","United States",US,"North America"
AJ-7801,"Anthony Jacobs",Africa,Corporate,Maiduguri,Lagos,Senegal,Africa,Africa
AJ-7802,"Anthony Jacobs",Canada,Corporate,Brampton,Ontario,Canada,Canada,"North America"
AJ-7803,"Anthony Jacobs",EMEA,Corporate,Shahriar,Tehran,Russia,EMEA,EMEA
AJ-7951,"Anthony Johnson",Africa,Corporate,Sale,Rabat-Salé-Zemmour-Zaer,Sudan,Africa,Africa
AJ-7952,"Anthony Johnson",EMEA,Corporate,Tarnow,"Razavi Khorasan",Ukraine,EMEA,EMEA
AJ-9451,"Ashley Jarboe",Africa,Consumer,Saint-Louis,Saint-Louis,Somalia,Africa,Africa
AJ-9452,"Ashley Jarboe",EMEA,Consumer,Sumy,Sumy,Ukraine,EMEA,EMEA
AJ-9601,"Astrea Jones",Africa,Consumer,Onitsha,Nord,Nigeria,Africa,Africa
AJ-9602,"Astrea Jones",EMEA,Consumer,Izmir,Izmir,Turkey,EMEA,EMEA
AM-103601,"Alice McCarthy","Southeast Asia",Corporate,Tawau,Singapore,Singapore,APAC,APAC
AM-103602,"Alice McCarthy",South,Corporate,Warrington,Stockholm,"United Kingdom",EU,EU
AM-103603,"Alice McCarthy",South,Corporate,Tegucigalpa,Santiago,Peru,LATAM,LATAM
AM-103604,"Alice McCarthy",West,Corporate,Omaha,Texas,"United States",US,"North America"
AM-107051,"Anne McFarland","Southeast Asia",Consumer,Shanghai,Victoria,Vietnam,APAC,APAC
AM-107052,"Anne McFarland",South,Consumer,Zurich,Zürich,"United Kingdom",EU,EU
AM-107053,"Anne McFarland",North,Consumer,Sonsonate,Sonsonate,Mexico,LATAM,LATAM
AM-107054,"Anne McFarland",West,Consumer,Seattle,Washington,"United States",US,"North America"
AM-3601,"Alice McCarthy",Africa,Corporate,Maiduguri,"Western Cape","South Africa",Africa,Africa
AM-3602,"Alice McCarthy",EMEA,Corporate,Vienna,Vienna,Mongolia,EMEA,EMEA
AM-7051,"Anne McFarland",Africa,Consumer,Kumasi,Lagunes,Ghana,Africa,Africa
AM-7052,"Anne McFarland",Canada,Consumer,Mississauga,Ontario,Canada,Canada,"North America"
AM-7053,"Anne McFarland",EMEA,Consumer,Mazyr,Homyel',Belarus,EMEA,EMEA
AO-108101,"Anthony O'Donnell","Southeast Asia",Corporate,Sydney,"Western Australia","South Korea",APAC,APAC
AO-108102,"Anthony O'Donnell",South,Corporate,Seville,Sardinia,"United Kingdom",EU,EU
AO-108103,"Anthony O'Donnell",South,Corporate,Victoria,Veracruz,Mexico,LATAM,LATAM
AO-108104,"Anthony O'Donnell",West,Corporate,"Los Angeles",California,"United States",US,"North America"
AO-8101,"Anthony O'Donnell",Africa,Corporate,Minna,Niger,Nigeria,Africa,Africa
AO-8102,"Anthony O'Donnell",Canada,Corporate,"North York",Ontario,Canada,Canada,"North America"
AO-8103,"Anthony O'Donnell",EMEA,Corporate,"Tel Aviv","Tel Aviv","Saudi Arabia",EMEA,EMEA
AP-107201,"Anne Pryor","Southeast Asia","Home Office",Shanghai,Taranaki,Thailand,APAC,APAC
AP-107202,"Anne Pryor",North,"Home Office","Le Havre","Upper Normandy","United Kingdom",EU,EU
AP-107203,"Anne Pryor",South,"Home Office",Tipitapa,Santiago,Nicaragua,LATAM,LATAM
AP-107204,"Anne Pryor",West,"Home Office",Philadelphia,Texas,"United States",US,"North America"
AP-109151,"Arthur Prichep","Southeast Asia",Consumer,Thane,Sichuan,"New Zealand",APAC,APAC
AP-109152,"Arthur Prichep",South,Consumer,Venice,Veneto,"United Kingdom",EU,EU
AP-109153,"Arthur Prichep",South,Consumer,Tipitapa,Yucatán,Nicaragua,LATAM,LATAM
AP-109154,"Arthur Prichep",West,Consumer,Seattle,Washington,"United States",US,"North America"
AP-7201,"Anne Pryor",Africa,"Home Office",Casablanca,"Grand Casablanca",Zimbabwe,Africa,Africa
AP-7202,"Anne Pryor",EMEA,"Home Office",Ekibastuz,Pavlodar,Kazakhstan,EMEA,EMEA
AP-9151,"Arthur Prichep",Africa,Consumer,Khartoum,Khartoum,Tanzania,Africa,Africa
AP-9152,"Arthur Prichep",EMEA,Consumer,Mamak,Chisinau,Turkey,EMEA,EMEA
AR-103451,"Alex Russell","Southeast Asia",Corporate,Sydney,Singapore,Vietnam,APAC,APAC
AR-103452,"Alex Russell",South,Corporate,Villeneuve-d'Ascq,Vienna,"United Kingdom",EU,EU
AR-103453,"Alex Russell",South,Corporate,"Presidente Dutra",Sergipe,Mexico,LATAM,LATAM
AR-103454,"Alex Russell",East,Corporate,Philadelphia,Texas,"United States",US,"North America"
AR-104051,"Allen Rosenblatt","Southeast Asia",Corporate,Xiangtan,Victoria,Philippines,APAC,APAC
AR-104052,"Allen Rosenblatt",South,Corporate,Vienna,Vienna,Portugal,EU,EU
AR-104053,"Allen Rosenblatt",South,Corporate,Torreón,Managua,Nicaragua,LATAM,LATAM
AR-104054,"Allen Rosenblatt",West,Corporate,Trenton,"New York","United States",US,"North America"
AR-105101,"Andrew Roberts","Southeast Asia",Consumer,Wollongong,Tianjin,Vietnam,APAC,APAC
AR-105102,"Andrew Roberts",South,Consumer,Velletri,Rogaland,Spain,EU,EU
AR-105103,"Andrew Roberts",South,Consumer,"Villa Nueva",Valparaíso,Nicaragua,LATAM,LATAM
AR-105104,"Andrew Roberts",West,Consumer,Tulsa,Pennsylvania,"United States",US,"North America"
AR-105401,"Andy Reiter","Southeast Asia",Consumer,Shenzhen,"West Bengal",Philippines,APAC,APAC
AR-105402,"Andy Reiter",Central,Consumer,Vernon,"Upper Normandy",France,EU,EU
AR-105403,"Andy Reiter",North,Consumer,Toluca,"Santo Domingo",Mexico,LATAM,LATAM
AR-105404,"Andy Reiter",West,Consumer,Woonsocket,"Rhode Island","United States",US,"North America"
AR-105701,"Anemone Ratner","Southeast Asia",Consumer,Yangon,Yangon,Philippines,APAC,APAC
AR-105702,"Anemone Ratner",South,Consumer,"Torre del Greco",Uusimaa,Italy,EU,EU
AR-105703,"Anemone Ratner",South,Consumer,Tegucigalpa,"Santo Domingo",Mexico,LATAM,LATAM
AR-105704,"Anemone Ratner",South,Consumer,Columbus,Georgia,"United States",US,"North America"
AR-108251,"Anthony Rawles","Southeast Asia",Corporate,Pune,"Western Australia",Indonesia,APAC,APAC
AR-108252,"Anthony Rawles",South,Corporate,Villeneuve-le-Roi,Sicily,"United Kingdom",EU,EU
AR-108253,"Anthony Rawles",South,Corporate,"São Miguel dos Campos",Zulia,Venezuela,LATAM,LATAM
AR-108254,"Anthony Rawles",West,Corporate,Vancouver,Washington,"United States",US,"North America"
AR-3451,"Alex Russell",Africa,Corporate,Kigali,Kigali,Zambia,Africa,Africa
AR-3452,"Alex Russell",EMEA,Corporate,Warsaw,Masovia,Turkey,EMEA,EMEA
AR-4051,"Allen Rosenblatt",Africa,Corporate,Kinshasa,Kinshasa,Senegal,Africa,Africa
AR-4052,"Allen Rosenblatt",EMEA,Corporate,Gaziantep,Pavlodar,Ukraine,EMEA,EMEA
AR-5101,"Andrew Roberts",Africa,Consumer,Sale,Rabat-Salé-Zemmour-Zaer,Morocco,Africa,Africa
AR-5102,"Andrew Roberts",EMEA,Consumer,Yazd,Yazd,Ukraine,EMEA,EMEA
AR-5401,"Andy Reiter",Africa,Consumer,Nairobi,Nairobi,Morocco,Africa,Africa
AR-5402,"Andy Reiter",EMEA,Consumer,Van,Van,Turkey,EMEA,EMEA
AR-5701,"Anemone Ratner",Africa,Consumer,Mostaganem,Mostaganem,"Democratic Republic of the Congo",Africa,Africa
AR-5702,"Anemone Ratner",EMEA,Consumer,Shiraz,"Razavi Khorasan","Saudi Arabia",EMEA,EMEA
AR-8251,"Anthony Rawles",Africa,Corporate,Lagos,Lagos,Nigeria,Africa,Africa
AR-8252,"Anthony Rawles",EMEA,Corporate,Riyadh,"Razavi Khorasan",Turkey,EMEA,EMEA
AS-100451,"Aaron Smayling","Southeast Asia",Corporate,Surabaya,Singapore,Singapore,APAC,APAC
AS-100452,"Aaron Smayling",South,Corporate,Stockholm,Stockholm,"United Kingdom",EU,EU
AS-100453,"Aaron Smayling",South,Corporate,"Panama City",Panama,Panama,LATAM,LATAM
AS-100454,"Aaron Smayling",West,Corporate,"San Francisco",Virginia,"United States",US,"North America"
AS-100901,"Adam Shillingsburg",Oceania,Consumer,Tianjin,Tianjin,India,APAC,APAC
AS-100902,"Adam Shillingsburg",South,Consumer,Segovia,"North Brabant","United Kingdom",EU,EU
AS-100903,"Adam Shillingsburg",South,Consumer,Valinhos,Sonora,Peru,LATAM,LATAM
AS-100904,"Adam Shillingsburg",West,Consumer,Springfield,Virginia,"United States",US,"North America"
AS-101351,"Adrian Shami","Southeast Asia","Home Office",Yangon,Yangon,Vietnam,APAC,APAC
AS-101352,"Adrian Shami",Central,"Home Office",Munich,Picardy,Netherlands,EU,EU
AS-101353,"Adrian Shami",North,"Home Office","Santo Domingo","Santo Domingo",Mexico,LATAM,LATAM
AS-101354,"Adrian Shami",West,"Home Office","New York City",Washington,"United States",US,"North America"
AS-102251,"Alan Schoenberger","Southeast Asia",Corporate,Yangon,Yangon,Vietnam,APAC,APAC
AS-102252,"Alan Schoenberger",South,Corporate,Villefontaine,Rhône-Alpes,"United Kingdom",EU,EU
AS-102253,"Alan Schoenberger",South,Corporate,"São Paulo",Sucre,Venezuela,LATAM,LATAM
AS-102254,"Alan Schoenberger",West,Corporate,"San Francisco",Utah,"United States",US,"North America"
AS-102401,"Alan Shonely","Southeast Asia",Consumer,Whyalla,Victoria,Vietnam,APAC,APAC
AS-102402,"Alan Shonely",South,Consumer,Venice,Veneto,Italy,EU,EU
AS-102403,"Alan Shonely",South,Consumer,"Villa Frontera",Sinaloa,Mexico,LATAM,LATAM
AS-102404,"Alan Shonely",West,Consumer,Tampa,Virginia,"United States",US,"North America"
AS-102851,"Alejandro Savely",Oceania,Corporate,Zhumadian,Wellington,"New Zealand",APAC,APAC
AS-102852,"Alejandro Savely",South,Corporate,Valencia,Valenciana,Spain,EU,EU
AS-102853,"Alejandro Savely",South,Corporate,Tlalnepantla,"São Paulo",Panama,LATAM,LATAM
AS-102854,"Alejandro Savely",West,Corporate,Seattle,Washington,"United States",US,"North America"
AS-106301,"Ann Steele","Southeast Asia","Home Office",Zhengzhou,"West Bengal","New Zealand",APAC,APAC
AS-106302,"Ann Steele",North,"Home Office",Stavanger,Rogaland,Norway,EU,EU
AS-106303,"Ann Steele",South,"Home Office",Montevideo,Montevideo,Uruguay,LATAM,LATAM
AS-106304,"Ann Steele",West,"Home Office",Seattle,Washington,"United States",US,"North America"
AS-1351,"Adrian Shami",Canada,"Home Office",Edmonton,Alberta,Canada,Canada,"North America"
AS-1352,"Adrian Shami",EMEA,"Home Office",Etimesgut,Southern,Turkey,EMEA,EMEA
AS-2251,"Alan Schoenberger",Africa,Corporate,Lagos,Nord,Nigeria,Africa,Africa
AS-2252,"Alan Schoenberger",Canada,Corporate,Regina,Saskatchewan,Canada,Canada,"North America"
AS-2253,"Alan Schoenberger",EMEA,Corporate,Semnan,Semnan,"Saudi Arabia",EMEA,EMEA
AS-2401,"Alan Shonely",Canada,Consumer,Vaughan,Ontario,Canada,Canada,"North America"
AS-2402,"Alan Shonely",EMEA,Consumer,Zaporizhzhya,Zaporizhzhya,Ukraine,EMEA,EMEA
AS-2851,"Alejandro Savely",Africa,Corporate,Nkongsamba,Rabat-Salé-Zemmour-Zaer,Zimbabwe,Africa,Africa
AS-2852,"Alejandro Savely",EMEA,Corporate,Riyadh,Mykolayiv,Ukraine,EMEA,EMEA
AS-451,"Aaron Smayling",Africa,Corporate,Chimoio,"Western Cape","South Africa",Africa,Africa
AS-452,"Aaron Smayling",EMEA,Corporate,Bagcilar,Istanbul,Turkey,EMEA,EMEA
AS-6301,"Ann Steele",Africa,"Home Office",Onitsha,Maritime,Togo,Africa,Africa
AS-6302,"Ann Steele",EMEA,"Home Office",Ordu,Ordu,Turkey,EMEA,EMEA
AS-901,"Adam Shillingsburg",Africa,Consumer,Sale,"Western Cape","South Africa",Africa,Africa
AT-104351,"Alyssa Tate","Southeast Asia","Home Office",Surakarta,Karnataka,Indonesia,APAC,APAC
AT-104352,"Alyssa Tate",South,"Home Office",Vienna,Vienna,Spain,EU,EU
AT-104353,"Alyssa Tate",South,"Home Office",Toluca,Sonora,Venezuela,LATAM,LATAM
AT-104354,"Alyssa Tate",West,"Home Office",Tamarac,Ohio,"United States",US,"North America"
AT-107351,"Annie Thurman","Southeast Asia",Consumer,Singapore,"Tỉnh Cần Thơ",Vietnam,APAC,APAC
AT-107352,"Annie Thurman",North,Consumer,Paderborn,"Provence-Alpes-Côte d'Azur","United Kingdom",EU,EU
AT-107353,"Annie Thurman",South,Consumer,Villahermosa,"Villa Clara",Mexico,LATAM,LATAM
AT-107354,"Annie Thurman",West,Consumer,Stockton,Washington,"United States",US,"North America"
AT-4351,"Alyssa Tate",Africa,"Home Office",Kinshasa,"Western Cape","South Africa",Africa,Africa
AT-4352,"Alyssa Tate",EMEA,"Home Office","Ulan Bator",Ulaanbaatar,Turkey,EMEA,EMEA
AT-7351,"Annie Thurman",Africa,Consumer,Rabat,Rabat-Salé-Zemmour-Zaer,Morocco,Africa,Africa
AT-7352,"Annie Thurman",EMEA,Consumer,Vinnytsya,Vinnytsya,Ukraine,EMEA,EMEA
AW-108401,"Anthony Witt",Oceania,Consumer,Wuhan,Rajasthan,Pakistan,APAC,APAC
AW-108402,"Anthony Witt",South,Consumer,"Sesto San Giovanni",Rhône-Alpes,Netherlands,EU,EU
AW-108403,"Anthony Witt",South,Consumer,Torreón,Zacatecas,Nicaragua,LATAM,LATAM
AW-108404,"Anthony Witt",West,Consumer,Philadelphia,Texas,"United States",US,"North America"
AW-109301,"Arthur Wiediger","Southeast Asia","Home Office",Palembang,"Sumatera Selatan",Indonesia,APAC,APAC
AW-109302,"Arthur Wiediger",South,"Home Office",Paris,Wales,"United Kingdom",EU,EU
AW-109303,"Arthur Wiediger",South,"Home Office","São Paulo","São Paulo",Panama,LATAM,LATAM
AW-109304,"Arthur Wiediger",West,"Home Office","San Francisco",Texas,"United States",US,"North America"
AW-8401,"Anthony Witt",EMEA,Consumer,Timisoara,Timis,Turkey,EMEA,EMEA
AW-9301,"Arthur Wiediger",Africa,"Home Office",Dakar,Souss-Massa-Draâ,Senegal,Africa,Africa
AW-9302,"Arthur Wiediger",EMEA,"Home Office",Istanbul,Istanbul,Turkey,EMEA,EMEA
AY-105551,"Andy Yotov",Oceania,Corporate,Sylhet,"Uttar Pradesh",Japan,APAC,APAC
AY-105552,"Andy Yotov",North,Corporate,Ratingen,Rhône-Alpes,"United Kingdom",EU,EU
AY-105553,"Andy Yotov",North,Corporate,Mixco,"San Salvador",Nicaragua,LATAM,LATAM
AY-105554,"Andy Yotov",West,Corporate,"San Francisco",Pennsylvania,"United States",US,"North America"
AY-5551,"Andy Yotov",Africa,Corporate,Nguigmi,Lagos,"South Africa",Africa,Africa
AY-5552,"Andy Yotov",EMEA,Corporate,Zahedan,Voronezh,Turkey,EMEA,EMEA
AZ-107501,"Annie Zypern",Oceania,Consumer,Wuhan,"Western Australia",China,APAC,APAC
AZ-107502,"Annie Zypern",North,Consumer,Wattrelos,Stockholm,Sweden,EU,EU
AZ-107503,"Annie Zypern",South,Consumer,Vacaria,"Rio Grande do Sul",Nicaragua,LATAM,LATAM
AZ-107504,"Annie Zypern",West,Consumer,Wheeling,Texas,"United States",US,"North America"
AZ-7501,"Annie Zypern",Africa,Consumer,Nampula,Niger,Nigeria,Africa,Africa
AZ-7502,"Annie Zypern",Canada,Consumer,Ottawa,Ontario,Canada,Canada,"North America"
AZ-7503,"Annie Zypern",EMEA,Consumer,Uskudar,Ninawa,Ukraine,EMEA,EMEA
BB-109901,"Barry Blumstein","Southeast Asia",Corporate,Wellington,Wellington,Thailand,APAC,APAC
BB-109902,"Barry Blumstein",South,Corporate,Piacenza,Saxony-Anhalt,Italy,EU,EU
BB-109903,"Barry Blumstein",South,Corporate,Zapopan,"Santo Domingo",Panama,LATAM,LATAM
BB-109904,"Barry Blumstein",West,Corporate,Toledo,Texas,"United States",US,"North America"
BB-115451,"Brenda Bowman",Oceania,Corporate,Townsville,Queensland,"New Zealand",APAC,APAC
BB-115452,"Brenda Bowman",South,Corporate,Vienna,Vienna,Portugal,EU,EU
BB-115453,"Brenda Bowman",South,Corporate,Villahermosa,Tabasco,Mexico,LATAM,LATAM
BB-115454,"Brenda Bowman",West,Corporate,Vineland,Texas,"United States",US,"North America"
BB-15451,"Brenda Bowman",Africa,Corporate,Sale,Rabat-Salé-Zemmour-Zaer,Zambia,Africa,Africa
BB-15452,"Brenda Bowman",EMEA,Corporate,Jerusalem,Jerusalem,Turkey,EMEA,EMEA
BB-9901,"Barry Blumstein",Africa,Corporate,Windhoek,"Red Sea",Sudan,Africa,Africa
BB-9902,"Barry Blumstein",EMEA,Corporate,Riyadh,Prahova,Turkey,EMEA,EMEA
BC-111251,"Becky Castell",Oceania,"Home Office",Whangarei,Northland,"New Zealand",APAC,APAC
BC-111252,"Becky Castell",South,"Home Office",Valladolid,Valenciana,"United Kingdom",EU,EU
BC-111253,"Becky Castell",South,"Home Office",Tegucigalpa,Mendoza,Mexico,LATAM,LATAM
BC-111254,"Becky Castell",West,"Home Office",Troy,Texas,"United States",US,"North America"
BC-11251,"Becky Castell",Africa,"Home Office",Nouakchott,Nouakchott,Senegal,Africa,Africa
BC-11252,"Becky Castell",EMEA,"Home Office",Istanbul,Istanbul,Turkey,EMEA,EMEA
BD-113201,"Bill Donatelli","Southeast Asia",Consumer,Xi'an,Tasmania,Philippines,APAC,APAC
BD-113202,"Bill Donatelli",North,Consumer,Pontoise,Saxony,"United Kingdom",EU,EU
BD-113203,"Bill Donatelli",South,Consumer,Zapopan,Veracruz,Mexico,LATAM,LATAM
BD-113204,"Bill Donatelli",West,Consumer,Woodland,Washington,"United States",US,"North America"
BD-115001,"Bradley Drucker","Southeast Asia",Consumer,Tottori,"Western Australia",Malaysia,APAC,APAC
BD-115002,"Bradley Drucker",South,Consumer,Trieste,Umbria,"United Kingdom",EU,EU
BD-115003,"Bradley Drucker",South,Consumer,Tatuí,"São Paulo",Nicaragua,LATAM,LATAM
BD-115004,"Bradley Drucker",West,Consumer,"San Francisco",Wisconsin,"United States",US,"North America"
BD-115601,"Brendan Dodson","Southeast Asia","Home Office",Yangon,Yangon,Singapore,APAC,APAC
BD-115602,"Brendan Dodson",South,"Home Office",Vienna,Vienna,"United Kingdom",EU,EU
BD-115603,"Brendan Dodson",South,"Home Office","Santo Domingo","Santo Domingo",Nicaragua,LATAM,LATAM
BD-115604,"Brendan Dodson",West,"Home Office",Springfield,Virginia,"United States",US,"North America"
BD-116051,"Brian Dahlen","Southeast Asia",Consumer,Newcastle,"South Australia",Thailand,APAC,APAC
BD-116052,"Brian Dahlen",South,Consumer,Hamburg,Hamburg,"United Kingdom",EU,EU
BD-116053,"Brian Dahlen",South,Consumer,Tipitapa,"São Paulo",Nicaragua,LATAM,LATAM
BD-116054,"Brian Dahlen",West,Consumer,Springfield,Virginia,"United States",US,"North America"
BD-116201,"Brian DeCherney","Southeast Asia",Consumer,Shenyang,Victoria,Philippines,APAC,APAC
BD-116202,"Brian DeCherney",South,Consumer,Vienna,Vienna,Spain,EU,EU
BD-116203,"Brian DeCherney",South,Consumer,Tehuacán,Santiago,Mexico,LATAM,LATAM
BD-116204,"Brian DeCherney",West,Consumer,Wilmington,Pennsylvania,"United States",US,"North America"
BD-116351,"Brian Derr","Southeast Asia",Consumer,Perth,"Western Australia",Vietnam,APAC,APAC
BD-116352,"Brian Derr",South,Consumer,Zaanstad,Utrecht,"United Kingdom",EU,EU
BD-116353,"Brian Derr",North,Consumer,"Villa Canales",México,Mexico,LATAM,LATAM
BD-116354,"Brian Derr",South,Consumer,"New York City",Ohio,"United States",US,"North America"
BD-117251,"Bruce Degenhardt","Southeast Asia",Consumer,Wollongong,"Tamil Nadu",Philippines,APAC,APAC
BD-117252,"Bruce Degenhardt",North,Consumer,Wolverhampton,Vienna,"United Kingdom",EU,EU
BD-117253,"Bruce Degenhardt",South,Consumer,Soyapango,"Santo Domingo",Mexico,LATAM,LATAM
BD-117254,"Bruce Degenhardt",West,Consumer,"San Francisco",Ohio,"United States",US,"North America"
BD-117701,"Bryan Davis","Southeast Asia",Consumer,Hanoi,Zhejiang,Vietnam,APAC,APAC
BD-117702,"Bryan Davis",North,Consumer,Vienna,Vienna,Ireland,EU,EU
BD-117703,"Bryan Davis",South,Consumer,"San Salvador","San Salvador",Venezuela,LATAM,LATAM
BD-117704,"Bryan Davis",West,Consumer,Philadelphia,Washington,"United States",US,"North America"
BD-13201,"Bill Donatelli",Africa,Consumer,Sale,Rabat-Salé-Zemmour-Zaer,Morocco,Africa,Africa
BD-13202,"Bill Donatelli",EMEA,Consumer,Qaraghandy,Qaraghandy,Poland,EMEA,EMEA
BD-15001,"Bradley Drucker",Africa,Consumer,Larache,Tanger-Tétouan,Zimbabwe,Africa,Africa
BD-15601,"Brendan Dodson",Africa,"Home Office",Yaounde,Kano,Nigeria,Africa,Africa
BD-15602,"Brendan Dodson",EMEA,"Home Office",Prague,Silesia,Russia,EMEA,EMEA
BD-16051,"Brian Dahlen",Africa,Consumer,Yaounde,Medea,"Democratic Republic of the Congo",Africa,Africa
BD-16052,"Brian Dahlen",EMEA,Consumer,Mosul,"Tel Aviv",Israel,EMEA,EMEA
BD-16201,"Brian DeCherney",Africa,Consumer,Lichinga,Niassa,"South Africa",Africa,Africa
BD-16202,"Brian DeCherney",EMEA,Consumer,Warsaw,Sofiya-Grad,"Saudi Arabia",EMEA,EMEA
BD-16351,"Brian Derr",Africa,Consumer,Randfontein,Ogun,Tanzania,Africa,Africa
BD-16352,"Brian Derr",EMEA,Consumer,Najafabad,Maysan,Turkey,EMEA,EMEA
BD-17251,"Bruce Degenhardt",Africa,Consumer,Luanda,"Red Sea",Sudan,Africa,Africa
BD-17252,"Bruce Degenhardt",EMEA,Consumer,Zagreb,"Tel Aviv",Turkey,EMEA,EMEA
BD-17701,"Bryan Davis",Africa,Consumer,Marrakech,"Marrakech-Tensift-El Haouz",Morocco,Africa,Africa
BD-17702,"Bryan Davis",EMEA,Consumer,Trabzon,Trabzon,Turkey,EMEA,EMEA
BE-113351,"Bill Eplett","Southeast Asia","Home Office",Taiyuan,"Western Australia",Vietnam,APAC,APAC
BE-113352,"Bill Eplett",South,"Home Office",Vaulx-en-Velin,"Upper Normandy","United Kingdom",EU,EU
BE-113353,"Bill Eplett",South,"Home Office",Tlalpan,"Santo Domingo",Mexico,LATAM,LATAM
BE-113354,"Bill Eplett",West,"Home Office","San Francisco",Texas,"United States",US,"North America"
BE-114101,"Bobby Elias","Southeast Asia",Consumer,Xuzhou,Trengganu,Vietnam,APAC,APAC
BE-114102,"Bobby Elias",South,Consumer,Wiesbaden,Scotland,"United Kingdom",EU,EU
BE-114103,"Bobby Elias",South,Consumer,Tegucigalpa,Veracruz,Venezuela,LATAM,LATAM
BE-114104,"Bobby Elias",West,Consumer,Miami,Wisconsin,"United States",US,"North America"
BE-114551,"Brad Eason","Southeast Asia","Home Office",Yunyang,"Uttar Pradesh",Philippines,APAC,APAC
BE-114552,"Brad Eason",South,"Home Office",Vienna,Vienna,"United Kingdom",EU,EU
BE-114553,"Brad Eason",North,"Home Office","Santiago de los Caballeros",Santiago,Panama,LATAM,LATAM
BE-114554,"Brad Eason",East,"Home Office",Springfield,"Rhode Island","United States",US,"North America"
BE-13351,"Bill Eplett",Africa,"Home Office",Kampala,"Vallee Du Bandama",Uganda,Africa,Africa
BE-13352,"Bill Eplett",EMEA,"Home Office",Zlatoust,Silesia,Turkey,EMEA,EMEA
BE-14101,"Bobby Elias",Africa,Consumer,Shinyanga,Shinyanga,Tanzania,Africa,Africa
BE-14102,"Bobby Elias",EMEA,Consumer,Riyadh,L'viv,Ukraine,EMEA,EMEA
BE-14551,"Brad Eason",Africa,"Home Office",Huambo,Huambo,Angola,Africa,Africa
BE-14552,"Brad Eason",EMEA,"Home Office",Zagreb,"Grad Zagreb",Croatia,EMEA,EMEA
BF-10051,"Barry Franz",Africa,"Home Office",Niamey,Niamey,Niger,Africa,Africa
BF-10052,"Barry Franz",EMEA,"Home Office",Almaty,"Almaty City",Kazakhstan,EMEA,EMEA
BF-10201,"Barry Französisch",Africa,Corporate,Yamoussoukro,"Western Cape","South Africa",Africa,Africa
BF-10202,"Barry Französisch",EMEA,Corporate,Diyarbakir,Diyarbakir,Turkey,EMEA,EMEA
BF-10801,"Bart Folk",Africa,Consumer,Safi,Lagos,Nigeria,Africa,Africa
BF-10802,"Bart Folk",Canada,Consumer,Edmonton,Alberta,Canada,Canada,"North America"
BF-10803,"Bart Folk",EMEA,Consumer,Riyadh,Bursa,Turkey,EMEA,EMEA
BF-109751,"Barbara Fisher","Southeast Asia",Corporate,Sydney,Queensland,"South Korea",APAC,APAC
BF-109752,"Barbara Fisher",Central,Corporate,Vienna,Vienna,France,EU,EU
BF-109753,"Barbara Fisher",South,Corporate,"Tuxtla Gutiérrez","Santo Domingo",Mexico,LATAM,LATAM
BF-109754,"Barbara Fisher",South,Corporate,Vineland,Pennsylvania,"United States",US,"North America"
BF-110051,"Barry Franz","Southeast Asia","Home Office",Valenzuela,Wellington,Thailand,APAC,APAC
BF-110052,"Barry Franz",Central,"Home Office",Zeist,Utrecht,Netherlands,EU,EU
BF-110053,"Barry Franz",South,"Home Office","San Salvador","São Paulo",Venezuela,LATAM,LATAM
BF-110054,"Barry Franz",West,"Home Office",Pasadena,Texas,"United States",US,"North America"
BF-110201,"Barry Französisch","Southeast Asia",Corporate,Jakarta,Rajasthan,Indonesia,APAC,APAC
BF-110202,"Barry Französisch",South,Corporate,Soissons,"South Holland",Spain,EU,EU
BF-110203,"Barry Französisch",South,Corporate,"São Paulo",Veracruz,Peru,LATAM,LATAM
BF-110204,"Barry Französisch",West,Corporate,Seattle,Wisconsin,"United States",US,"North America"
BF-110801,"Bart Folk","Southeast Asia",Consumer,Seoul,"South Australia",Thailand,APAC,APAC
BF-110802,"Bart Folk",South,Consumer,Marseille,Rhineland-Palatinate,Spain,EU,EU
BF-110803,"Bart Folk",South,Consumer,Mexicali,Sinaloa,Peru,LATAM,LATAM
BF-110804,"Bart Folk",South,Consumer,"New York City","New York","United States",US,"North America"
BF-111701,"Ben Ferrer","Southeast Asia","Home Office",Surabaya,Zhejiang,Philippines,APAC,APAC
BF-111702,"Ben Ferrer",South,"Home Office",Unna,Tuscany,"United Kingdom",EU,EU
BF-111703,"Ben Ferrer",North,"Home Office",Victoria,Tamaulipas,Mexico,LATAM,LATAM
BF-111704,"Ben Ferrer",West,"Home Office","San Francisco",Texas,"United States",US,"North America"
BF-112151,"Benjamin Farhat","Southeast Asia","Home Office",Sydney,"Western Australia",Vietnam,APAC,APAC
BF-112152,"Benjamin Farhat",South,"Home Office",Villeneuve-sur-Lot,Vienna,Italy,EU,EU
BF-112153,"Benjamin Farhat",South,"Home Office","Santa Clara","Villa Clara",Panama,LATAM,LATAM
BF-112154,"Benjamin Farhat",West,"Home Office","New York City",Texas,"United States",US,"North America"
BF-112751,"Beth Fritzler",Oceania,Corporate,Tauranga,"Bay of Plenty","New Zealand",APAC,APAC
BF-112752,"Beth Fritzler",South,Corporate,Thiais,Scotland,"United Kingdom",EU,EU
BF-112753,"Beth Fritzler",South,Corporate,Tegucigalpa,"Santiago de Cuba",Panama,LATAM,LATAM
BF-112754,"Beth Fritzler",West,Corporate,Tucson,Georgia,"United States",US,"North America"
BF-11701,"Ben Ferrer",Africa,"Home Office",Ndola,"Grand Casablanca",Zambia,Africa,Africa
BF-11702,"Ben Ferrer",EMEA,"Home Office",Warsaw,Silesia,Russia,EMEA,EMEA
BF-12151,"Benjamin Farhat",Africa,"Home Office",Kenitra,Oyo,Zimbabwe,Africa,Africa
BF-12751,"Beth Fritzler",Africa,Corporate,Antananarivo,Analamanga,Madagascar,Africa,Africa
BF-12752,"Beth Fritzler",EMEA,Corporate,Zaporizhzhya,Zaporizhzhya,Ukraine,EMEA,EMEA
BF-9751,"Barbara Fisher",Africa,Corporate,Zaria,"White Nile",Sudan,Africa,Africa
BF-9752,"Barbara Fisher",EMEA,Corporate,Malatya,Malatya,Ukraine,EMEA,EMEA
BG-10351,"Barry Gonzalez",EMEA,Consumer,Panevezys,Panevezys,Lithuania,EMEA,EMEA
BG-110351,"Barry Gonzalez","Southeast Asia",Consumer,Thane,Tasmania,Singapore,APAC,APAC
BG-110352,"Barry Gonzalez",South,Consumer,Pescara,Uusimaa,"United Kingdom",EU,EU
BG-110353,"Barry Gonzalez",South,Consumer,"Villa Nueva","Santo Domingo",Panama,LATAM,LATAM
BG-110354,"Barry Gonzalez",South,Consumer,"The Colony",Virginia,"United States",US,"North America"
BG-116951,"Brooke Gillingham","Southeast Asia",Corporate,Yangon,Yangon,"Myanmar (Burma)",APAC,APAC
BG-116952,"Brooke Gillingham",Central,Corporate,Spijkenisse,"South Holland",Netherlands,EU,EU
BG-116953,"Brooke Gillingham",South,Corporate,"Puerto Padre",Sinaloa,Panama,LATAM,LATAM
BG-116954,"Brooke Gillingham",West,Corporate,Woodstock,Ohio,"United States",US,"North America"
BG-117401,"Bruce Geld","Southeast Asia",Consumer,Tongling,Victoria,Pakistan,APAC,APAC
BG-117402,"Bruce Geld",North,Consumer,Toulouse,Wales,"United Kingdom",EU,EU
BG-117403,"Bruce Geld",South,Consumer,Toluca,"San Salvador",Mexico,LATAM,LATAM
BG-117404,"Bruce Geld",West,Consumer,"San Diego",Texas,"United States",US,"North America"
BG-16951,"Brooke Gillingham",Africa,Corporate,Zaria,Lagos,Togo,Africa,Africa
BG-16952,"Brooke Gillingham",EMEA,Corporate,Zagreb,"Grad Zagreb",Croatia,EMEA,EMEA
BG-17401,"Bruce Geld",Africa,Consumer,Kigali,Kigali,Rwanda,Africa,Africa
BG-17402,"Bruce Geld",EMEA,Consumer,Mashhad,"Razavi Khorasan",Turkey,EMEA,EMEA
BH-117101,"Brosina Hoffman","Southeast Asia",Consumer,Toowoomba,"Sumatera Barat",Indonesia,APAC,APAC
BH-117102,"Brosina Hoffman",North,Consumer,Stockholm,Stockholm,"United Kingdom",EU,EU
BH-117103,"Brosina Hoffman",South,Consumer,Tijuana,"São Paulo",Mexico,LATAM,LATAM
BH-117104,"Brosina Hoffman",West,Consumer,Philadelphia,Tennessee,"United States",US,"North America"
BH-17101,"Brosina Hoffman",Africa,Consumer,Kinshasa,Kinshasa,Egypt,Africa,Africa
BH-17102,"Brosina Hoffman",EMEA,Consumer,Riyadh,Valcea,Turkey,EMEA,EMEA
BK-112601,"Berenike Kampe","Southeast Asia",Consumer,Yangon,Yangon,"South Korea",APAC,APAC
BK-112602,"Berenike Kampe",North,Consumer,Six-Fours-les-Plages,"Provence-Alpes-Côte d'Azur","United Kingdom",EU,EU
BK-112603,"Berenike Kampe",South,Consumer,"São Paulo","São Paulo",Peru,LATAM,LATAM
BK-112604,"Berenike Kampe",West,Consumer,"Santa Ana","New York","United States",US,"North America"
BK-12601,"Berenike Kampe",Africa,Consumer,Misratah,Misratah,Libya,Africa,Africa
BK-12602,"Berenike Kampe",EMEA,Consumer,Khasavyurt,Istanbul,Turkey,EMEA,EMEA
BM-111401,"Becky Martin","Southeast Asia",Consumer,Wollongong,Victoria,Japan,APAC,APAC
BM-111402,"Becky Martin",North,Consumer,Sheffield,"North Rhine-Westphalia","United Kingdom",EU,EU
BM-111403,"Becky Martin",South,Consumer,"San Salvador","Santa Catarina",Panama,LATAM,LATAM
BM-111404,"Becky Martin",West,Consumer,"Santa Barbara",Washington,"United States",US,"North America"
BM-11401,"Becky Martin",Africa,Consumer,Lagos,"Western Cape","South Africa",Africa,Africa
BM-11402,"Becky Martin",EMEA,Consumer,Kharkiv,Kharkiv,Ukraine,EMEA,EMEA
BM-115751,"Brendan Murry","Southeast Asia",Corporate,Queanbeyan,Zhejiang,Philippines,APAC,APAC
BM-115752,"Brendan Murry",Central,Corporate,Mulhouse,Picardy,France,EU,EU
BM-115753,"Brendan Murry",South,Corporate,Zapopan,Santiago,Nicaragua,LATAM,LATAM
BM-115754,"Brendan Murry",West,Corporate,"New York City","New York","United States",US,"North America"
BM-116501,"Brian Moss",Oceania,Corporate,Zhuzhou,"South Australia","New Zealand",APAC,APAC
BM-116502,"Brian Moss",South,Corporate,Seville,Stockholm,"United Kingdom",EU,EU
BM-116503,"Brian Moss",North,Corporate,"Santo Domingo","Santo Domingo",Mexico,LATAM,LATAM
BM-116504,"Brian Moss",West,Corporate,"San Diego",Wisconsin,"United States",US,"North America"
BM-117851,"Bryan Mills","Southeast Asia",Consumer,Zunyi,"Tamil Nadu","New Zealand",APAC,APAC
BM-117852,"Bryan Mills",South,Consumer,Zamora,Vienna,"United Kingdom",EU,EU
BM-117853,"Bryan Mills",South,Consumer,Tegucigalpa,Managua,Nicaragua,LATAM,LATAM
BM-117854,"Bryan Mills",West,Consumer,Seattle,Washington,"United States",US,"North America"
BM-15751,"Brendan Murry",Africa,Corporate,Nouakchott,Nouakchott,Mozambique,Africa,Africa
BM-15752,"Brendan Murry",EMEA,Corporate,Uman',Dnipropetrovs'k,Ukraine,EMEA,EMEA
BM-16501,"Brian Moss",Africa,Corporate,Ziguinchor,Ziguinchor,Senegal,Africa,Africa
BM-16502,"Brian Moss",Canada,Corporate,Vaughan,Ontario,Canada,Canada,"North America"
BM-16503,"Brian Moss",EMEA,Corporate,Radom,"Razavi Khorasan",Turkey,EMEA,EMEA
BM-17851,"Bryan Mills",Africa,Consumer,Oran,Oran,Zimbabwe,Africa,Africa
BM-17852,"Bryan Mills",EMEA,Consumer,Medina,Bishkek,"Saudi Arabia",EMEA,EMEA
BN-114701,"Brad Norvell","Southeast Asia",Corporate,Tianjin,Victoria,Vietnam,APAC,APAC
BN-114702,"Brad Norvell",South,Corporate,Worthing,Lorraine,"United Kingdom",EU,EU
BN-114703,"Brad Norvell",South,Corporate,Tijuana,"San Salvador",Venezuela,LATAM,LATAM
BN-114704,"Brad Norvell",West,Corporate,Philadelphia,Pennsylvania,"United States",US,"North America"
BN-115151,"Bradley Nguyen","Southeast Asia",Consumer,Yantai,"Thủ Dô Hà Nội",Vietnam,APAC,APAC
BN-115152,"Bradley Nguyen",North,Consumer,Roanne,Rhône-Alpes,"United Kingdom",EU,EU
BN-115153,"Bradley Nguyen",South,Consumer,Tegucigalpa,"Santiago de Cuba",Peru,LATAM,LATAM
BN-115154,"Bradley Nguyen",West,Consumer,Seattle,Washington,"United States",US,"North America"
BN-14701,"Brad Norvell",Africa,Corporate,Rabat,"Western Cape","South Africa",Africa,Africa
BN-14702,"Brad Norvell",EMEA,Corporate,Katowice,Silesia,Turkey,EMEA,EMEA
BN-15151,"Bradley Nguyen",Africa,Consumer,Centurion,"Grand Casablanca","South Africa",Africa,Africa
BN-15152,"Bradley Nguyen",EMEA,Consumer,Sanandaj,Kordestan,Turkey,EMEA,EMEA
BO-113501,"Bill Overfelt","Southeast Asia",Corporate,Suwon,"Western Australia","South Korea",APAC,APAC
BO-113502,"Bill Overfelt",North,Corporate,Tours,"South Dublin",Ireland,EU,EU
BO-113503,"Bill Overfelt",North,Corporate,Toluca,"San Salvador",Mexico,LATAM,LATAM
BO-113504,"Bill Overfelt",West,Corporate,"San Diego",Pennsylvania,"United States",US,"North America"
BO-114251,"Bobby Odegard","Southeast Asia",Consumer,Toowoomba,Rajasthan,Philippines,APAC,APAC
BO-114252,"Bobby Odegard",South,Consumer,Zaanstad,"South Holland",Spain,EU,EU
BO-114253,"Bobby Odegard",South,Consumer,"San Nicolás de los Arroyos","São Paulo",Mexico,LATAM,LATAM
BO-114254,"Bobby Odegard",South,Consumer,Richmond,"New York","United States",US,"North America"
BO-13501,"Bill Overfelt",Africa,Corporate,Niamey,Niamey,"South Africa",Africa,Africa
BO-13502,"Bill Overfelt",EMEA,Corporate,Igdir,Igdir,Turkey,EMEA,EMEA
BO-14251,"Bobby Odegard",Africa,Consumer,Sikasso,Sikasso,"South Africa",Africa,Africa
BO-14252,"Bobby Odegard",EMEA,Consumer,"Zielona Gora",Vilnius,Poland,EMEA,EMEA
BP-10501,"Barry Pond",Africa,Corporate,Lusaka,Lusaka,Zambia,Africa,Africa
BP-10502,"Barry Pond",EMEA,Corporate,Umraniye,Silesia,Turkey,EMEA,EMEA
BP-10951,"Bart Pistole",Africa,Corporate,Parakou,Yobe,Togo,Africa,Africa
BP-10952,"Bart Pistole",EMEA,Corporate,L'viv,L'viv,Ukraine,EMEA,EMEA
BP-110501,"Barry Pond",Oceania,Corporate,Xinxiang,Punjab,Pakistan,APAC,APAC
BP-110502,"Barry Pond",South,Corporate,Wiesbaden,Saxony,"United Kingdom",EU,EU
BP-110503,"Barry Pond",South,Corporate,Tlalpan,"Santo Domingo",Mexico,LATAM,LATAM
BP-110504,"Barry Pond",West,Corporate,Plainfield,"Rhode Island","United States",US,"North America"
BP-110951,"Bart Pistole","Southeast Asia",Corporate,Melbourne,Victoria,Thailand,APAC,APAC
BP-110952,"Bart Pistole",South,Corporate,Vitoria,Värmland,"United Kingdom",EU,EU
BP-110953,"Bart Pistole",South,Corporate,"Spanish Town",Veracruz,Nicaragua,LATAM,LATAM
BP-110954,"Bart Pistole",West,Corporate,"San Francisco",Texas,"United States",US,"North America"
BP-111551,"Becky Pak","Southeast Asia",Consumer,Weifang,Victoria,Indonesia,APAC,APAC
BP-111552,"Becky Pak",South,Consumer,London,"South Denmark","United Kingdom",EU,EU
BP-111553,"Becky Pak",North,Consumer,"Santo Domingo","Santo Domingo",Mexico,LATAM,LATAM
BP-111554,"Becky Pak",West,Consumer,"San Francisco",Pennsylvania,"United States",US,"North America"
BP-111851,"Ben Peterman","Southeast Asia",Corporate,Wuxi,"Sumatera Selatan",Indonesia,APAC,APAC
BP-111852,"Ben Peterman",South,Corporate,Valencia,Valenciana,"United Kingdom",EU,EU
BP-111853,"Ben Peterman",South,Corporate,"Tuxtla Gutiérrez",Tamaulipas,Mexico,LATAM,LATAM
BP-111854,"Ben Peterman",West,Corporate,Seattle,Washington,"United States",US,"North America"
BP-112301,"Benjamin Patterson","Southeast Asia",Consumer,Surat,Victoria,Vietnam,APAC,APAC
BP-112302,"Benjamin Patterson",South,Consumer,Treviso,Veneto,"United Kingdom",EU,EU
BP-112303,"Benjamin Patterson",South,Consumer,Toluca,Quindío,Mexico,LATAM,LATAM
BP-112304,"Benjamin Patterson",West,Consumer,Troy,Washington,"United States",US,"North America"
BP-112901,"Beth Paige","Southeast Asia",Consumer,Sydney,Singapore,Vietnam,APAC,APAC
BP-112902,"Beth Paige",South,Consumer,Torrevieja,Valenciana,"United Kingdom",EU,EU
BP-112903,"Beth Paige",South,Consumer,"Santo Domingo",Sinaloa,Panama,LATAM,LATAM
BP-112904,"Beth Paige",West,Consumer,Philadelphia,Pennsylvania,"United States",US,"North America"
BP-11551,"Becky Pak",Africa,Consumer,Rabat,Rabat-Salé-Zemmour-Zaer,Morocco,Africa,Africa
BP-11552,"Becky Pak",Canada,Consumer,Edmonton,Alberta,Canada,Canada,"North America"
BP-11553,"Becky Pak",EMEA,Consumer,Kumanovo,Pomerania,Poland,EMEA,EMEA
BP-11851,"Ben Peterman",Africa,Corporate,Yamoussoukro,Lacs,Uganda,Africa,Africa
BP-11852,"Ben Peterman",EMEA,Corporate,Sincan,Silesia,Turkey,EMEA,EMEA
BP-12301,"Benjamin Patterson",Africa,Consumer,Yaounde,Tunis,Tunisia,Africa,Africa
BP-12302,"Benjamin Patterson",EMEA,Consumer,"Yanbu al Bahr",Yaroslavl',Turkey,EMEA,EMEA
BP-12901,"Beth Paige",Africa,Consumer,Luanda,Luanda,Angola,Africa,Africa
BP-12902,"Beth Paige",EMEA,Consumer,Zahedan,"Sistan Va Baluchestan","Saudi Arabia",EMEA,EMEA
BS-113651,"Bill Shonely",Oceania,Corporate,Vijayawada,Queensland,Japan,APAC,APAC
BS-113652,"Bill Shonely",North,Corporate,Saint-Brieuc,"South Holland","United Kingdom",EU,EU
BS-113653,"Bill Shonely",South,Corporate,"São Vicente","Villa Clara",Venezuela,LATAM,LATAM
BS-113654,"Bill Shonely",West,Corporate,Seattle,Washington,"United States",US,"North America"
BS-113801,"Bill Stewart","Southeast Asia",Corporate,Xining,Qinghai,Philippines,APAC,APAC
BS-113802,"Bill Stewart",Central,Corporate,Velbert,Rhône-Alpes,Germany,EU,EU
BS-113803,"Bill Stewart",South,Corporate,Vassouras,Santiago,Venezuela,LATAM,LATAM
BS-113804,"Bill Stewart",West,Corporate,Skokie,Ohio,"United States",US,"North America"
BS-115901,"Brendan Sweed","Southeast Asia",Corporate,Yancheng,"Uttar Pradesh",Philippines,APAC,APAC
BS-115902,"Brendan Sweed",North,Corporate,Thionville,"South Dublin","United Kingdom",EU,EU
BS-115903,"Brendan Sweed",South,Corporate,Mejicanos,Yoro,Honduras,LATAM,LATAM
BS-115904,"Brendan Sweed",West,Corporate,Philadelphia,Pennsylvania,"United States",US,"North America"
BS-116651,"Brian Stugart","Southeast Asia",Consumer,Whyalla,Taranaki,Philippines,APAC,APAC
BS-116652,"Brian Stugart",South,Consumer,Weimar,Thuringia,Sweden,EU,EU
BS-116653,"Brian Stugart",South,Consumer,Tegucigalpa,Santander,Nicaragua,LATAM,LATAM
BS-116654,"Brian Stugart",West,Consumer,"San Diego",Pennsylvania,"United States",US,"North America"
BS-117551,"Bruce Stewart","Southeast Asia",Consumer,Wendeng,"West Bengal",Singapore,APAC,APAC
BS-117552,"Bruce Stewart",South,Consumer,Mougins,Scotland,"United Kingdom",EU,EU
BS-117553,"Bruce Stewart",South,Consumer,Tegucigalpa,Panama,Panama,LATAM,LATAM
BS-117554,"Bruce Stewart",West,Consumer,"San Francisco",Washington,"United States",US,"North America"
BS-118001,"Bryan Spruell","Southeast Asia","Home Office",Wellington,Wellington,"New Zealand",APAC,APAC
BS-118002,"Bryan Spruell",North,"Home Office",Oberhausen,Rhône-Alpes,"United Kingdom",EU,EU
BS-118003,"Bryan Spruell",South,"Home Office",Villahermosa,Tabasco,Peru,LATAM,LATAM
BS-118004,"Bryan Spruell",West,"Home Office","San Diego","New York","United States",US,"North America"
BS-13651,"Bill Shonely",Africa,Corporate,Antananarivo,"Greater Accra",Madagascar,Africa,Africa
BS-13652,"Bill Shonely",EMEA,Corporate,Balti,Khuzestan,Moldova,EMEA,EMEA
BS-13801,"Bill Stewart",Africa,Corporate,Tangier,Tanger-Tétouan,Zimbabwe,Africa,Africa
BS-13802,"Bill Stewart",EMEA,Corporate,Riyadh,Baghdad,"Saudi Arabia",EMEA,EMEA
BS-15901,"Brendan Sweed",Africa,Corporate,Kandi,Bangui,"Central African Republic",Africa,Africa
BS-15902,"Brendan Sweed",EMEA,Corporate,Zagreb,Tbilisi,Georgia,EMEA,EMEA
BS-16651,"Brian Stugart",Africa,Consumer,Dakar,Dakar,Senegal,Africa,Africa
BS-16652,"Brian Stugart",EMEA,Consumer,Yazd,Yazd,Turkey,EMEA,EMEA
BS-17551,"Bruce Stewart",Africa,Consumer,"Port Harcourt",Rivers,Sudan,Africa,Africa
BS-17552,"Bruce Stewart",EMEA,Consumer,Aydin,Aydin,Turkey,EMEA,EMEA
BS-18001,"Bryan Spruell",Africa,"Home Office",Pretoria,Yobe,"South Africa",Africa,Africa
BS-18002,"Bryan Spruell",EMEA,"Home Office",Khorramabad,Lorestan,Ukraine,EMEA,EMEA
BT-113051,"Beth Thompson","Southeast Asia","Home Office",Perth,"Western Australia",Philippines,APAC,APAC
BT-113052,"Beth Thompson",South,"Home Office",Swansea,Wales,"United Kingdom",EU,EU
BT-113053,"Beth Thompson",South,"Home Office",Torreón,Sinaloa,Mexico,LATAM,LATAM
BT-113054,"Beth Thompson",West,"Home Office",Superior,Wisconsin,"United States",US,"North America"
BT-113951,"Bill Tyler","Southeast Asia",Corporate,Whyalla,"Western Visayas",Philippines,APAC,APAC
BT-113952,"Bill Tyler",South,Corporate,Worthing,Vaud,"United Kingdom",EU,EU
BT-113953,"Bill Tyler",North,Corporate,Irapuato,"Santiago de Cuba",Mexico,LATAM,LATAM
BT-113954,"Bill Tyler",West,Corporate,"San Francisco",Pennsylvania,"United States",US,"North America"
BT-114401,"Bobby Trafton","Southeast Asia",Consumer,Yangon,Yangon,Thailand,APAC,APAC
BT-114402,"Bobby Trafton",North,Consumer,Stockport,"North Rhine-Westphalia","United Kingdom",EU,EU
BT-114403,"Bobby Trafton",South,Consumer,Portmore,"Saint Catherine",Panama,LATAM,LATAM
BT-114404,"Bobby Trafton",West,Consumer,"New York City","New York","United States",US,"North America"
BT-114851,"Brad Thomas","Southeast Asia","Home Office",Yogyakarta,Yogyakarta,Philippines,APAC,APAC
BT-114852,"Brad Thomas",South,"Home Office",Rome,Rhône-Alpes,Spain,EU,EU
BT-114853,"Brad Thomas",South,"Home Office",Zihuatanejo,Tolima,Peru,LATAM,LATAM
BT-114854,"Brad Thomas",East,"Home Office",Philadelphia,Pennsylvania,"United States",US,"North America"
BT-115301,"Bradley Talbott","Southeast Asia","Home Office",Xinghua,"South Australia",Indonesia,APAC,APAC
BT-115302,"Bradley Talbott",North,"Home Office",Vincennes,"Provence-Alpes-Côte d'Azur","United Kingdom",EU,EU
BT-115303,"Bradley Talbott",South,"Home Office",Tlaquepaque,"Villa Clara",Panama,LATAM,LATAM
BT-115304,"Bradley Talbott",West,"Home Office","San Diego",Ohio,"United States",US,"North America"
BT-116801,"Brian Thompson","Southeast Asia",Consumer,Ube,Yogyakarta,Vietnam,APAC,APAC
BT-116802,"Brian Thompson",South,Consumer,Vittoria,Sicily,"United Kingdom",EU,EU
BT-116803,"Brian Thompson",South,Consumer,Tegucigalpa,Santiago,Mexico,LATAM,LATAM
BT-116804,"Brian Thompson",West,Consumer,"San Francisco",Texas,"United States",US,"North America"
BT-13051,"Beth Thompson",Africa,"Home Office",Pietermaritzburg,Lagunes,Zimbabwe,Africa,Africa
BT-13052,"Beth Thompson",EMEA,"Home Office",Severodvinsk,Ninawa,Russia,EMEA,EMEA
BT-13951,"Bill Tyler",Africa,Corporate,Tetouan,Tanger-Tétouan,Zimbabwe,Africa,Africa
BT-13952,"Bill Tyler",EMEA,Corporate,Birobidzhan,Yevrey,Russia,EMEA,EMEA
BT-14401,"Bobby Trafton",Africa,Consumer,Kolwezi,Katanga,Senegal,Africa,Africa
BT-14402,"Bobby Trafton",EMEA,Consumer,Zaporizhzhya,Zaporizhzhya,Ukraine,EMEA,EMEA
BT-14851,"Brad Thomas",Africa,"Home Office",Pemba,"Free State","South Africa",Africa,Africa
BT-14852,"Brad Thomas",EMEA,"Home Office",Riyadh,Kirsehir,Turkmenistan,EMEA,EMEA
BT-15301,"Bradley Talbott",Africa,"Home Office",Ibadan,Oyo,Nigeria,Africa,Africa
BT-15302,"Bradley Talbott",Canada,"Home Office","North York",Ontario,Canada,Canada,"North America"
BT-15303,"Bradley Talbott",EMEA,"Home Office",Homs,Markazi,Syria,EMEA,EMEA
BT-16801,"Brian Thompson",Africa,Consumer,Yaounde,Centre,Egypt,Africa,Africa
BT-16802,"Brian Thompson",EMEA,Consumer,Vienna,Vienna,Ukraine,EMEA,EMEA
BV-112451,"Benjamin Venier","Southeast Asia",Corporate,Xiaogan,"National Capital",Thailand,APAC,APAC
BV-112452,"Benjamin Venier",South,Corporate,Vitry-sur-Seine,"North Rhine-Westphalia","United Kingdom",EU,EU
BV-112453,"Benjamin Venier",South,Corporate,"Santa Marta",Piura,Peru,LATAM,LATAM
BV-112454,"Benjamin Venier",West,Corporate,Smyrna,Washington,"United States",US,"North America"
BV-12451,"Benjamin Venier",EMEA,Corporate,Mashhad,"Razavi Khorasan",Turkey,EMEA,EMEA
BW-10651,"Barry Weirich",Africa,Consumer,"Port Elizabeth","Western Cape","South Africa",Africa,Africa
BW-10652,"Barry Weirich",Canada,Consumer,"North York",Ontario,Canada,Canada,"North America"
BW-110651,"Barry Weirich","Southeast Asia",Consumer,Townsville,"South Australia",Pakistan,APAC,APAC
BW-110652,"Barry Weirich",South,Consumer,Wasquehal,Sicily,"United Kingdom",EU,EU
BW-110653,"Barry Weirich",South,Consumer,Tegucigalpa,"São Paulo",Panama,LATAM,LATAM
BW-110654,"Barry Weirich",South,Consumer,Raleigh,Pennsylvania,"United States",US,"North America"
BW-11101,"Bart Watters",Africa,Corporate,Yaounde,"Western Cape","South Africa",Africa,Africa
BW-11102,"Bart Watters",Canada,Corporate,Toronto,Ontario,Canada,Canada,"North America"
BW-11103,"Bart Watters",EMEA,Corporate,Zanjan,Zanjan,Ukraine,EMEA,EMEA
BW-111101,"Bart Watters","Southeast Asia",Corporate,Waitakere,"Western Australia","New Zealand",APAC,APAC
BW-111102,"Bart Watters",South,Corporate,Perpignan,Rhône-Alpes,"United Kingdom",EU,EU
BW-111103,"Bart Watters",South,Corporate,"San Nicolás de los Arroyos",Sinaloa,Mexico,LATAM,LATAM
BW-111104,"Bart Watters",West,Corporate,Spokane,Wisconsin,"United States",US,"North America"
BW-112001,"Ben Wallace","Southeast Asia",Consumer,Yicheng,Tasmania,"New Zealand",APAC,APAC
BW-112002,"Ben Wallace",Central,Consumer,Lille,"Upper Normandy",Germany,EU,EU
BW-112003,"Ben Wallace",South,Consumer,Tijuana,"São Paulo",Panama,LATAM,LATAM
BW-112004,"Ben Wallace",West,Consumer,Skokie,Virginia,"United States",US,"North America"
BW-12001,"Ben Wallace",Africa,Consumer,Lagos,Lagos,Sudan,Africa,Africa
BW-12002,"Ben Wallace",EMEA,Consumer,Poznan,"Greater Poland",Poland,EMEA,EMEA
CA-119651,"Carol Adams","Southeast Asia",Corporate,Newcastle,Shizuoka,Philippines,APAC,APAC
CA-119652,"Carol Adams",South,Corporate,Valladolid,Tuscany,"United Kingdom",EU,EU
CA-119653,"Carol Adams",South,Corporate,"Santiago de Cuba","Santiago de Cuba",Mexico,LATAM,LATAM
CA-119654,"Carol Adams",West,Corporate,Warwick,Texas,"United States",US,"North America"
CA-120551,"Cathy Armstrong",Oceania,"Home Office",Sydney,Seoul,"South Korea",APAC,APAC
CA-120552,"Cathy Armstrong",South,"Home Office",Spijkenisse,"South Holland",Spain,EU,EU
CA-120553,"Cathy Armstrong",North,"Home Office","Palma Soriano",Sinaloa,Mexico,LATAM,LATAM
CA-120554,"Cathy Armstrong",West,"Home Office","New York City",Texas,"United States",US,"North America"
CA-122651,"Christina Anderson","Southeast Asia",Consumer,Singapore,"Uttar Pradesh",Singapore,APAC,APAC
CA-122652,"Christina Anderson",North,Consumer,Nice,Wales,"United Kingdom",EU,EU
CA-122653,"Christina Anderson",South,Consumer,"São Luís","San Salvador",Mexico,LATAM,LATAM
CA-122654,"Christina Anderson",West,Consumer,Wilmington,Virginia,"United States",US,"North America"
CA-123101,"Christine Abelman","Southeast Asia",Corporate,Meerut,"Uttar Pradesh",Indonesia,APAC,APAC
CA-123102,"Christine Abelman",North,Corporate,"Newcastle upon Tyne",Rhône-Alpes,"United Kingdom",EU,EU
CA-123103,"Christine Abelman",North,Corporate,"Mexico City",Sinaloa,Mexico,LATAM,LATAM
CA-123104,"Christine Abelman",West,Corporate,"San Antonio",Texas,"United States",US,"North America"
CA-127751,"Cynthia Arntzen",Oceania,Consumer,Wollongong,"New South Wales","New Zealand",APAC,APAC
CA-127752,"Cynthia Arntzen",Central,Consumer,Noisy-le-Sec,Rhône-Alpes,Germany,EU,EU
CA-127753,"Cynthia Arntzen",South,Consumer,Zapopan,"Santiago de Cuba",Mexico,LATAM,LATAM
CA-127754,"Cynthia Arntzen",West,Consumer,Vineland,Tennessee,"United States",US,"North America"
CA-19651,"Carol Adams",Africa,Corporate,"Wad Madani",Lagunes,Uganda,Africa,Africa
CA-19652,"Carol Adams",EMEA,Corporate,Sincan,Tyrol,Turkey,EMEA,EMEA
CA-20551,"Cathy Armstrong",Canada,"Home Office",Whitby,Ontario,Canada,Canada,"North America"
CA-20552,"Cathy Armstrong",EMEA,"Home Office",Shushtar,Ninawa,Iraq,EMEA,EMEA
CA-22651,"Christina Anderson",Africa,Consumer,"Bur Sudan","Red Sea",Sudan,Africa,Africa
CA-22652,"Christina Anderson",EMEA,Consumer,Sofia,Sofiya-Grad,Turkey,EMEA,EMEA
CA-23101,"Christine Abelman",Africa,Corporate,Johannesburg,Gauteng,"South Africa",Africa,Africa
CA-23102,"Christine Abelman",EMEA,Corporate,Mosul,Ninawa,Iraq,EMEA,EMEA
CA-27751,"Cynthia Arntzen",Africa,Consumer,Pretoria,Rivers,"South Africa",Africa,Africa
CA-27752,"Cynthia Arntzen",EMEA,Consumer,L'viv,L'viv,Ukraine,EMEA,EMEA
CB-120251,"Cassandra Brandow","Southeast Asia",Consumer,"Port Moresby","West Bengal",Philippines,APAC,APAC
CB-120252,"Cassandra Brandow",South,Consumer,Milan,"Upper Normandy",Italy,EU,EU
CB-120253,"Cassandra Brandow",South,Consumer,Salamanca,Managua,Nicaragua,LATAM,LATAM
CB-120254,"Cassandra Brandow",West,Consumer,Waco,Virginia,"United States",US,"North America"
CB-124151,"Christy Brittain","North Asia",Consumer,Takatsuki,Osaka,Japan,APAC,APAC
CB-124152,"Christy Brittain",South,Consumer,Weimar,Thuringia,"United Kingdom",EU,EU
CB-124153,"Christy Brittain",South,Consumer,Tegucigalpa,"São Paulo",Panama,LATAM,LATAM
CB-124154,"Christy Brittain",West,Consumer,Philadelphia,Pennsylvania,"United States",US,"North America"
CB-125351,"Claudia Bergmann",Oceania,Corporate,Yingcheng,Queensland,"New Zealand",APAC,APAC
CB-125352,"Claudia Bergmann",South,Corporate,Troyes,Scotland,"United Kingdom",EU,EU
CB-125353,"Claudia Bergmann",North,Corporate,Tlalpan,"San Salvador",Nicaragua,LATAM,LATAM
CB-125354,"Claudia Bergmann",West,Corporate,Southaven,Vermont,"United States",US,"North America"
CB-20251,"Cassandra Brandow",EMEA,Consumer,Mashhad,"Razavi Khorasan",Ukraine,EMEA,EMEA
CB-24151,"Christy Brittain",Africa,Consumer,Dakar,Dakar,Senegal,Africa,Africa
CB-24152,"Christy Brittain",EMEA,Consumer,Izmir,Izmir,Turkey,EMEA,EMEA
CB-25351,"Claudia Bergmann",Africa,Corporate,"Benin City",Edo,Nigeria,Africa,Africa
CB-25352,"Claudia Bergmann",EMEA,Corporate,Izmir,Izmir,Turkey,EMEA,EMEA
CC-121001,"Chad Cunningham","Southeast Asia","Home Office",Pekanbaru,Riau,Indonesia,APAC,APAC
CC-121002,"Chad Cunningham",South,"Home Office",Stavanger,Veneto,Norway,EU,EU
CC-121003,"Chad Cunningham",South,"Home Office",Tegucigalpa,Sinaloa,Mexico,LATAM,LATAM
CC-121004,"Chad Cunningham",West,"Home Office",Philadelphia,Pennsylvania,"United States",US,"North America"
CC-121451,"Charles Crestani","Southeast Asia",Consumer,Pimpri,Victoria,Pakistan,APAC,APAC
CC-121452,"Charles Crestani",North,Consumer,Swansea,Wales,"United Kingdom",EU,EU
CC-121453,"Charles Crestani",South,Consumer,"San Pedro Sula",Martinique,Martinique,LATAM,LATAM
CC-121454,"Charles Crestani",West,Consumer,Seattle,Washington,"United States",US,"North America"
CC-122201,"Chris Cortes","Southeast Asia",Consumer,Tamworth,"Western Australia",Philippines,APAC,APAC
CC-122202,"Chris Cortes",South,Consumer,Paris,Scotland,"United Kingdom",EU,EU
CC-122203,"Chris Cortes",South,Consumer,"San Pedro Sula","San Pedro de Macorís",Mexico,LATAM,LATAM
CC-122204,"Chris Cortes",West,Consumer,Westminster,Washington,"United States",US,"North America"
CC-123701,"Christopher Conant","Southeast Asia",Consumer,Sukabumi,Wellington,"South Korea",APAC,APAC
CC-123702,"Christopher Conant",South,Consumer,Wilhelmshaven,Styria,"United Kingdom",EU,EU
CC-123703,"Christopher Conant",South,Consumer,Guayana,"Distrito Federal",Venezuela,LATAM,LATAM
CC-123704,"Christopher Conant",West,Consumer,Philadelphia,Texas,"United States",US,"North America"
CC-124301,"Chuck Clark","Southeast Asia","Home Office",Surabaya,"Western Australia",Philippines,APAC,APAC
CC-124302,"Chuck Clark",Central,"Home Office",Livry-Gargan,Ile-de-France,France,EU,EU
CC-124303,"Chuck Clark",North,"Home Office",Tlalpan,Yucatán,Mexico,LATAM,LATAM
CC-124304,"Chuck Clark",West,"Home Office","San Francisco",Washington,"United States",US,"North America"
CC-124751,"Cindy Chapman","Southeast Asia",Consumer,Shantou,Tasmania,Philippines,APAC,APAC
CC-124752,"Cindy Chapman",South,Consumer,Villemomble,Scotland,"United Kingdom",EU,EU
CC-124753,"Cindy Chapman",South,Consumer,"San Pedro Sula",Sinaloa,Mexico,LATAM,LATAM
CC-124754,"Cindy Chapman",West,Consumer,"San Francisco",Texas,"United States",US,"North America"
CC-125501,"Clay Cheatham",Oceania,Consumer,Xianyang,"South Australia",China,APAC,APAC
CC-125502,"Clay Cheatham",South,Consumer,Stockholm,Stockholm,"United Kingdom",EU,EU
CC-125503,"Clay Cheatham",South,Consumer,"Santo Domingo",Zulia,Venezuela,LATAM,LATAM
CC-125504,"Clay Cheatham",West,Consumer,"San Francisco",Texas,"United States",US,"North America"
CC-126101,"Corey Catlett",Oceania,Corporate,Wollongong,Victoria,"South Korea",APAC,APAC
CC-126102,"Corey Catlett",North,Corporate,Rostock,"Provence-Alpes-Côte d'Azur","United Kingdom",EU,EU
CC-126103,"Corey Catlett",South,Corporate,"São Paulo","São Paulo",Mexico,LATAM,LATAM
CC-126104,"Corey Catlett",West,Corporate,Springfield,Virginia,"United States",US,"North America"
CC-126701,"Craig Carreira","Southeast Asia",Consumer,Shashi,"Thủ Dô Hà Nội",Vietnam,APAC,APAC
CC-126702,"Craig Carreira",South,Consumer,Oyonnax,Tuscany,Switzerland,EU,EU
CC-126703,"Craig Carreira",South,Consumer,"Santa Ana",Tamaulipas,Peru,LATAM,LATAM
CC-126704,"Craig Carreira",West,Consumer,Tampa,Washington,"United States",US,"North America"
CC-126851,"Craig Carroll","Southeast Asia",Consumer,Visakhapatnam,Victoria,Indonesia,APAC,APAC
CC-126852,"Craig Carroll",North,Consumer,Toulouse,"Upper Austria","United Kingdom",EU,EU
CC-126853,"Craig Carroll",Central,Consumer,"Villa Nueva",Guatemala,Honduras,LATAM,LATAM
CC-126854,"Craig Carroll",South,Consumer,"New York City",Texas,"United States",US,"North America"
CC-21001,"Chad Cunningham",Africa,"Home Office",Oran,Oran,Egypt,Africa,Africa
CC-21002,"Chad Cunningham",EMEA,"Home Office",Ufa,Istanbul,Turkey,EMEA,EMEA
CC-21451,"Charles Crestani",Africa,Consumer,Nairobi,"Western Cape","South Africa",Africa,Africa
CC-21452,"Charles Crestani",EMEA,Consumer,Mersin,Mersin,Turkey,EMEA,EMEA
CC-22201,"Chris Cortes",Africa,Consumer,Oran,Oyo,Nigeria,Africa,Africa
CC-22202,"Chris Cortes",Canada,Consumer,Vaughan,Saskatchewan,Canada,Canada,"North America"
CC-22203,"Chris Cortes",EMEA,Consumer,Riyadh,Podlaskie,Ukraine,EMEA,EMEA
CC-23701,"Christopher Conant",Africa,Consumer,Mbuji-mayi,Kasai-Oriental,Egypt,Africa,Africa
CC-23702,"Christopher Conant",EMEA,Consumer,Warsaw,Tehran,Yemen,EMEA,EMEA
CC-24301,"Chuck Clark",Africa,"Home Office",Saida,Saida,Algeria,Africa,Africa
CC-24302,"Chuck Clark",EMEA,"Home Office",Quchan,"Razavi Khorasan",Iran,EMEA,EMEA
CC-24751,"Cindy Chapman",Africa,Consumer,Minuf,Maputo,Nigeria,Africa,Africa
CC-24752,"Cindy Chapman",Canada,Consumer,London,Ontario,Canada,Canada,"North America"
CC-24753,"Cindy Chapman",EMEA,Consumer,Sofia,Sofiya-Grad,Turkey,EMEA,EMEA
CC-25501,"Clay Cheatham",Africa,Consumer,Warri,Oyo,Nigeria,Africa,Africa
CC-25502,"Clay Cheatham",EMEA,Consumer,Kharkiv,Kharkiv,Ukraine,EMEA,EMEA
CC-26101,"Corey Catlett",EMEA,Corporate,Samsun,Silesia,Turkey,EMEA,EMEA
CC-26701,"Craig Carreira",Africa,Consumer,Lokossa,Mono,Ghana,Africa,Africa
CC-26702,"Craig Carreira",EMEA,Consumer,Tehran,Tehran,Turkey,EMEA,EMEA
CC-26851,"Craig Carroll",Africa,Consumer,Sale,"Western Cape","South Africa",Africa,Africa
CC-26852,"Craig Carroll",EMEA,Consumer,Antalya,Antalya,Turkey,EMEA,EMEA
CD-119201,"Carlos Daly","Southeast Asia",Consumer,Shanghai,"Sumatera Barat",Philippines,APAC,APAC
CD-119202,"Carlos Daly",South,Consumer,Toulon,Valenciana,Spain,EU,EU
CD-119203,"Carlos Daly",South,Consumer,Soyapango,"Santiago de Cuba",Panama,LATAM,LATAM
CD-119204,"Carlos Daly",West,Consumer,Wichita,"New York","United States",US,"North America"
CD-119801,"Carol Darley","Southeast Asia",Consumer,Sydney,Queensland,Thailand,APAC,APAC
CD-119802,"Carol Darley",North,Consumer,Tours,"Provence-Alpes-Côte d'Azur","United Kingdom",EU,EU
CD-119803,"Carol Darley",North,Consumer,Tegucigalpa,"Santo Domingo",Nicaragua,LATAM,LATAM
CD-119804,"Carol Darley",West,Consumer,Tyler,Texas,"United States",US,"North America"
CD-122801,"Christina DeMoss","Southeast Asia",Consumer,Yangon,Yangon,"Myanmar (Burma)",APAC,APAC
CD-122802,"Christina DeMoss",North,Consumer,Wels,Uusimaa,Germany,EU,EU
CD-122803,"Christina DeMoss",South,Consumer,"São Paulo","São Paulo",Venezuela,LATAM,LATAM
CD-122804,"Christina DeMoss",West,Consumer,Seattle,Washington,"United States",US,"North America"
CD-127901,"Cynthia Delaney","Southeast Asia","Home Office",Shenyang,Sichuan,Malaysia,APAC,APAC
CD-127902,"Cynthia Delaney",South,"Home Office",Villefontaine,Uusimaa,"United Kingdom",EU,EU
CD-127903,"Cynthia Delaney",South,"Home Office",Paraná,"Nuevo León",Mexico,LATAM,LATAM
CD-127904,"Cynthia Delaney",West,"Home Office",Shelton,Oklahoma,"United States",US,"North America"
CD-19201,"Carlos Daly",Africa,Consumer,Mabopane,Kano,"South Africa",Africa,Africa
CD-19202,"Carlos Daly",EMEA,Consumer,Salavat,Bashkortostan,Russia,EMEA,EMEA
CD-19801,"Carol Darley",Africa,Consumer,Mahajanga,Lagos,Senegal,Africa,Africa
CD-19802,"Carol Darley",Canada,Consumer,Oakville,Ontario,Canada,Canada,"North America"
CD-19803,"Carol Darley",EMEA,Consumer,Khorramshahr,Khuzestan,Iran,EMEA,EMEA
CD-22801,"Christina DeMoss",Africa,Consumer,Pietermaritzburg,Nzérékoré,Uganda,Africa,Africa
CD-22802,"Christina DeMoss",EMEA,Consumer,Prague,Prague,Ukraine,EMEA,EMEA
CD-27901,"Cynthia Delaney",Africa,"Home Office","Port Elizabeth",Oran,"South Africa",Africa,Africa
CD-27902,"Cynthia Delaney",EMEA,"Home Office",Uskudar,Izmir,Turkey,EMEA,EMEA
CG-120401,"Catherine Glotzbach","Southeast Asia","Home Office",Yuci,Wellington,Philippines,APAC,APAC
CG-120402,"Catherine Glotzbach",South,"Home Office",Fuenlabrada,Madrid,Spain,EU,EU
CG-120403,"Catherine Glotzbach",South,"Home Office",Tegucigalpa,Jalisco,Mexico,LATAM,LATAM
CG-120404,"Catherine Glotzbach",West,"Home Office",Philadelphia,Wisconsin,"United States",US,"North America"
CG-125201,"Claire Gute","Southeast Asia",Consumer,Darwin,"South Australia",Thailand,APAC,APAC
CG-125202,"Claire Gute",South,Consumer,Rochdale,Scotland,"United Kingdom",EU,EU
CG-125203,"Claire Gute",Central,Consumer,"Villa Nueva",Guatemala,Honduras,LATAM,LATAM
CG-125204,"Claire Gute",South,Consumer,Houston,Texas,"United States",US,"North America"
CG-20401,"Catherine Glotzbach",Africa,"Home Office",Lagos,Lagos,Zimbabwe,Africa,Africa
CG-20402,"Catherine Glotzbach",EMEA,"Home Office",Uskudar,Istanbul,Turkey,EMEA,EMEA
CG-25201,"Claire Gute",Africa,Consumer,Sohag,Suhaj,Tanzania,Africa,Africa
CG-25202,"Claire Gute",EMEA,Consumer,Kashan,Jerusalem,Romania,EMEA,EMEA
CH-120701,"Cathy Hwang","Southeast Asia","Home Office","Phnom Penh",Shandong,Philippines,APAC,APAC
CH-120702,"Cathy Hwang",North,"Home Office",Zurich,Zürich,"United Kingdom",EU,EU
CH-120703,"Cathy Hwang",South,"Home Office","Santo Domingo",Sonora,Mexico,LATAM,LATAM
CH-120704,"Cathy Hwang",South,"Home Office",Raleigh,Pennsylvania,"United States",US,"North America"
CH-20701,"Cathy Hwang",Africa,"Home Office",Lusaka,Lusaka,Zambia,Africa,Africa
CH-20702,"Cathy Hwang",EMEA,"Home Office",Prague,Prague,Turkey,EMEA,EMEA
CJ-118751,"Carl Jackson","Southeast Asia",Corporate,Wollongong,Queensland,Pakistan,APAC,APAC
CJ-118752,"Carl Jackson",South,Corporate,Villemomble,"Upper Normandy","United Kingdom",EU,EU
CJ-118753,"Carl Jackson",South,Corporate,Mixco,"San Salvador",Nicaragua,LATAM,LATAM
CJ-118754,"Carl Jackson",East,Corporate,Philadelphia,Pennsylvania,"United States",US,"North America"
CJ-120101,"Caroline Jumper","Southeast Asia",Consumer,Jakarta,"Uttar Pradesh",Vietnam,APAC,APAC
CJ-120102,"Caroline Jumper",South,Consumer,Tilburg,Tuscany,Sweden,EU,EU
CJ-120103,"Caroline Jumper",South,Consumer,"Panama City",Veracruz,Uruguay,LATAM,LATAM
CJ-120104,"Caroline Jumper",West,Consumer,"San Francisco",Texas,"United States",US,"North America"
CJ-18751,"Carl Jackson",Africa,Corporate,"Dar es Salaam","Dar Es Salaam",Tanzania,Africa,Africa
CJ-18752,"Carl Jackson",EMEA,Corporate,Sosnowiec,Sofiya-Grad,Turkey,EMEA,EMEA
CJ-20101,"Caroline Jumper",Africa,Consumer,Rabat,Rabat-Salé-Zemmour-Zaer,Morocco,Africa,Africa
CJ-20102,"Caroline Jumper",Canada,Consumer,Coquitlam,"British Columbia",Canada,Canada,"North America"
CK-122051,"Chloris Kastensmidt","Southeast Asia",Consumer,Zaoyang,Victoria,Philippines,APAC,APAC
CK-122052,"Chloris Kastensmidt",South,Consumer,Rome,Tuscany,"United Kingdom",EU,EU
CK-122053,"Chloris Kastensmidt",South,Consumer,Valles,"São Paulo",Panama,LATAM,LATAM
CK-122054,"Chloris Kastensmidt",West,Consumer,"Santa Clara",Washington,"United States",US,"North America"
CK-123251,"Christine Kargatis","Southeast Asia","Home Office",Wuxi,"South Australia",Thailand,APAC,APAC
CK-123252,"Christine Kargatis",South,"Home Office",Reading,"North Rhine-Westphalia","United Kingdom",EU,EU
CK-123253,"Christine Kargatis",South,"Home Office",Yacuiba,Tarija,Nicaragua,LATAM,LATAM
CK-123254,"Christine Kargatis",West,"Home Office",Troy,Washington,"United States",US,"North America"
CK-125951,"Clytie Kelty","Southeast Asia",Consumer,Yogyakarta,Yogyakarta,"New Zealand",APAC,APAC
CK-125952,"Clytie Kelty",South,Consumer,Stockholm,Umbria,"United Kingdom",EU,EU
CK-125953,"Clytie Kelty",South,Consumer,"Villa Nueva",Tamaulipas,Uruguay,LATAM,LATAM
CK-125954,"Clytie Kelty",West,Consumer,"San Diego","Rhode Island","United States",US,"North America"
CK-127601,"Cyma Kinney","Southeast Asia",Corporate,Sandakan,Victoria,Thailand,APAC,APAC
CK-127602,"Cyma Kinney",South,Corporate,"Talavera de la Reina",Uusimaa,"United Kingdom",EU,EU
CK-127603,"Cyma Kinney",South,Corporate,Valencia,Sinaloa,Venezuela,LATAM,LATAM
CK-127604,"Cyma Kinney",West,Corporate,"San Francisco",Virginia,"United States",US,"North America"
CK-22051,"Chloris Kastensmidt",Africa,Consumer,Lagos,Lagos,Nigeria,Africa,Africa
CK-22052,"Chloris Kastensmidt",EMEA,Consumer,Taizz,Ta'izz,Yemen,EMEA,EMEA
CK-23251,"Christine Kargatis",Africa,"Home Office",Epworth,Lagunes,Zimbabwe,Africa,Africa
CK-23252,"Christine Kargatis",EMEA,"Home Office",Vienna,Vienna,Ukraine,EMEA,EMEA
CK-25951,"Clytie Kelty",Africa,Consumer,Lusaka,Lusaka,Zambia,Africa,Africa
CK-25952,"Clytie Kelty",EMEA,Consumer,Hamadan,Hamadan,Iran,EMEA,EMEA
CK-27601,"Cyma Kinney",Africa,Corporate,"Thies Nones",Thies,Tanzania,Africa,Africa
CK-27602,"Cyma Kinney",EMEA,Corporate,Zlatoust,"Tel Aviv",Turkey,EMEA,EMEA
CL-118901,"Carl Ludwig","Southeast Asia",Consumer,Zhaoyuan,Queensland,Pakistan,APAC,APAC
CL-118902,"Carl Ludwig",South,Consumer,Vigevano,Midi-Pyrénées,Spain,EU,EU
CL-118903,"Carl Ludwig",South,Consumer,Tijuana,"Santiago de Cuba",Paraguay,LATAM,LATAM
CL-118904,"Carl Ludwig",West,Consumer,"San Francisco",Pennsylvania,"United States",US,"North America"
CL-125651,"Clay Ludtke","North Asia",Consumer,Yangzhou,Jiangsu,China,APAC,APAC
CL-125652,"Clay Ludtke",South,Consumer,Stockholm,Stockholm,"United Kingdom",EU,EU
CL-125653,"Clay Ludtke",South,Consumer,Tegucigalpa,Valparaíso,Honduras,LATAM,LATAM
CL-125654,"Clay Ludtke",West,Consumer,Urbandale,Washington,"United States",US,"North America"
CL-127001,"Craig Leslie","Southeast Asia","Home Office",Zhengzhou,"West Bengal",Vietnam,APAC,APAC
CL-127002,"Craig Leslie",South,"Home Office",Utrecht,Utrecht,"United Kingdom",EU,EU
CL-127003,"Craig Leslie",South,"Home Office",Torreón,"São Paulo",Nicaragua,LATAM,LATAM
CL-127004,"Craig Leslie",West,"Home Office",Springfield,"New York","United States",US,"North America"
CL-18901,"Carl Ludwig",Africa,Consumer,Nairobi,Sud-Ouest,"South Africa",Africa,Africa
CL-18902,"Carl Ludwig",Canada,Consumer,Toronto,Ontario,Canada,Canada,"North America"
CL-18903,"Carl Ludwig",EMEA,Consumer,Warsaw,Van,Turkey,EMEA,EMEA
CL-25651,"Clay Ludtke",Africa,Consumer,Yaounde,Saida,Morocco,Africa,Africa
CL-25652,"Clay Ludtke",EMEA,Consumer,Kerman,Kerman,Turkey,EMEA,EMEA
CL-27001,"Craig Leslie",Africa,"Home Office",Hurghada,Lagunes,Egypt,Africa,Africa
CL-27002,"Craig Leslie",EMEA,"Home Office",Yalova,Yalova,Turkey,EMEA,EMEA
CM-118151,"Candace McMahon","Southeast Asia",Corporate,Melbourne,Victoria,Thailand,APAC,APAC
CM-118152,"Candace McMahon",South,Corporate,Varese,Rhône-Alpes,Spain,EU,EU
CM-118153,"Candace McMahon",South,Corporate,Valles,Tolima,Peru,LATAM,LATAM
CM-118154,"Candace McMahon",West,Corporate,Seattle,Washington,"United States",US,"North America"
CM-118301,"Cari MacIntyre","Southeast Asia",Corporate,Wuhan,"Western Australia",Vietnam,APAC,APAC
CM-118302,"Cari MacIntyre",South,Corporate,Worms,"Upper Normandy","United Kingdom",EU,EU
CM-118303,"Cari MacIntyre",South,Corporate,Palmira,"Valle del Cauca",Nicaragua,LATAM,LATAM
CM-119351,"Carlos Meador","Southeast Asia",Consumer,Wellington,Wellington,Thailand,APAC,APAC
CM-119352,"Carlos Meador",South,Consumer,Vienna,Vienna,Spain,EU,EU
CM-119353,"Carlos Meador",South,Consumer,"Santo Domingo","Santo Domingo","Dominican Republic",LATAM,LATAM
CM-119354,"Carlos Meador",West,Consumer,Tucson,"North Carolina","United States",US,"North America"
CM-121151,"Chad McGuire","Southeast Asia",Consumer,Mumbai,"West Bengal",Vietnam,APAC,APAC
CM-121152,"Chad McGuire",South,Consumer,Siena,Veneto,Switzerland,EU,EU
CM-121153,"Chad McGuire",South,Consumer,Tegucigalpa,"La Paz",Honduras,LATAM,LATAM
CM-121154,"Chad McGuire",West,Consumer,"San Francisco","New York","United States",US,"North America"
CM-121601,"Charles McCrossin","Southeast Asia",Consumer,Tianjin,"Western Visayas","South Korea",APAC,APAC
CM-121602,"Charles McCrossin",South,Consumer,Nantes,"Pays de la Loire","United Kingdom",EU,EU
CM-121603,"Charles McCrossin",South,Consumer,Tlaquepaque,Managua,Nicaragua,LATAM,LATAM
CM-121604,"Charles McCrossin",West,Consumer,"San Francisco",Texas,"United States",US,"North America"
CM-121901,"Charlotte Melton","Southeast Asia",Consumer,Tamworth,Shanghai,Thailand,APAC,APAC
CM-121902,"Charlotte Melton",South,Consumer,Villeparisis,Tuscany,"United Kingdom",EU,EU
CM-121903,"Charlotte Melton",South,Consumer,Zapopan,"Santiago de Cuba",Nicaragua,LATAM,LATAM
CM-121904,"Charlotte Melton",West,Consumer,Utica,Pennsylvania,"United States",US,"North America"
CM-122351,"Chris McAfee","Southeast Asia",Consumer,Nanning,Yunnan,Thailand,APAC,APAC
CM-122352,"Chris McAfee",South,Consumer,Valencia,Valenciana,"United Kingdom",EU,EU
CM-122353,"Chris McAfee",South,Consumer,"San Salvador","San Salvador",Nicaragua,LATAM,LATAM
CM-122354,"Chris McAfee",West,Consumer,Watertown,Wisconsin,"United States",US,"North America"
CM-123851,"Christopher Martinez","Southeast Asia",Consumer,Wollongong,Victoria,"South Korea",APAC,APAC
CM-123852,"Christopher Martinez",South,Consumer,Porto,Schleswig-Holstein,Portugal,EU,EU
CM-123853,"Christopher Martinez",South,Consumer,"Villa Canales","San Salvador",Mexico,LATAM,LATAM
CM-123854,"Christopher Martinez",West,Consumer,"San Francisco","South Carolina","United States",US,"North America"
CM-124451,"Chuck Magee","Southeast Asia",Consumer,Wollongong,Tasmania,Philippines,APAC,APAC
CM-124452,"Chuck Magee",North,Consumer,Villeneuve-d'Ascq,Vienna,"United Kingdom",EU,EU
CM-124453,"Chuck Magee",South,Consumer,Zapopan,"São Paulo",Panama,LATAM,LATAM
CM-124454,"Chuck Magee",West,Consumer,"San Francisco",Texas,"United States",US,"North America"
CM-126551,"Corinna Mitchell","Southeast Asia","Home Office",Taupo,Yogyakarta,Pakistan,APAC,APAC
CM-126552,"Corinna Mitchell",North,"Home Office",Stockholm,Stockholm,Sweden,EU,EU
CM-126553,"Corinna Mitchell",South,"Home Office",Tijuana,Santiago,Venezuela,LATAM,LATAM
CM-126554,"Corinna Mitchell",West,"Home Office",Seattle,Washington,"United States",US,"North America"
CM-127151,"Craig Molinari","North Asia",Corporate,Seoul,Seoul,"South Korea",APAC,APAC
CM-127152,"Craig Molinari",South,Corporate,Vienna,Vienna,"United Kingdom",EU,EU
CM-127153,"Craig Molinari",South,Corporate,"San Salvador","San Salvador",Panama,LATAM,LATAM
CM-127154,"Craig Molinari",West,Corporate,Seattle,Washington,"United States",US,"North America"
CM-18151,"Candace McMahon",Africa,Corporate,Mwanza,Mwanza,Tanzania,Africa,Africa
CM-18152,"Candace McMahon",EMEA,Corporate,"Kryvyy Rih",Dnipropetrovs'k,Ukraine,EMEA,EMEA
CM-18301,"Cari MacIntyre",Africa,Corporate,Lagos,Ondo,"South Africa",Africa,Africa
CM-18302,"Cari MacIntyre",EMEA,Corporate,Shiraz,Prahova,Turkey,EMEA,EMEA
CM-19351,"Carlos Meador",Africa,Consumer,Lusaka,Oyo,Zambia,Africa,Africa
CM-19352,"Carlos Meador",EMEA,Consumer,Zhytomyr,Zhytomyr,Ukraine,EMEA,EMEA
CM-21151,"Chad McGuire",Africa,Consumer,"Dar es Salaam","Dar Es Salaam",Tanzania,Africa,Africa
CM-21152,"Chad McGuire",EMEA,Consumer,Voronezh,Voronezh,Russia,EMEA,EMEA
CM-21601,"Charles McCrossin",Africa,Consumer,Pretoria,"Western Cape","South Africa",Africa,Africa
CM-21602,"Charles McCrossin",EMEA,Consumer,Basra,"Al Basrah",Iraq,EMEA,EMEA
CM-21901,"Charlotte Melton",Africa,Consumer,Rabat,Rabat-Salé-Zemmour-Zaer,Nigeria,Africa,Africa
CM-21902,"Charlotte Melton",EMEA,Consumer,Gyor,Gyor,Hungary,EMEA,EMEA
CM-22351,"Chris McAfee",Africa,Consumer,Lagos,Lagos,Nigeria,Africa,Africa
CM-22352,"Chris McAfee",EMEA,Consumer,Rasht,Istanbul,Turkey,EMEA,EMEA
CM-23851,"Christopher Martinez",Africa,Consumer,Quelimane,Zambezia,"South Africa",Africa,Africa
CM-23852,"Christopher Martinez",EMEA,Consumer,Riyadh,"Ar Riyad","Saudi Arabia",EMEA,EMEA
CM-24451,"Chuck Magee",Africa,Consumer,Dakar,Dakar,Senegal,Africa,Africa
CM-24452,"Chuck Magee",EMEA,Consumer,Jerusalem,Jerusalem,Turkey,EMEA,EMEA
CM-26551,"Corinna Mitchell",Africa,"Home Office",Tunis,Tunis,Uganda,Africa,Africa
CM-26552,"Corinna Mitchell",EMEA,"Home Office",Sari,Sanliurfa,Ukraine,EMEA,EMEA
CM-27151,"Craig Molinari",Africa,Corporate,Ugep,"Grand Casablanca","South Africa",Africa,Africa
CM-27152,"Craig Molinari",EMEA,Corporate,Viransehir,"Sistan Va Baluchestan",Turkey,EMEA,EMEA
Co-126401,Corey-Lock,"Southeast Asia",Consumer,Zhuzhou,Yangon,"Myanmar (Burma)",APAC,APAC
Co-126402,Corey-Lock,North,Consumer,Worcester,"Provence-Alpes-Côte d'Azur","United Kingdom",EU,EU
Co-126403,Corey-Lock,South,Consumer,Toluca,Sonsonate,Venezuela,LATAM,LATAM
Co-126404,Corey-Lock,West,Consumer,Skokie,Washington,"United States",US,"North America"
Co-26401,Corey-Lock,Africa,Consumer,Lagos,Souss-Massa-Draâ,Nigeria,Africa,Africa
Co-26402,Corey-Lock,EMEA,Consumer,Obninsk,Kaluga,Turkey,EMEA,EMEA
CP-120851,"Cathy Prescott","Southeast Asia",Corporate,Yueyang,Jakarta,Thailand,APAC,APAC
CP-120852,"Cathy Prescott",North,Corporate,Trier,Stockholm,Sweden,EU,EU
CP-120853,"Cathy Prescott",South,Corporate,"San Salvador",Zulia,Venezuela,LATAM,LATAM
CP-120854,"Cathy Prescott",West,Corporate,Tucson,Washington,"United States",US,"North America"
CP-123401,"Christine Phan",Oceania,Corporate,Wollongong,Yamaguchi,Pakistan,APAC,APAC
CP-123402,"Christine Phan",South,Corporate,Valencia,Valenciana,"United Kingdom",EU,EU
CP-123403,"Christine Phan",South,Corporate,"Villa Canales","Santo Domingo",Venezuela,LATAM,LATAM
CP-123404,"Christine Phan",West,Corporate,Waterbury,Washington,"United States",US,"North America"
CP-20851,"Cathy Prescott",Africa,Corporate,Tlemcen,"Western Cape","South Africa",Africa,Africa
CP-20852,"Cathy Prescott",Canada,Corporate,Saanich,"British Columbia",Canada,Canada,"North America"
CP-20853,"Cathy Prescott",EMEA,Corporate,Riyadh,Jerusalem,Turkey,EMEA,EMEA
CP-23401,"Christine Phan",Africa,Corporate,Rabat,Rabat-Salé-Zemmour-Zaer,"South Africa",Africa,Africa
CP-23402,"Christine Phan",EMEA,Corporate,Baghdad,Baghdad,Iraq,EMEA,EMEA
CR-125801,"Clay Rozendal","Southeast Asia","Home Office",Varanasi,"Uttar Pradesh",Vietnam,APAC,APAC
CR-125802,"Clay Rozendal",South,"Home Office",Wakefield,Scotland,"United Kingdom",EU,EU
CR-125803,"Clay Rozendal",North,"Home Office",Soyapango,"San Salvador",Mexico,LATAM,LATAM
CR-125804,"Clay Rozendal",West,"Home Office","San Diego",Washington,"United States",US,"North America"
CR-126251,"Corey Roper","Southeast Asia","Home Office",Yichun,Victoria,"South Korea",APAC,APAC
CR-126252,"Corey Roper",South,"Home Office",Vence,Valenciana,"United Kingdom",EU,EU
CR-126253,"Corey Roper",South,"Home Office","São Paulo","São Paulo",Panama,LATAM,LATAM
CR-126254,"Corey Roper",South,"Home Office",Lakewood,"New Jersey","United States",US,"North America"
CR-127301,"Craig Reiter","Southeast Asia",Consumer,Singapore,Yogyakarta,Singapore,APAC,APAC
CR-127302,"Craig Reiter",South,Consumer,Paris,Ile-de-France,"United Kingdom",EU,EU
CR-127303,"Craig Reiter",South,Consumer,Soacha,"São Paulo",Mexico,LATAM,LATAM
CR-127304,"Craig Reiter",East,Consumer,"New York City",Ohio,"United States",US,"North America"
CR-128201,"Cyra Reiten",Oceania,"Home Office",Sydney,Shanghai,India,APAC,APAC
CR-128202,"Cyra Reiten",South,"Home Office",Vienna,Vienna,Spain,EU,EU
CR-128203,"Cyra Reiten",South,"Home Office",Tegucigalpa,Zulia,Venezuela,LATAM,LATAM
CR-128204,"Cyra Reiten",South,"Home Office","West Palm Beach",Texas,"United States",US,"North America"
CR-25801,"Clay Rozendal",Africa,"Home Office",Kano,Kano,Nigeria,Africa,Africa
CR-25802,"Clay Rozendal",EMEA,"Home Office",Mashhad,"Razavi Khorasan",Ukraine,EMEA,EMEA
CR-26251,"Corey Roper",Africa,"Home Office",Tanta,Maputo,Nigeria,Africa,Africa
CR-26252,"Corey Roper",Canada,"Home Office",Windsor,Ontario,Canada,Canada,"North America"
CR-26253,"Corey Roper",EMEA,"Home Office",Medina,Bursa,Turkey,EMEA,EMEA
CR-27301,"Craig Reiter",Africa,Consumer,Warri,Ondo,Nigeria,Africa,Africa
CR-27302,"Craig Reiter",EMEA,Consumer,Van,Van,Turkey,EMEA,EMEA
CR-28201,"Cyra Reiten",Africa,"Home Office",Khenifra,Meknès-Tafilalet,Nigeria,Africa,Africa
CR-28202,"Cyra Reiten",EMEA,"Home Office",Lodz,Lorestan,Turkey,EMEA,EMEA
CS-118451,"Cari Sayre","Southeast Asia",Corporate,Sydney,Uttarakhand,"South Korea",APAC,APAC
CS-118452,"Cari Sayre",North,Corporate,Senlis,Skåne,Sweden,EU,EU
CS-118453,"Cari Sayre",South,Corporate,Tijuana,"São Paulo",Peru,LATAM,LATAM
CS-118454,"Cari Sayre",West,Corporate,Seattle,Washington,"United States",US,"North America"
CS-118601,"Cari Schnelling","Southeast Asia",Consumer,Manila,Sichuan,Philippines,APAC,APAC
CS-118602,"Cari Schnelling",South,Consumer,Vienna,Vienna,"United Kingdom",EU,EU
CS-118603,"Cari Schnelling",South,Consumer,Villahermosa,Tabasco,Venezuela,LATAM,LATAM
CS-118604,"Cari Schnelling",South,Consumer,"New York City",Texas,"United States",US,"North America"
CS-119501,"Carlos Soltero","Southeast Asia",Consumer,Xianning,Victoria,Philippines,APAC,APAC
CS-119502,"Carlos Soltero",South,Consumer,"Vila Nova de Gaia",Stockholm,Sweden,EU,EU
CS-119503,"Carlos Soltero",South,Consumer,"Santo Domingo",Tamaulipas,Mexico,LATAM,LATAM
CS-119504,"Carlos Soltero",West,Consumer,Seattle,Washington,"United States",US,"North America"
CS-121301,"Chad Sievert","Southeast Asia",Consumer,Wollongong,Victoria,"South Korea",APAC,APAC
CS-121302,"Chad Sievert",North,Consumer,Stevenage,Poitou-Charentes,"United Kingdom",EU,EU
CS-121303,"Chad Sievert",South,Consumer,Salamanca,"São Paulo",Mexico,LATAM,LATAM
CS-121304,"Chad Sievert",West,Consumer,Seattle,Washington,"United States",US,"North America"
CS-121751,"Charles Sheldon","Southeast Asia",Corporate,Vadodara,"Western Australia",Thailand,APAC,APAC
CS-121752,"Charles Sheldon",South,Corporate,Seville,Hamburg,"United Kingdom",EU,EU
CS-121753,"Charles Sheldon",South,Corporate,"San Pedro de Macorís","San Pedro de Macorís","Trinidad and Tobago",LATAM,LATAM
CS-121754,"Charles Sheldon",West,Corporate,"San Francisco",Tennessee,"United States",US,"North America"
CS-122501,"Chris Selesnick","Southeast Asia",Corporate,"Shah Alam",Selangor,Philippines,APAC,APAC
CS-122502,"Chris Selesnick",South,Corporate,Zwickau,Valenciana,"United Kingdom",EU,EU
CS-122503,"Chris Selesnick",Central,Corporate,"Villa Nueva","Santa Ana",Nicaragua,LATAM,LATAM
CS-122504,"Chris Selesnick",West,Corporate,Woodbury,Wisconsin,"United States",US,"North America"
CS-123551,"Christine Sundaresam","Southeast Asia",Consumer,Surabaya,Tasmania,Philippines,APAC,APAC
CS-123552,"Christine Sundaresam",North,Consumer,Shrewsbury,England,"United Kingdom",EU,EU
CS-123553,"Christine Sundaresam",South,Consumer,"Villa Nueva","São Paulo",Panama,LATAM,LATAM
CS-123554,"Christine Sundaresam",West,Consumer,Seattle,Washington,"United States",US,"North America"
CS-124001,"Christopher Schild","Southeast Asia","Home Office",Wellington,Wellington,Philippines,APAC,APAC
CS-124002,"Christopher Schild",South,"Home Office",Waterlooville,Sicily,"United Kingdom",EU,EU
CS-124003,"Christopher Schild",South,"Home Office",Manzanillo,"Santiago de Cuba",Nicaragua,LATAM,LATAM
CS-124004,"Christopher Schild",West,"Home Office",Tampa,Washington,"United States",US,"North America"
CS-124601,"Chuck Sachs","Southeast Asia",Consumer,Tauranga,"Uttar Pradesh","New Zealand",APAC,APAC
CS-124602,"Chuck Sachs",South,Consumer,Venice,Veneto,"United Kingdom",EU,EU
CS-124603,"Chuck Sachs",South,Consumer,"Villa Nueva",Managua,Nicaragua,LATAM,LATAM
CS-124604,"Chuck Sachs",South,Consumer,"New York City","New York","United States",US,"North America"
CS-124901,"Cindy Schnelling",Oceania,Corporate,Rotorua,"Western Australia","New Zealand",APAC,APAC
CS-124902,"Cindy Schnelling",South,Corporate,Sarcelles,"Västra Götaland","United Kingdom",EU,EU
CS-124903,"Cindy Schnelling",South,Corporate,"Santo Domingo","Santo Domingo",Panama,LATAM,LATAM
CS-124904,"Cindy Schnelling",South,Corporate,Toledo,Texas,"United States",US,"North America"
CS-125051,"Cindy Stewart","Southeast Asia",Consumer,"Nha Trang","Khánh Hòa",Vietnam,APAC,APAC
CS-125052,"Cindy Stewart",Central,Consumer,Clermont-Ferrand,Auvergne,France,EU,EU
CS-125053,"Cindy Stewart",North,Consumer,Torreón,Managua,Nicaragua,LATAM,LATAM
CS-125054,"Cindy Stewart",West,Consumer,Thomasville,Ohio,"United States",US,"North America"
CS-18451,"Cari Sayre",Africa,Corporate,Mogadishu,Mbeya,Tanzania,Africa,Africa
CS-18452,"Cari Sayre",EMEA,Corporate,Silivri,Istanbul,Turkey,EMEA,EMEA
CS-18601,"Cari Schnelling",Africa,Consumer,Hargeysa,"Woqooyi Galbeed",Somalia,Africa,Africa
CS-18602,"Cari Schnelling",EMEA,Consumer,Silopi,Sirnak,Turkey,EMEA,EMEA
CS-19501,"Carlos Soltero",Africa,Consumer,Tanga,Tanga,Tanzania,Africa,Africa
CS-19502,"Carlos Soltero",Canada,Consumer,Vancouver,Quebec,Canada,Canada,"North America"
CS-19503,"Carlos Soltero",EMEA,Consumer,Istanbul,Istanbul,Turkey,EMEA,EMEA
CS-21301,"Chad Sievert",Africa,Consumer,Kananga,Nord,"Democratic Republic of the Congo",Africa,Africa
CS-21302,"Chad Sievert",Canada,Consumer,Edmonton,Alberta,Canada,Canada,"North America"
CS-21303,"Chad Sievert",EMEA,Consumer,Istanbul,Istanbul,Turkey,EMEA,EMEA
CS-21751,"Charles Sheldon",Africa,Corporate,Shinyanga,Shinyanga,Tanzania,Africa,Africa
CS-21752,"Charles Sheldon",EMEA,Corporate,Yazd,Yazd,Poland,EMEA,EMEA
CS-22501,"Chris Selesnick",Africa,Corporate,Benghazi,Banghazi,Libya,Africa,Africa
CS-22502,"Chris Selesnick",EMEA,Corporate,Istanbul,Silesia,Turkey,EMEA,EMEA
CS-23551,"Christine Sundaresam",Africa,Consumer,Rabat,Rabat-Salé-Zemmour-Zaer,"South Africa",Africa,Africa
CS-23552,"Christine Sundaresam",EMEA,Consumer,Qom,Qom,Ukraine,EMEA,EMEA
CS-24001,"Christopher Schild",Africa,"Home Office",Mogadishu,Djibouti,Somalia,Africa,Africa
CS-24002,"Christopher Schild",EMEA,"Home Office",Iasi,Southern,Romania,EMEA,EMEA
CS-24601,"Chuck Sachs",Africa,Consumer,"Wad Madani",Suhaj,Zimbabwe,Africa,Africa
CS-24602,"Chuck Sachs",EMEA,Consumer,Kermanshah,Kermanshah,Turkey,EMEA,EMEA
CS-24901,"Cindy Schnelling",Africa,Corporate,Springs,Gauteng,"South Africa",Africa,Africa
CS-24902,"Cindy Schnelling",EMEA,Corporate,Irkutsk,Irkutsk,Russia,EMEA,EMEA
CS-25051,"Cindy Stewart",Africa,Consumer,Quelimane,Zambezia,Zambia,Africa,Africa
CS-25052,"Cindy Stewart",EMEA,Consumer,"Torbat-e Heydariyeh",Ternopil',Ukraine,EMEA,EMEA
CT-119951,"Carol Triggs",Oceania,Consumer,Seoul,Victoria,"South Korea",APAC,APAC
CT-119952,"Carol Triggs",South,Consumer,Valladolid,Scotland,"United Kingdom",EU,EU
CT-119953,"Carol Triggs",South,Consumer,"Panama City",Santander,Panama,LATAM,LATAM
CT-119954,"Carol Triggs",West,Consumer,Tucson,Texas,"United States",US,"North America"
CT-19951,"Carol Triggs",EMEA,Consumer,Kirsehir,Kirsehir,Ukraine,EMEA,EMEA
CV-122951,"Christina VanderZanden","Southeast Asia",Consumer,Zaozhuang,Yangon,"Myanmar (Burma)",APAC,APAC
CV-122952,"Christina VanderZanden",North,Consumer,Poole,Wales,"United Kingdom",EU,EU
CV-122953,"Christina VanderZanden",South,Consumer,Tlalnepantla,"Santo Domingo",Mexico,LATAM,LATAM
CV-122954,"Christina VanderZanden",West,Consumer,"New York City","New York","United States",US,"North America"
CV-128051,"Cynthia Voltz","Southeast Asia",Corporate,"San Pedro",Maharashtra,Philippines,APAC,APAC
CV-128052,"Cynthia Voltz",North,Corporate,Stuttgart,Rhineland-Palatinate,"United Kingdom",EU,EU
CV-128053,"Cynthia Voltz",South,Corporate,Floridablanca,Santander,Colombia,LATAM,LATAM
CV-128054,"Cynthia Voltz",West,Corporate,"San Francisco",Texas,"United States",US,"North America"
CV-22951,"Christina VanderZanden",Africa,Consumer,Likasi,Nord,Nigeria,Africa,Africa
CV-22952,"Christina VanderZanden",EMEA,Consumer,Giurgiu,Sirnak,Turkey,EMEA,EMEA
CV-28051,"Cynthia Voltz",Africa,Corporate,Musoma,"Western Cape",Tanzania,Africa,Africa
CV-28052,"Cynthia Voltz",EMEA,Corporate,Prague,Prague,Turkey,EMEA,EMEA
CW-119051,"Carl Weiss","Southeast Asia","Home Office",Sydney,"Western Australia",Philippines,APAC,APAC
CW-119052,"Carl Weiss",South,"Home Office",Pontivy,Scotland,"United Kingdom",EU,EU
CW-119053,"Carl Weiss",North,"Home Office",Soyapango,"San Salvador",Nicaragua,LATAM,LATAM
CW-119054,"Carl Weiss",West,"Home Office",Newark,Texas,"United States",US,"North America"
CW-19051,"Carl Weiss",Africa,"Home Office",Lubumbashi,Nord-Ouest,"Democratic Republic of the Congo",Africa,Africa
CW-19052,"Carl Weiss",EMEA,"Home Office",Beirut,Beirut,Lebanon,EMEA,EMEA
CY-127451,"Craig Yedwab","Southeast Asia",Corporate,Tamworth,"Western Australia",Nepal,APAC,APAC
CY-127452,"Craig Yedwab",South,Corporate,Vienna,Vienna,Spain,EU,EU
CY-127453,"Craig Yedwab",South,Corporate,Tijuana,"Santo Domingo",Mexico,LATAM,LATAM
CY-127454,"Craig Yedwab",West,Corporate,Springfield,Texas,"United States",US,"North America"
CY-27451,"Craig Yedwab",Africa,Corporate,Ouidah,Oyo,Nigeria,Africa,Africa
CY-27452,"Craig Yedwab",EMEA,Corporate,Lisichansk,Luhans'k,Ukraine,EMEA,EMEA
DA-134501,"Dianna Arnett","Southeast Asia","Home Office",Thane,"Sumatera Selatan","New Zealand",APAC,APAC
DA-134502,"Dianna Arnett",South,"Home Office",Zaanstad,"North Rhine-Westphalia","United Kingdom",EU,EU
DA-134503,"Dianna Arnett",South,"Home Office",Tepic,"Sancti Spíritus",Nicaragua,LATAM,LATAM
DA-134504,"Dianna Arnett",South,"Home Office",Washington,Virginia,"United States",US,"North America"
DA-34501,"Dianna Arnett",Africa,"Home Office",Kinshasa,Kinshasa,Egypt,Africa,Africa
DA-34502,"Dianna Arnett",EMEA,"Home Office",Linz,"Upper Austria",Jordan,EMEA,EMEA
DB-129101,"Daniel Byrd","Southeast Asia","Home Office",Sunbury,Victoria,Indonesia,APAC,APAC
DB-129102,"Daniel Byrd",South,"Home Office",Parma,"North Rhine-Westphalia","United Kingdom",EU,EU
DB-129103,"Daniel Byrd",South,"Home Office","Santo Domingo","Santo Domingo",Venezuela,LATAM,LATAM
DB-129104,"Daniel Byrd",West,"Home Office",Tampa,Texas,"United States",US,"North America"
DB-129701,"Darren Budd",Oceania,Corporate,Mandurah,"Western Australia",Australia,APAC,APAC
DB-129702,"Darren Budd",North,Corporate,Tourcoing,Nord-Pas-de-Calais,"United Kingdom",EU,EU
DB-129703,"Darren Budd",West,Corporate,"New York City",Texas,"United States",US,"North America"
DB-130601,"Dave Brooks","Southeast Asia",Consumer,Yangzhou,"Thủ Dô Hà Nội",Vietnam,APAC,APAC
DB-130602,"Dave Brooks",South,Consumer,Villiers-le-Bel,Thuringia,"United Kingdom",EU,EU
DB-130603,"Dave Brooks",South,Consumer,Zapopan,Managua,Venezuela,LATAM,LATAM
DB-130604,"Dave Brooks",West,Consumer,Skokie,Washington,"United States",US,"North America"
DB-131201,"David Bremer",Oceania,Corporate,Sydney,Tasmania,India,APAC,APAC
DB-131202,"David Bremer",South,Corporate,Marseille,"Provence-Alpes-Côte d'Azur",Spain,EU,EU
DB-131203,"David Bremer",South,Corporate,Maturín,Monagas,Venezuela,LATAM,LATAM
DB-131204,"David Bremer",West,Corporate,Tampa,Texas,"United States",US,"North America"
DB-132101,"Dean Braden","Southeast Asia",Consumer,Srinagar,Victoria,Vietnam,APAC,APAC
DB-132102,"Dean Braden",South,Consumer,Madrid,Madrid,"United Kingdom",EU,EU
DB-132103,"Dean Braden",South,Consumer,"São Paulo","São Paulo",Panama,LATAM,LATAM
DB-132104,"Dean Braden",West,Consumer,"San Francisco",Texas,"United States",US,"North America"
DB-132701,"Deborah Brumfield","Southeast Asia","Home Office",Xi'an,Victoria,Philippines,APAC,APAC
DB-132702,"Deborah Brumfield",South,"Home Office","The Hague","South Holland",Spain,EU,EU
DB-132703,"Deborah Brumfield",South,"Home Office",Trujillo,Quezaltenango,Peru,LATAM,LATAM
DB-132704,"Deborah Brumfield",West,"Home Office","San Diego",Texas,"United States",US,"North America"
DB-133601,"Dennis Bolton","Southeast Asia","Home Office",Seoul,Seoul,Vietnam,APAC,APAC
DB-133602,"Dennis Bolton",South,"Home Office",Vienna,Vienna,"United Kingdom",EU,EU
DB-133603,"Dennis Bolton",South,"Home Office","Taboão da Serra",Yoro,Honduras,LATAM,LATAM
DB-133604,"Dennis Bolton",West,"Home Office",Waterbury,Utah,"United States",US,"North America"
DB-134051,"Denny Blanton","Southeast Asia",Consumer,Wuxi,Rajasthan,Vietnam,APAC,APAC
DB-134052,"Denny Blanton",South,Consumer,Saumur,"South Denmark","United Kingdom",EU,EU
DB-134053,"Denny Blanton",South,Consumer,Tegucigalpa,Tamaulipas,Panama,LATAM,LATAM
DB-134054,"Denny Blanton",South,Consumer,Orlando,"New York","United States",US,"North America"
DB-135551,"Dorothy Badders","Southeast Asia",Corporate,Semarang,"Western Australia",Philippines,APAC,APAC
DB-135552,"Dorothy Badders",North,Corporate,London,Hamburg,"United Kingdom",EU,EU
DB-135553,"Dorothy Badders",South,Corporate,"Tuxtla Gutiérrez","São Paulo",Panama,LATAM,LATAM
DB-135554,"Dorothy Badders",South,Corporate,Raleigh,Texas,"United States",US,"North America"
DB-136151,"Doug Bickford",Oceania,Consumer,Palmerston,"Uttar Pradesh",India,APAC,APAC
DB-136152,"Doug Bickford",Central,Consumer,Wilhelmshaven,"North Rhine-Westphalia",Germany,EU,EU
DB-136153,"Doug Bickford",South,Consumer,Santiago,Santiago,Peru,LATAM,LATAM
DB-136154,"Doug Bickford",West,Consumer,Tucson,Washington,"United States",US,"North America"
DB-136601,"Duane Benoit","Southeast Asia",Consumer,Zhenjiang,Queensland,Philippines,APAC,APAC
DB-136602,"Duane Benoit",South,Consumer,Stockholm,Stockholm,"United Kingdom",EU,EU
DB-136603,"Duane Benoit",South,Consumer,"San Pedro Sula",Panama,Panama,LATAM,LATAM
DB-136604,"Duane Benoit",West,Consumer,Oceanside,Texas,"United States",US,"North America"
DB-29101,"Daniel Byrd",Africa,"Home Office",Ndola,Nord-Ouest,Zambia,Africa,Africa
DB-29102,"Daniel Byrd",Canada,"Home Office",Whitby,Ontario,Canada,Canada,"North America"
DB-29103,"Daniel Byrd",EMEA,"Home Office",Poznan,"Razavi Khorasan",Poland,EMEA,EMEA
DB-29701,"Darren Budd",Africa,Corporate,Bertoua,Est,Cameroon,Africa,Africa
DB-29702,"Darren Budd",EMEA,Corporate,Tbilisi,Tbilisi,Ukraine,EMEA,EMEA
DB-30601,"Dave Brooks",Africa,Consumer,Pretoria,Ondo,"South Africa",Africa,Africa
DB-30602,"Dave Brooks",EMEA,Consumer,Rijeka,Qom,Turkey,EMEA,EMEA
DB-31201,"David Bremer",Africa,Corporate,Sale,Rabat-Salé-Zemmour-Zaer,Nigeria,Africa,Africa
DB-31202,"David Bremer",Canada,Corporate,Montréal,Quebec,Canada,Canada,"North America"
DB-32101,"Dean Braden",Africa,Consumer,Mbuji-mayi,Lagos,Zimbabwe,Africa,Africa
DB-32102,"Dean Braden",EMEA,Consumer,Ankara,Ankara,Turkey,EMEA,EMEA
DB-32701,"Deborah Brumfield",Africa,"Home Office",Annaba,Annaba,Algeria,Africa,Africa
DB-32702,"Deborah Brumfield",EMEA,"Home Office",Bishkek,Bishkek,Kyrgyzstan,EMEA,EMEA
DB-33601,"Dennis Bolton",Africa,"Home Office",Yaounde,Copperbelt,Zambia,Africa,Africa
DB-34051,"Denny Blanton",EMEA,Consumer,Istanbul,Mehedinti,Turkey,EMEA,EMEA
DB-35551,"Dorothy Badders",Africa,Corporate,"Bur Sudan","Red Sea",Sudan,Africa,Africa
DB-35552,"Dorothy Badders",EMEA,Corporate,Jeddah,Makkah,Turkey,EMEA,EMEA
DB-36151,"Doug Bickford",Africa,Consumer,Lusaka,Lusaka,Zambia,Africa,Africa
DB-36152,"Doug Bickford",EMEA,Consumer,Bytom,Silesia,Poland,EMEA,EMEA
DB-36601,"Duane Benoit",Africa,Consumer,Cairo,"Al Qahirah",Egypt,Africa,Africa
DB-36602,"Duane Benoit",EMEA,Consumer,Istanbul,Istanbul,Turkey,EMEA,EMEA
DC-128501,"Dan Campbell","Southeast Asia",Consumer,Wuhan,"Western Australia",Philippines,APAC,APAC
DC-128502,"Dan Campbell",Central,Consumer,Marseille,"Provence-Alpes-Côte d'Azur",Germany,EU,EU
DC-128503,"Dan Campbell",South,Consumer,Tlalpan,Tamaulipas,Peru,LATAM,LATAM
DC-128504,"Dan Campbell",South,Consumer,Roseville,Texas,"United States",US,"North America"
DC-132851,"Debra Catini","North Asia",Consumer,Tokyo,Tokyo,Pakistan,APAC,APAC
DC-132852,"Debra Catini",Central,Consumer,Minden,"Provence-Alpes-Côte d'Azur",Germany,EU,EU
DC-132853,"Debra Catini",South,Consumer,Tegucigalpa,"São Paulo",Mexico,LATAM,LATAM
DC-132854,"Debra Catini",West,Consumer,"Warner Robins",Virginia,"United States",US,"North America"
DC-28501,"Dan Campbell",Africa,Consumer,Maradi,Maradi,Zambia,Africa,Africa
DC-28502,"Dan Campbell",Canada,Consumer,Oshawa,Ontario,Canada,Canada,"North America"
DC-28503,"Dan Campbell",EMEA,Consumer,Hamadan,Pomerania,Poland,EMEA,EMEA
DC-32851,"Debra Catini",Africa,Consumer,Tamale,Tipaza,Ghana,Africa,Africa
DC-32852,"Debra Catini",EMEA,Consumer,Bursa,Bursa,Turkey,EMEA,EMEA
DD-135701,"Dorothy Dickinson","Southeast Asia",Consumer,"San Jose del Monte",Hunan,Philippines,APAC,APAC
DD-135702,"Dorothy Dickinson",South,Consumer,Valladolid,"South Holland","United Kingdom",EU,EU
DD-135703,"Dorothy Dickinson",South,Consumer,Progreso,Yucatán,Panama,LATAM,LATAM
DD-135704,"Dorothy Dickinson",West,Consumer,Philadelphia,Virginia,"United States",US,"North America"
DD-35701,"Dorothy Dickinson",Africa,Consumer,Pietermaritzburg,Kwazulu-natal,Zambia,Africa,Africa
DD-35702,"Dorothy Dickinson",EMEA,Consumer,Vienna,Vienna,Lithuania,EMEA,EMEA
DE-132551,"Deanra Eno",Oceania,"Home Office",Wodonga,Zhejiang,"Sri Lanka",APAC,APAC
DE-132552,"Deanra Eno",South,"Home Office",Villefontaine,Rhône-Alpes,Spain,EU,EU
DE-132553,"Deanra Eno",South,"Home Office","Villa Nueva","Santo Domingo",Venezuela,LATAM,LATAM
DE-132554,"Deanra Eno",West,"Home Office",Springfield,Ohio,"United States",US,"North America"
DE-32551,"Deanra Eno",Africa,"Home Office",Alexandria,Souss-Massa-Draâ,Morocco,Africa,Africa
DE-32552,"Deanra Eno",EMEA,"Home Office",Ufa,Shumen,Ukraine,EMEA,EMEA
DF-131351,"David Flashing","Southeast Asia",Consumer,Waitakere,Victoria,"New Zealand",APAC,APAC
DF-131352,"David Flashing",South,Consumer,Valencia,Valenciana,"United Kingdom",EU,EU
DF-131353,"David Flashing",South,Consumer,Tulancingo,Michoacán,Mexico,LATAM,LATAM
DF-131354,"David Flashing",West,Consumer,Vallejo,"New York","United States",US,"North America"
DF-31351,"David Flashing",Africa,Consumer,Kinshasa,Kinshasa,Morocco,Africa,Africa
DF-31352,"David Flashing",EMEA,Consumer,Sarkand,Ankara,Turkey,EMEA,EMEA
DG-133001,"Deirdre Greer",Oceania,Corporate,Xinzhou,"Uttar Pradesh",India,APAC,APAC
DG-133002,"Deirdre Greer",South,Corporate,Vienna,Vienna,Spain,EU,EU
DG-133003,"Deirdre Greer",South,Corporate,"Mexico City",Sinaloa,Peru,LATAM,LATAM
DG-133004,"Deirdre Greer",West,Corporate,Seattle,Washington,"United States",US,"North America"
DG-33001,"Deirdre Greer",Africa,Corporate,Yaounde,Oyo,Nigeria,Africa,Africa
DG-33002,"Deirdre Greer",EMEA,Corporate,Sincan,Ankara,Turkey,EMEA,EMEA
DH-130751,"Dave Hallsten","Southeast Asia",Corporate,Paraparaumu,Yogyakarta,Philippines,APAC,APAC
DH-130752,"Dave Hallsten",South,Corporate,Tremblay-en-France,Rhône-Alpes,Italy,EU,EU
DH-130753,"Dave Hallsten",South,Corporate,"San Salvador","San Salvador",Panama,LATAM,LATAM
DH-130754,"Dave Hallsten",West,Corporate,Richmond,Texas,"United States",US,"North America"
DH-136751,"Duane Huffman","Southeast Asia","Home Office",Nagercoil,"Uttar Pradesh",Philippines,APAC,APAC
DH-136752,"Duane Huffman",North,"Home Office",Stoke-on-Trent,"Upper Normandy","United Kingdom",EU,EU
DH-136753,"Duane Huffman",South,"Home Office",Tegucigalpa,Sinaloa,Panama,LATAM,LATAM
DH-136754,"Duane Huffman",West,"Home Office","San Francisco",Virginia,"United States",US,"North America"
DH-30751,"Dave Hallsten",Africa,Corporate,Pretoria,Malanje,"South Africa",Africa,Africa
DH-30752,"Dave Hallsten",EMEA,Corporate,Ufa,Mersin,Turkey,EMEA,EMEA
DH-36751,"Duane Huffman",Africa,"Home Office","Port Harcourt",Rivers,Tanzania,Africa,Africa
DH-36752,"Duane Huffman",Canada,"Home Office",Brampton,Ontario,Canada,Canada,"North America"
DH-36753,"Duane Huffman",EMEA,"Home Office",Vienna,Vienna,Turkey,EMEA,EMEA
DJ-134201,"Denny Joy","Southeast Asia",Corporate,Wuxi,"Western Visayas",Vietnam,APAC,APAC
DJ-134202,"Denny Joy",South,Corporate,Zamora,Saxony-Anhalt,"United Kingdom",EU,EU
DJ-134203,"Denny Joy",South,Corporate,Villahermosa,Tabasco,Mexico,LATAM,LATAM
DJ-134204,"Denny Joy",West,Corporate,"Warner Robins",Wisconsin,"United States",US,"North America"
DJ-135101,"Don Jones","Southeast Asia",Corporate,Tamworth,Zhejiang,Indonesia,APAC,APAC
DJ-135102,"Don Jones",South,Corporate,"Torre del Greco",Murcia,"United Kingdom",EU,EU
DJ-135103,"Don Jones",South,Corporate,Torreón,"São Paulo",Mexico,LATAM,LATAM
DJ-135104,"Don Jones",West,Corporate,Woonsocket,Tennessee,"United States",US,"North America"
DJ-136301,"Doug Jacobs","Southeast Asia",Consumer,Suzhou,Yunnan,Vietnam,APAC,APAC
DJ-136302,"Doug Jacobs",South,Consumer,Schwerin,Scotland,"United Kingdom",EU,EU
DJ-136303,"Doug Jacobs",South,Consumer,"Santo Domingo","Santo Domingo",Panama,LATAM,LATAM
DJ-136304,"Doug Jacobs",West,Consumer,Portland,Oregon,"United States",US,"North America"
DJ-34201,"Denny Joy",Africa,Corporate,Kinshasa,Kinshasa,Nigeria,Africa,Africa
DJ-34202,"Denny Joy",EMEA,Corporate,Baku,Baki,Azerbaijan,EMEA,EMEA
DJ-35101,"Don Jones",Africa,Corporate,Lusaka,Lusaka,Zambia,Africa,Africa
DJ-35102,"Don Jones",Canada,Corporate,Windsor,Ontario,Canada,Canada,"North America"
DJ-35103,"Don Jones",EMEA,Corporate,Zhytomyr,Zhytomyr,Ukraine,EMEA,EMEA
DJ-36301,"Doug Jacobs",Africa,Consumer,Nakuru,"Rift Valley",Kenya,Africa,Africa
DJ-36302,"Doug Jacobs",EMEA,Consumer,"Satu Mare","Satu Mare",Turkey,EMEA,EMEA
DK-128351,"Damala Kotsonis","Southeast Asia",Corporate,Waitakere,"Western Australia",Philippines,APAC,APAC
DK-128352,"Damala Kotsonis",South,Corporate,Strasbourg,"Upper Normandy","United Kingdom",EU,EU
DK-128353,"Damala Kotsonis",South,Corporate,"Santo Domingo","Santo Domingo",Panama,LATAM,LATAM
DK-128354,"Damala Kotsonis",West,Corporate,Springfield,Virginia,"United States",US,"North America"
DK-128951,"Dana Kaydos","Southeast Asia",Consumer,Tasikmalaya,Sabah,Malaysia,APAC,APAC
DK-128952,"Dana Kaydos",South,Consumer,Vincennes,Stockholm,Sweden,EU,EU
DK-128953,"Dana Kaydos",South,Consumer,"São Paulo","São Paulo",Panama,LATAM,LATAM
DK-128954,"Dana Kaydos",West,Consumer,Seattle,Wisconsin,"United States",US,"North America"
DK-129851,"Darren Koutras","Southeast Asia",Consumer,Traralgon,Victoria,Vietnam,APAC,APAC
DK-129852,"Darren Koutras",South,Consumer,Villiers-sur-Marne,"North Rhine-Westphalia","United Kingdom",EU,EU
DK-129853,"Darren Koutras",South,Consumer,Tijuana,"Santo Domingo",Nicaragua,LATAM,LATAM
DK-129854,"Darren Koutras",West,Consumer,Springfield,Tennessee,"United States",US,"North America"
DK-130901,"Dave Kipp","Southeast Asia",Consumer,Xiangtan,"Western Australia",Thailand,APAC,APAC
DK-130902,"Dave Kipp",South,Consumer,Vienna,Vienna,Spain,EU,EU
DK-130903,"Dave Kipp",Central,Consumer,"Santo Domingo","Santo Domingo",Panama,LATAM,LATAM
DK-130904,"Dave Kipp",West,Consumer,Springfield,Washington,"United States",US,"North America"
DK-131501,"David Kendrick","Southeast Asia",Corporate,Maryborough,Zhejiang,Philippines,APAC,APAC
DK-131502,"David Kendrick",South,Corporate,Stockholm,Stockholm,Sweden,EU,EU
DK-131503,"David Kendrick",South,Corporate,Soyapango,"San Salvador",Nicaragua,LATAM,LATAM
DK-131504,"David Kendrick",East,Corporate,"New York City","New York","United States",US,"North America"
DK-132251,"Dean Katz","Southeast Asia",Corporate,Rawalpindi,Queensland,Pakistan,APAC,APAC
DK-132252,"Dean Katz",South,Corporate,Vitoria,Sicily,"United Kingdom",EU,EU
DK-132253,"Dean Katz",South,Corporate,Tlalpan,Santiago,Mexico,LATAM,LATAM
DK-132254,"Dean Katz",West,Corporate,"San Francisco",Pennsylvania,"United States",US,"North America"
DK-133751,"Dennis Kane","Southeast Asia",Consumer,Townsville,Singapore,Singapore,APAC,APAC
DK-133752,"Dennis Kane",South,Consumer,"The Hague","South Holland","United Kingdom",EU,EU
DK-133753,"Dennis Kane",South,Consumer,Victoria,Tamaulipas,Panama,LATAM,LATAM
DK-133754,"Dennis Kane",West,Consumer,Westland,Washington,"United States",US,"North America"
DK-28351,"Damala Kotsonis",Africa,Corporate,Saida,Saida,Nigeria,Africa,Africa
DK-28352,"Damala Kotsonis",EMEA,Corporate,Namangan,Namangan,Uzbekistan,EMEA,EMEA
DK-28951,"Dana Kaydos",Africa,Consumer,Sale,Rabat-Salé-Zemmour-Zaer,Morocco,Africa,Africa
DK-28952,"Dana Kaydos",EMEA,Consumer,Zahedan,Ulaanbaatar,Poland,EMEA,EMEA
DK-29851,"Darren Koutras",Africa,Consumer,Kano,Kano,Nigeria,Africa,Africa
DK-30901,"Dave Kipp",Africa,Consumer,Ibadan,Oyo,Nigeria,Africa,Africa
DK-30902,"Dave Kipp",EMEA,Consumer,Ufa,Bashkortostan,Russia,EMEA,EMEA
DK-31501,"David Kendrick",Africa,Corporate,Rustenburg,North-West,"South Africa",Africa,Africa
DK-31502,"David Kendrick",EMEA,Corporate,Tbilisi,Tbilisi,Ukraine,EMEA,EMEA
DK-32251,"Dean Katz",Africa,Corporate,Mogadishu,"Western Cape","South Africa",Africa,Africa
DK-32252,"Dean Katz",EMEA,Corporate,Medina,Istanbul,Turkey,EMEA,EMEA
DK-33751,"Dennis Kane",Africa,Consumer,Lichinga,"Western Cape","South Africa",Africa,Africa
DK-33752,"Dennis Kane",Canada,Consumer,Vancouver,"British Columbia",Canada,Canada,"North America"
DK-33753,"Dennis Kane",EMEA,Consumer,Warsaw,Tehran,"Saudi Arabia",EMEA,EMEA
DL-128651,"Dan Lawera","Southeast Asia",Consumer,"New Plymouth","Western Visayas",Philippines,APAC,APAC
DL-128652,"Dan Lawera",South,Consumer,Zeist,Vienna,"United Kingdom",EU,EU
DL-128653,"Dan Lawera",South,Consumer,Zapopan,Yucatán,Mexico,LATAM,LATAM
DL-128654,"Dan Lawera",West,Consumer,"New York City",Texas,"United States",US,"North America"
DL-129251,"Daniel Lacy","Southeast Asia",Consumer,Wollongong,Wellington,"New Zealand",APAC,APAC
DL-129252,"Daniel Lacy",Central,Consumer,Castrop-Rauxel,"North Rhine-Westphalia",Germany,EU,EU
DL-129253,"Daniel Lacy",South,Consumer,Vitória,Yucatán,Venezuela,LATAM,LATAM
DL-129254,"Daniel Lacy",West,Consumer,Oceanside,"North Carolina","United States",US,"North America"
DL-133151,"Delfina Latchford","Southeast Asia",Consumer,Seremban,Wellington,"New Zealand",APAC,APAC
DL-133152,"Delfina Latchford",South,Consumer,Wuppertal,"North Rhine-Westphalia","United Kingdom",EU,EU
DL-133153,"Delfina Latchford",North,Consumer,Tegucigalpa,Panama,Panama,LATAM,LATAM
DL-133154,"Delfina Latchford",West,Consumer,Romeoville,Tennessee,"United States",US,"North America"
DL-133301,"Denise Leinenbach",Oceania,Consumer,"Wagga Wagga","Western Australia","New Zealand",APAC,APAC
DL-133302,"Denise Leinenbach",South,Consumer,Wuppertal,"South Holland","United Kingdom",EU,EU
DL-133303,"Denise Leinenbach",South,Consumer,Tegucigalpa,"Villa Clara",Mexico,LATAM,LATAM
DL-133304,"Denise Leinenbach",West,Consumer,"New York City","North Carolina","United States",US,"North America"
DL-134951,"Dionis Lloyd",Oceania,Corporate,Tumkur,"New South Wales","New Zealand",APAC,APAC
DL-134952,"Dionis Lloyd",South,Corporate,Walsall,Valenciana,"United Kingdom",EU,EU
DL-134953,"Dionis Lloyd",South,Corporate,Tipitapa,Yucatán,Nicaragua,LATAM,LATAM
DL-134954,"Dionis Lloyd",West,Corporate,"Thousand Oaks",Washington,"United States",US,"North America"
Dl-136001,"Dorris liebe","Southeast Asia",Corporate,Tawau,Western,Thailand,APAC,APAC
Dl-136002,"Dorris liebe",South,Corporate,Mont-de-Marsan,Rhône-Alpes,"United Kingdom",EU,EU
Dl-136003,"Dorris liebe",Central,Corporate,"El Progreso",Yoro,Honduras,LATAM,LATAM
Dl-136004,"Dorris liebe",West,Corporate,Seattle,Washington,"United States",US,"North America"
DL-28651,"Dan Lawera",Africa,Consumer,Skikda,Skikda,Sudan,Africa,Africa
DL-28652,"Dan Lawera",Canada,Consumer,Vancouver,"British Columbia",Canada,Canada,"North America"
DL-28653,"Dan Lawera",EMEA,Consumer,Shiraz,Klaipeda,Turkey,EMEA,EMEA
DL-29251,"Daniel Lacy",Africa,Consumer,Kano,Kano,Nigeria,Africa,Africa
DL-29252,"Daniel Lacy",EMEA,Consumer,Soma,Qaraghandy,Ukraine,EMEA,EMEA
DL-33151,"Delfina Latchford",Africa,Consumer,"Thies Nones",Thies,Senegal,Africa,Africa
DL-33152,"Delfina Latchford",EMEA,Consumer,Shahreza,Hrodna,Russia,EMEA,EMEA
DL-33301,"Denise Leinenbach",Africa,Consumer,Bamenda,Nord-Ouest,Cameroon,Africa,Africa
DL-33302,"Denise Leinenbach",Canada,Consumer,Brampton,Ontario,Canada,Canada,"North America"
DL-33303,"Denise Leinenbach",EMEA,Consumer,Arbil,Arbil,Iraq,EMEA,EMEA
DL-34951,"Dionis Lloyd",Africa,Corporate,Luanda,Luanda,Nigeria,Africa,Africa
DL-34952,"Dionis Lloyd",EMEA,Corporate,Bursa,Bursa,Turkey,EMEA,EMEA
Dl-36001,"Dorris liebe",Africa,Corporate,Saint-Louis,Saint-Louis,Togo,Africa,Africa
Dl-36002,"Dorris liebe",EMEA,Corporate,Kozan,Jizan,Turkey,EMEA,EMEA
DM-129551,"Dario Medina","Southeast Asia",Corporate,Zhengzhou,Tasmania,Thailand,APAC,APAC
DM-129552,"Dario Medina",North,Corporate,London,Stockholm,"United Kingdom",EU,EU
DM-129553,"Dario Medina",South,Corporate,"San Pedro Sula",Sinaloa,Panama,LATAM,LATAM
DM-129554,"Dario Medina",West,Corporate,Yuma,Texas,"United States",US,"North America"
DM-130151,"Darrin Martin","Southeast Asia",Consumer,Tauranga,"Sumatera Utara",Philippines,APAC,APAC
DM-130152,"Darrin Martin",South,Consumer,Seville,Sardinia,Spain,EU,EU
DM-130153,"Darrin Martin",North,Consumer,Quetzaltenango,Quezaltenango,Nicaragua,LATAM,LATAM
DM-130154,"Darrin Martin",West,Consumer,"San Antonio",Texas,"United States",US,"North America"
DM-133451,"Denise Monton","Southeast Asia",Corporate,Varanasi,Victoria,Pakistan,APAC,APAC
DM-133452,"Denise Monton",South,Corporate,Worms,Stockholm,"United Kingdom",EU,EU
DM-133453,"Denise Monton",South,Corporate,"Tuxtla Gutiérrez",Zulia,Venezuela,LATAM,LATAM
DM-133454,"Denise Monton",West,Corporate,"San Francisco",Ohio,"United States",US,"North America"
DM-135251,"Don Miller",Oceania,Corporate,Vijayawada,Sichuan,"New Zealand",APAC,APAC
DM-135252,"Don Miller",South,Corporate,Tallaght,Tuscany,Italy,EU,EU
DM-135253,"Don Miller",South,Corporate,Pirapora,Veracruz,Mexico,LATAM,LATAM
DM-135254,"Don Miller",South,Corporate,"Palm Coast",Texas,"United States",US,"North America"
DM-29551,"Dario Medina",Africa,Corporate,Lagos,"South Kivu",Nigeria,Africa,Africa
DM-29552,"Dario Medina",Canada,Corporate,Mississauga,Ontario,Canada,Canada,"North America"
DM-29553,"Dario Medina",EMEA,Corporate,Tarsus,Mersin,Ukraine,EMEA,EMEA
DM-30151,"Darrin Martin",Africa,Consumer,Tunis,Tunis,Tunisia,Africa,Africa
DM-30152,"Darrin Martin",EMEA,Consumer,Kerman,Lorestan,Iraq,EMEA,EMEA
DM-33451,"Denise Monton",Africa,Corporate,Lome,Maritime,Togo,Africa,Africa
DM-33452,"Denise Monton",EMEA,Corporate,"Yanbu al Bahr",Mardin,Turkey,EMEA,EMEA
DM-35251,"Don Miller",Africa,Corporate,Kolwezi,Katanga,"Democratic Republic of the Congo",Africa,Africa
DM-35252,"Don Miller",Canada,Corporate,Winnipeg,Manitoba,Canada,Canada,"North America"
DM-35253,"Don Miller",EMEA,Corporate,Kartal,Khuzestan,Turkey,EMEA,EMEA
DN-136901,"Duane Noonan","Southeast Asia",Consumer,Zigong,Sichuan,"New Zealand",APAC,APAC
DN-136902,"Duane Noonan",South,Consumer,Sabadell,Murcia,Spain,EU,EU
DN-136903,"Duane Noonan",South,Consumer,Villahermosa,Tabasco,Mexico,LATAM,LATAM
DN-136904,"Duane Noonan",West,Consumer,Tulsa,Washington,"United States",US,"North America"
DN-36901,"Duane Noonan",Africa,Consumer,"Kafr ad Dawwar",Harare,Zimbabwe,Africa,Africa
DN-36902,"Duane Noonan",Canada,Consumer,"Richmond Hill",Ontario,Canada,Canada,"North America"
DN-36903,"Duane Noonan",EMEA,Consumer,Eskisehir,Eskisehir,Turkey,EMEA,EMEA
DO-134351,"Denny Ordway","Southeast Asia",Consumer,Srinagar,Victoria,Vietnam,APAC,APAC
DO-134352,"Denny Ordway",South,Consumer,Wiesbaden,"Provence-Alpes-Côte d'Azur",Italy,EU,EU
DO-134353,"Denny Ordway",South,Consumer,Tlalpan,Sinaloa,Nicaragua,LATAM,LATAM
DO-134354,"Denny Ordway",West,Consumer,Seattle,Washington,"United States",US,"North America"
DO-136451,"Doug O'Connell","Southeast Asia",Consumer,Whyalla,"South Australia",Japan,APAC,APAC
DO-136452,"Doug O'Connell",South,Consumer,Wuppertal,"North Rhine-Westphalia","United Kingdom",EU,EU
DO-136453,"Doug O'Connell",South,Consumer,Soyapango,Sinaloa,Mexico,LATAM,LATAM
DO-136454,"Doug O'Connell",West,Consumer,"Salt Lake City",Utah,"United States",US,"North America"
DO-34351,"Denny Ordway",Africa,Consumer,Yaounde,Oyo,"South Africa",Africa,Africa
DO-34352,"Denny Ordway",EMEA,Consumer,"Wadi as Sir","Razavi Khorasan",Ukraine,EMEA,EMEA
DO-36451,"Doug O'Connell",Africa,Consumer,Lagos,Lagos,Nigeria,Africa,Africa
DO-36452,"Doug O'Connell",Canada,Consumer,Calgary,Alberta,Canada,Canada,"North America"
DO-36453,"Doug O'Connell",EMEA,Consumer,Gdynia,Pomerania,Poland,EMEA,EMEA
DP-130001,"Darren Powers","Southeast Asia",Consumer,Yangon,Yangon,Vietnam,APAC,APAC
DP-130002,"Darren Powers",South,Consumer,Vannes,"North Rhine-Westphalia","United Kingdom",EU,EU
DP-130003,"Darren Powers",South,Consumer,"São Paulo","São Paulo",Panama,LATAM,LATAM
DP-130004,"Darren Powers",West,Consumer,"New York City",Texas,"United States",US,"North America"
DP-131051,"Dave Poirier",Oceania,Corporate,"Wagga Wagga",Queensland,"South Korea",APAC,APAC
DP-131052,"Dave Poirier",South,Corporate,Ragusa,Sicily,Italy,EU,EU
DP-131053,"Dave Poirier",South,Corporate,Villahermosa,Tabasco,Panama,LATAM,LATAM
DP-131054,"Dave Poirier",West,Corporate,Seattle,Wisconsin,"United States",US,"North America"
DP-131651,"David Philippe","Southeast Asia",Consumer,Timaru,Shanghai,"New Zealand",APAC,APAC
DP-131652,"David Philippe",South,Consumer,Utrecht,Utrecht,"United Kingdom",EU,EU
DP-131653,"David Philippe",South,Consumer,"Santo Domingo","Santo Domingo",Venezuela,LATAM,LATAM
DP-131654,"David Philippe",East,Consumer,"New York City","New York","United States",US,"North America"
Dp-132401,"Dean percer",Oceania,"Home Office",Suzhou,Yamaguchi,Japan,APAC,APAC
Dp-132402,"Dean percer",South,"Home Office",Rome,Scotland,"United Kingdom",EU,EU
Dp-132403,"Dean percer",South,"Home Office",Villahermosa,Tabasco,Venezuela,LATAM,LATAM
Dp-132404,"Dean percer",West,"Home Office",Westfield,Washington,"United States",US,"North America"
DP-133901,"Dennis Pardue","Southeast Asia","Home Office",Surabaya,Victoria,"South Korea",APAC,APAC
DP-133902,"Dennis Pardue",South,"Home Office",Stuttgart,"North Rhine-Westphalia",Italy,EU,EU
DP-133903,"Dennis Pardue",South,"Home Office",Santiago,Sergipe,Mexico,LATAM,LATAM
DP-133904,"Dennis Pardue",West,"Home Office",Tuscaloosa,Wisconsin,"United States",US,"North America"
DP-30001,"Darren Powers",Africa,Consumer,Quelimane,Zambezia,Somalia,Africa,Africa
DP-30002,"Darren Powers",Canada,Consumer,Kitchener,Ontario,Canada,Canada,"North America"
DP-30003,"Darren Powers",EMEA,Consumer,Yazd,Yazd,Turkey,EMEA,EMEA
DP-31051,"Dave Poirier",Africa,Corporate,Meknes,Meknès-Tafilalet,"South Africa",Africa,Africa
DP-31052,"Dave Poirier",EMEA,Corporate,Varna,Varna,Turkey,EMEA,EMEA
DP-31651,"David Philippe",Africa,Consumer,Man,Kano,Uganda,Africa,Africa
DP-31652,"David Philippe",EMEA,Consumer,Istanbul,Istanbul,Turkey,EMEA,EMEA
Dp-32401,"Dean percer",Africa,"Home Office",Pretoria,Kinshasa,"South Africa",Africa,Africa
Dp-32402,"Dean percer",Canada,"Home Office",Kingston,Ontario,Canada,Canada,"North America"
Dp-32403,"Dean percer",EMEA,"Home Office",Craiova,Dolj,Romania,EMEA,EMEA
DP-33901,"Dennis Pardue",Africa,"Home Office",Kigali,Kigali,"South Africa",Africa,Africa
DP-33902,"Dennis Pardue",Canada,"Home Office",Toronto,Ontario,Canada,Canada,"North America"
DP-33903,"Dennis Pardue",EMEA,"Home Office",Rasht,Volyn,Ukraine,EMEA,EMEA
DR-128801,"Dan Reichenbach","Southeast Asia",Corporate,Tianjin,Trengganu,Vietnam,APAC,APAC
DR-128802,"Dan Reichenbach",South,Corporate,Reus,"Pays de la Loire",Spain,EU,EU
DR-128803,"Dan Reichenbach",South,Corporate,Veracruz,Veracruz,Nicaragua,LATAM,LATAM
DR-128804,"Dan Reichenbach",West,Corporate,Newark,Oregon,"United States",US,"North America"
DR-129401,"Daniel Raglin","Southeast Asia","Home Office",Townsville,Uttarakhand,"South Korea",APAC,APAC
DR-129402,"Daniel Raglin",South,"Home Office",Rovigo,Veneto,"United Kingdom",EU,EU
DR-129403,"Daniel Raglin",South,"Home Office",Tlalpan,Sonsonate,Panama,LATAM,LATAM
DR-129404,"Daniel Raglin",West,"Home Office",Providence,"Rhode Island","United States",US,"North America"
DR-28801,"Dan Reichenbach",Africa,Corporate,Kisangani,Orientale,Zimbabwe,Africa,Africa
DR-28802,"Dan Reichenbach",EMEA,Corporate,Temirtau,Qaraghandy,Ukraine,EMEA,EMEA
DR-29401,"Daniel Raglin",Africa,"Home Office",Lagos,Sofala,Tanzania,Africa,Africa
DR-29402,"Daniel Raglin",EMEA,"Home Office",Mersin,Silesia,Turkey,EMEA,EMEA
DS-130301,"Darrin Sayre","Southeast Asia","Home Office",Varanasi,"Uttar Pradesh",Philippines,APAC,APAC
DS-130302,"Darrin Sayre",Central,"Home Office",Saint-Gratien,"South Holland",Netherlands,EU,EU
DS-130303,"Darrin Sayre",South,"Home Office","Santo Domingo","Santo Domingo",Nicaragua,LATAM,LATAM
DS-130304,"Darrin Sayre",West,"Home Office",Seattle,Washington,"United States",US,"North America"
DS-131801,"David Smith","Southeast Asia",Corporate,Tongchuan,Shandong,Indonesia,APAC,APAC
DS-131802,"David Smith",South,Corporate,Saint-Nazaire,"Pays de la Loire","United Kingdom",EU,EU
DS-131803,"David Smith",South,Corporate,"São Paulo",Yoro,Panama,LATAM,LATAM
DS-131804,"David Smith",West,Corporate,"San Francisco",Texas,"United States",US,"North America"
DS-30301,"Darrin Sayre",Africa,"Home Office",Maputo,"Cidade De Maputo",Mozambique,Africa,Africa
DS-30302,"Darrin Sayre",EMEA,"Home Office",Zagreb,Tyrol,Turkey,EMEA,EMEA
DS-31801,"David Smith",Africa,Corporate,Algiers,Alger,Algeria,Africa,Africa
DS-31802,"David Smith",EMEA,Corporate,Nevsehir,Nevsehir,Turkey,EMEA,EMEA
DV-130451,"Darrin Van Huff","Southeast Asia",Corporate,Perth,"Western Australia",Indonesia,APAC,APAC
DV-130452,"Darrin Van Huff",South,Corporate,Sittard,Tuscany,Spain,EU,EU
DV-130453,"Darrin Van Huff",South,Corporate,Tlalpan,"Rio Grande do Sul",Venezuela,LATAM,LATAM
DV-130454,"Darrin Van Huff",West,Corporate,"San Diego",Tennessee,"United States",US,"North America"
DV-134651,"Dianna Vittorini","Southeast Asia",Consumer,Surabaya,Telangana,Indonesia,APAC,APAC
DV-134652,"Dianna Vittorini",South,Consumer,Coventry,England,"United Kingdom",EU,EU
DV-134653,"Dianna Vittorini",South,Consumer,"São Paulo",Yucatán,Venezuela,LATAM,LATAM
DV-134654,"Dianna Vittorini",West,Consumer,Oceanside,"New York","United States",US,"North America"
DV-30451,"Darrin Van Huff",Africa,Corporate,Makurdi,Lagos,"South Africa",Africa,Africa
DV-30452,"Darrin Van Huff",EMEA,Corporate,"Tel Aviv","Tel Aviv",Ukraine,EMEA,EMEA
DV-34651,"Dianna Vittorini",Africa,Consumer,Namibe,Namibe,Ghana,Africa,Africa
DV-34652,"Dianna Vittorini",EMEA,Consumer,Karbala',Karbala',Ukraine,EMEA,EMEA
DW-131951,"David Wiener","Southeast Asia",Corporate,Yulin,Victoria,Thailand,APAC,APAC
DW-131952,"David Wiener",Central,Corporate,Nogent-sur-Oise,Picardy,Germany,EU,EU
DW-131953,"David Wiener",South,Corporate,Zihuatanejo,"San Salvador",Panama,LATAM,LATAM
DW-131954,"David Wiener",West,Corporate,Springfield,Texas,"United States",US,"North America"
DW-134801,"Dianna Wilson","Southeast Asia","Home Office",Ulhasnagar,"Uttar Pradesh",Thailand,APAC,APAC
DW-134802,"Dianna Wilson",North,"Home Office",Vienna,Vienna,"United Kingdom",EU,EU
DW-134803,"Dianna Wilson",South,"Home Office",Tegucigalpa,"São Paulo",Peru,LATAM,LATAM
DW-134804,"Dianna Wilson",West,"Home Office","San Diego",Minnesota,"United States",US,"North America"
DW-135401,"Don Weiss","Southeast Asia",Consumer,Toowoomba,Victoria,Malaysia,APAC,APAC
DW-135402,"Don Weiss",South,Consumer,Walsall,Madrid,"United Kingdom",EU,EU
DW-135403,"Don Weiss",South,Consumer,"San Salvador",Yoro,Nicaragua,LATAM,LATAM
DW-135404,"Don Weiss",West,Consumer,Seattle,Washington,"United States",US,"North America"
DW-135851,"Dorothy Wardle","Southeast Asia",Corporate,Warrnambool,Zhejiang,Vietnam,APAC,APAC
DW-135852,"Dorothy Wardle",South,Corporate,Vienna,Vienna,Italy,EU,EU
DW-135853,"Dorothy Wardle",South,Corporate,Tegucigalpa,"Villa Clara","Trinidad and Tobago",LATAM,LATAM
DW-135854,"Dorothy Wardle",West,Corporate,Westfield,Washington,"United States",US,"North America"
DW-31951,"David Wiener",Africa,Corporate,Kinshasa,Kinshasa,"Democratic Republic of the Congo",Africa,Africa
DW-31952,"David Wiener",EMEA,Corporate,Shahriar,Tehran,Turkey,EMEA,EMEA
DW-34801,"Dianna Wilson",Africa,"Home Office",Kinshasa,Kinshasa,Rwanda,Africa,Africa
DW-34802,"Dianna Wilson",Canada,"Home Office",Toronto,Ontario,Canada,Canada,"North America"
DW-34803,"Dianna Wilson",EMEA,"Home Office",Ternopil',Ternopil',Uzbekistan,EMEA,EMEA
DW-35401,"Don Weiss",Africa,Consumer,Ibadan,Oyo,Nigeria,Africa,Africa
DW-35402,"Don Weiss",Canada,Consumer,Toronto,Ontario,Canada,Canada,"North America"
DW-35403,"Don Weiss",EMEA,Consumer,Taizz,Ta'izz,Yemen,EMEA,EMEA
DW-35851,"Dorothy Wardle",Africa,Corporate,Rabat,Rabat-Salé-Zemmour-Zaer,Nigeria,Africa,Africa
DW-35852,"Dorothy Wardle",Canada,Corporate,Richmond,"British Columbia",Canada,Canada,"North America"
EA-140351,"Erin Ashbrook","Southeast Asia",Corporate,Whangarei,Victoria,Singapore,APAC,APAC
EA-140352,"Erin Ashbrook",South,Corporate,London,"Upper Normandy","United Kingdom",EU,EU
EA-140353,"Erin Ashbrook",South,Corporate,Tijuana,Yoro,Panama,LATAM,LATAM
EA-140354,"Erin Ashbrook",West,Corporate,Springfield,Texas,"United States",US,"North America"
EA-40351,"Erin Ashbrook",EMEA,Corporate,Rybnik,Silesia,Turkey,EMEA,EMEA
EB-137051,"Ed Braxton","Southeast Asia",Corporate,Townsville,Waikato,"New Zealand",APAC,APAC
EB-137052,"Ed Braxton",South,Corporate,Stockholm,"Upper Normandy",Sweden,EU,EU
EB-137053,"Ed Braxton",South,Corporate,Tlalnepantla,"San Salvador",Mexico,LATAM,LATAM
EB-137054,"Ed Braxton",West,Corporate,"San Francisco",Texas,"United States",US,"North America"
EB-137501,"Edward Becker","Southeast Asia",Corporate,Singapore,Singapore,Singapore,APAC,APAC
EB-137502,"Edward Becker",North,Corporate,Six-Fours-les-Plages,"Upper Austria",Norway,EU,EU
EB-137503,"Edward Becker",South,Corporate,"Santo André","São Paulo",Venezuela,LATAM,LATAM
EB-137504,"Edward Becker",West,Corporate,Seattle,Washington,"United States",US,"North America"
EB-138401,"Ellis Ballard","Southeast Asia",Corporate,Wollongong,Wellington,"New Zealand",APAC,APAC
EB-138402,"Ellis Ballard",North,Corporate,Wiesbaden,"North Rhine-Westphalia","United Kingdom",EU,EU
EB-138403,"Ellis Ballard",South,Corporate,Vespasiano,"Villa Clara",Nicaragua,LATAM,LATAM
EB-138404,"Ellis Ballard",West,Corporate,Seattle,Washington,"United States",US,"North America"
EB-138701,"Emily Burns","Southeast Asia",Consumer,Sydney,"Sumatera Utara",Indonesia,APAC,APAC
EB-138702,"Emily Burns",South,Consumer,Stavanger,Sicily,Norway,EU,EU
EB-138703,"Emily Burns",South,Consumer,Montevideo,Montevideo,Uruguay,LATAM,LATAM
EB-138704,"Emily Burns",West,Consumer,"San Antonio",Utah,"United States",US,"North America"
EB-139301,"Eric Barreto","Southeast Asia",Consumer,Zhuhai,Victoria,Thailand,APAC,APAC
EB-139302,"Eric Barreto",North,Consumer,Rugby,Rhône-Alpes,"United Kingdom",EU,EU
EB-139303,"Eric Barreto",North,Consumer,Progreso,Yucatán,Mexico,LATAM,LATAM
EB-139304,"Eric Barreto",West,Consumer,"San Francisco",Wisconsin,"United States",US,"North America"
EB-139751,"Erica Bern","Southeast Asia",Corporate,Yuci,Shanxi,Philippines,APAC,APAC
EB-139752,"Erica Bern",South,Corporate,Velletri,Wales,"United Kingdom",EU,EU
EB-139753,"Erica Bern",South,Corporate,"Villa Canales","São Paulo",Nicaragua,LATAM,LATAM
EB-139754,"Erica Bern",West,Corporate,"Los Angeles","North Carolina","United States",US,"North America"
EB-141101,"Eugene Barchas","Southeast Asia",Consumer,Rawalpindi,Yogyakarta,Pakistan,APAC,APAC
EB-141102,"Eugene Barchas",South,Consumer,Vienna,Vienna,"United Kingdom",EU,EU
EB-141103,"Eugene Barchas",Central,Consumer,"Villa Nueva","La Romana",Guatemala,LATAM,LATAM
EB-141104,"Eugene Barchas",West,Consumer,"San Jose",Pennsylvania,"United States",US,"North America"
EB-141701,"Evan Bailliet","Southeast Asia",Consumer,Wuxi,"Uttar Pradesh",Japan,APAC,APAC
EB-141702,"Evan Bailliet",South,Consumer,Milan,Lombardy,Italy,EU,EU
EB-141703,"Evan Bailliet",South,Consumer,"Villa Nueva","São Paulo",Venezuela,LATAM,LATAM
EB-141704,"Evan Bailliet",West,Consumer,Wilmington,Washington,"United States",US,"North America"
EB-37051,"Ed Braxton",Africa,Corporate,Cairo,Banghazi,Libya,Africa,Africa
EB-37052,"Ed Braxton",EMEA,Corporate,Belgorod,Belgorod,Russia,EMEA,EMEA
EB-37501,"Edward Becker",Canada,Corporate,Oshawa,Ontario,Canada,Canada,"North America"
EB-37502,"Edward Becker",EMEA,Corporate,Termez,Surxondaryo,Uzbekistan,EMEA,EMEA
EB-38401,"Ellis Ballard",Africa,Corporate,"Bur Sudan","Red Sea",Sudan,Africa,Africa
EB-38402,"Ellis Ballard",Canada,Corporate,Vancouver,"British Columbia",Canada,Canada,"North America"
EB-38403,"Ellis Ballard",EMEA,Corporate,Kharkiv,Kharkiv,Ukraine,EMEA,EMEA
EB-38701,"Emily Burns",Africa,Consumer,Mutare,Maritime,Zimbabwe,Africa,Africa
EB-38702,"Emily Burns",EMEA,Consumer,Sanandaj,Kordestan,Turkey,EMEA,EMEA
EB-39301,"Eric Barreto",Africa,Consumer,Maputo,Kinshasa,Mozambique,Africa,Africa
EB-39302,"Eric Barreto",EMEA,Consumer,Tehran,Tehran,Ukraine,EMEA,EMEA
EB-39751,"Erica Bern",Africa,Corporate,Kinshasa,"Western Cape",Zimbabwe,Africa,Africa
EB-39752,"Erica Bern",EMEA,Corporate,Tbilisi,"Upper Austria",Syria,EMEA,EMEA
EB-41101,"Eugene Barchas",Africa,Consumer,Lagos,Plateau,Nigeria,Africa,Africa
EB-41102,"Eugene Barchas",EMEA,Consumer,"Ras al Khaymah",Vitsyebsk,"United Arab Emirates",EMEA,EMEA
EB-41701,"Evan Bailliet",Africa,Consumer,"Thies Nones",Thies,Sudan,Africa,Africa
EB-41702,"Evan Bailliet",EMEA,Consumer,Rasht,Prahova,Romania,EMEA,EMEA
EC-140501,"Erin Creighton","Southeast Asia",Consumer,Waitakere,Queensland,Pakistan,APAC,APAC
EC-140502,"Erin Creighton",North,Consumer,Poole,Saxony,"United Kingdom",EU,EU
EC-140503,"Erin Creighton",South,Consumer,"Mar del Plata","São Paulo",Mexico,LATAM,LATAM
EC-140504,"Erin Creighton",West,Consumer,"San Francisco",Oklahoma,"United States",US,"North America"
EC-40501,"Erin Creighton",Africa,Consumer,Maradi,Maradi,Nigeria,Africa,Africa
EC-40502,"Erin Creighton",EMEA,Consumer,Zanjan,Zanjan,Yemen,EMEA,EMEA
ED-138851,"Emily Ducich","Southeast Asia","Home Office",Medan,Tasmania,Vietnam,APAC,APAC
ED-138852,"Emily Ducich",South,"Home Office",Plymouth,Sicily,"United Kingdom",EU,EU
ED-138853,"Emily Ducich",South,"Home Office","São Paulo",Sinaloa,Mexico,LATAM,LATAM
ED-138854,"Emily Ducich",West,"Home Office",Seattle,Washington,"United States",US,"North America"
ED-38851,"Emily Ducich",Africa,"Home Office",Gusau,Zamfara,Nigeria,Africa,Africa
ED-38852,"Emily Ducich",Canada,"Home Office",Montréal,Quebec,Canada,Canada,"North America"
ED-38853,"Emily Ducich",EMEA,"Home Office",Uskudar,Liberec,Turkey,EMEA,EMEA
EG-139001,"Emily Grady","Southeast Asia",Consumer,Yangon,Yangon,"Myanmar (Burma)",APAC,APAC
EG-139002,"Emily Grady",South,Consumer,Woking,Scotland,"United Kingdom",EU,EU
EG-139003,"Emily Grady",South,Consumer,Zapopan,"San Salvador",Venezuela,LATAM,LATAM
EG-139004,"Emily Grady",South,Consumer,Philadelphia,Virginia,"United States",US,"North America"
EG-39001,"Emily Grady",Africa,Consumer,Toamasina,Lagos,Nigeria,Africa,Africa
EG-39002,"Emily Grady",EMEA,Consumer,Sanandaj,Kordestan,Turkey,EMEA,EMEA
EH-137651,"Edward Hooks",Oceania,Corporate,Zigong,Victoria,"New Zealand",APAC,APAC
EH-137652,"Edward Hooks",South,Corporate,Stockholm,Stockholm,Sweden,EU,EU
EH-137653,"Edward Hooks",South,Corporate,Tegucigalpa,Tocantins,Mexico,LATAM,LATAM
EH-137654,"Edward Hooks",West,Corporate,Watertown,Washington,"United States",US,"North America"
EH-139451,"Eric Hoffmann","Southeast Asia",Consumer,Surabaya,Punjab,Pakistan,APAC,APAC
EH-139452,"Eric Hoffmann",South,Consumer,Portsmouth,Liguria,"United Kingdom",EU,EU
EH-139453,"Eric Hoffmann",South,Consumer,Tipitapa,Yucatán,Nicaragua,LATAM,LATAM
EH-139454,"Eric Hoffmann",West,Consumer,Tempe,Texas,"United States",US,"North America"
EH-139901,"Erica Hackney","Southeast Asia",Consumer,Shanghai,Tasmania,Philippines,APAC,APAC
EH-139902,"Erica Hackney",Central,Consumer,Suresnes,Saxony,Germany,EU,EU
EH-139903,"Erica Hackney",South,Consumer,"Villa Nueva",Puebla,Mexico,LATAM,LATAM
EH-139904,"Erica Hackney",West,Consumer,Sacramento,Washington,"United States",US,"North America"
EH-140051,"Erica Hernandez","Southeast Asia","Home Office",Queanbeyan,"Sumatera Barat",Philippines,APAC,APAC
EH-140052,"Erica Hernandez",South,"Home Office",Sheffield,Lorraine,"United Kingdom",EU,EU
EH-140053,"Erica Hernandez",South,"Home Office",Uruguaiana,"São Paulo",Honduras,LATAM,LATAM
EH-140054,"Erica Hernandez",West,"Home Office","San Francisco",Tennessee,"United States",US,"North America"
EH-141251,"Eugene Hildebrand","Southeast Asia","Home Office",Tauranga,Victoria,Vietnam,APAC,APAC
EH-141252,"Eugene Hildebrand",South,"Home Office",Vincennes,Wales,"United Kingdom",EU,EU
EH-141253,"Eugene Hildebrand",Central,"Home Office","San Pedro Sula","San Salvador",Nicaragua,LATAM,LATAM
EH-141254,"Eugene Hildebrand",West,"Home Office",Wheeling,"West Virginia","United States",US,"North America"
EH-141851,"Evan Henry","Southeast Asia",Consumer,Zigong,Yangon,Pakistan,APAC,APAC
EH-141852,"Evan Henry",North,Consumer,Schwerin,Mecklenburg-Vorpommern,"United Kingdom",EU,EU
EH-141853,"Evan Henry",South,Consumer,Toluca,Zulia,Venezuela,LATAM,LATAM
EH-141854,"Evan Henry",South,Consumer,"West Palm Beach",Texas,"United States",US,"North America"
EH-37651,"Edward Hooks",Africa,Corporate,Warri,Southern,Zambia,Africa,Africa
EH-37652,"Edward Hooks",EMEA,Corporate,Tarsus,Mersin,Turkey,EMEA,EMEA
EH-39451,"Eric Hoffmann",Africa,Consumer,Kinshasa,"Western Cape","South Africa",Africa,Africa
EH-39452,"Eric Hoffmann",Canada,Consumer,London,Ontario,Canada,Canada,"North America"
EH-39453,"Eric Hoffmann",EMEA,Consumer,Yambol,Yambol,Ukraine,EMEA,EMEA
EH-39901,"Erica Hackney",Africa,Consumer,Nouakchott,Orientale,Zambia,Africa,Africa
EH-39902,"Erica Hackney",EMEA,Consumer,Ankara,Ankara,Turkey,EMEA,EMEA
EH-40051,"Erica Hernandez",Africa,"Home Office",Lagos,Sofala,Senegal,Africa,Africa
EH-40052,"Erica Hernandez",EMEA,"Home Office",Yaroslavl',Yaroslavl',"Saudi Arabia",EMEA,EMEA
EH-41251,"Eugene Hildebrand",Africa,"Home Office",Pretoria,Ondo,Zimbabwe,Africa,Africa
EH-41252,"Eugene Hildebrand",EMEA,"Home Office",Mecca,Makkah,Turkey,EMEA,EMEA
EH-41851,"Evan Henry",Africa,Consumer,Musoma,Mara,Tanzania,Africa,Africa
EH-41852,"Evan Henry",EMEA,Consumer,Vienna,Vienna,Iraq,EMEA,EMEA
EJ-137201,"Ed Jacobs","Southeast Asia",Consumer,Singapore,Singapore,"South Korea",APAC,APAC
EJ-137202,"Ed Jacobs",South,Consumer,Stavanger,Sardinia,Norway,EU,EU
EJ-137203,"Ed Jacobs",South,Consumer,Tijuana,Veracruz,Mexico,LATAM,LATAM
EJ-137204,"Ed Jacobs",West,Consumer,"San Diego",Texas,"United States",US,"North America"
EJ-141551,"Eva Jacobs","Southeast Asia",Consumer,Tauranga,"South Australia",Thailand,APAC,APAC
EJ-141552,"Eva Jacobs",South,Consumer,Rotterdam,"South Holland","United Kingdom",EU,EU
EJ-141553,"Eva Jacobs",South,Consumer,Tegucigalpa,Veracruz,Mexico,LATAM,LATAM
EJ-141554,"Eva Jacobs",West,Consumer,Seattle,Washington,"United States",US,"North America"
EJ-37201,"Ed Jacobs",Africa,Consumer,Minna,Orientale,"South Africa",Africa,Africa
EJ-37202,"Ed Jacobs",EMEA,Consumer,Usol'ye-Sibirskoye,Khuzestan,Russia,EMEA,EMEA
EJ-41551,"Eva Jacobs",Africa,Consumer,Rabat,Rabat-Salé-Zemmour-Zaer,Morocco,Africa,Africa
EJ-41552,"Eva Jacobs",EMEA,Consumer,Jeddah,Makkah,"Saudi Arabia",EMEA,EMEA
EK-137951,"Eileen Kiefer","Southeast Asia","Home Office",Yangon,Yangon,Philippines,APAC,APAC
EK-137952,"Eileen Kiefer",North,"Home Office",Sale,"South Holland","United Kingdom",EU,EU
EK-137953,"Eileen Kiefer",North,"Home Office",Tlalnepantla,"Santa Ana",Mexico,LATAM,LATAM
EK-137954,"Eileen Kiefer",West,"Home Office","Santa Ana",Illinois,"United States",US,"North America"
EK-37951,"Eileen Kiefer",Africa,"Home Office","Port Harcourt",Rivers,Nigeria,Africa,Africa
EK-37952,"Eileen Kiefer",EMEA,"Home Office",Sofia,Sofiya-Grad,Syria,EMEA,EMEA
EL-137351,"Ed Ludwig",Oceania,"Home Office",Melbourne,"Western Australia","New Zealand",APAC,APAC
EL-137352,"Ed Ludwig",South,"Home Office",Vitoria,"North Rhine-Westphalia","United Kingdom",EU,EU
EL-137353,"Ed Ludwig",South,"Home Office",Tegucigalpa,"Santo Domingo",Nicaragua,LATAM,LATAM
EL-137354,"Ed Ludwig",East,"Home Office","Jefferson City",Missouri,"United States",US,"North America"
EL-37351,"Ed Ludwig",Africa,"Home Office","Port Elizabeth",Oyo,"South Africa",Africa,Africa
EL-37352,"Ed Ludwig",EMEA,"Home Office",Shiraz,"South Khorasan",Uzbekistan,EMEA,EMEA
EM-138101,"Eleni McCrary",Oceania,Corporate,Wellington,Wellington,"New Zealand",APAC,APAC
EM-138102,"Eleni McCrary",South,Corporate,Stuttgart,Sicily,"United Kingdom",EU,EU
EM-138103,"Eleni McCrary",South,Corporate,Tampico,Tamaulipas,Mexico,LATAM,LATAM
EM-138104,"Eleni McCrary",West,Corporate,"San Francisco","New York","United States",US,"North America"
EM-138251,"Elizabeth Moffitt","Southeast Asia",Corporate,Semarang,Tasmania,Philippines,APAC,APAC
EM-138252,"Elizabeth Moffitt",South,Corporate,Poissy,Rhône-Alpes,"United Kingdom",EU,EU
EM-138253,"Elizabeth Moffitt",South,Corporate,"Santa Ana","Santa Ana",Panama,LATAM,LATAM
EM-138254,"Elizabeth Moffitt",West,Corporate,"Sioux Falls",Texas,"United States",US,"North America"
EM-139601,"Eric Murdock","Southeast Asia",Consumer,Tangshan,Wellington,Vietnam,APAC,APAC
EM-139602,"Eric Murdock",South,Consumer,Washington,"Västra Götaland","United Kingdom",EU,EU
EM-139603,"Eric Murdock",South,Consumer,Obregón,Sonora,Venezuela,LATAM,LATAM
EM-139604,"Eric Murdock",West,Consumer,"San Francisco",Pennsylvania,"United States",US,"North America"
EM-140651,"Erin Mull","Southeast Asia",Consumer,Yiwu,Zhejiang,Singapore,APAC,APAC
EM-140652,"Erin Mull",South,Consumer,"Molina de Segura",Murcia,Spain,EU,EU
EM-140653,"Erin Mull",South,Consumer,Tipitapa,"Santo Domingo",Nicaragua,LATAM,LATAM
EM-140654,"Erin Mull",South,Consumer,"New York City",Texas,"United States",US,"North America"
EM-140951,"Eudokia Martin","Southeast Asia",Corporate,Perth,"Western Australia",Vietnam,APAC,APAC
EM-140952,"Eudokia Martin",South,Corporate,Versailles,Scotland,"United Kingdom",EU,EU
EM-140953,"Eudokia Martin",North,Corporate,"San Salvador",Yucatán,Mexico,LATAM,LATAM
EM-140954,"Eudokia Martin",West,Corporate,Springfield,Virginia,"United States",US,"North America"
EM-141401,"Eugene Moren","Southeast Asia","Home Office",Valenzuela,Zhejiang,Philippines,APAC,APAC
EM-141402,"Eugene Moren",North,"Home Office",Stockholm,Stockholm,"United Kingdom",EU,EU
EM-141403,"Eugene Moren",South,"Home Office","San Salvador",Zulia,Venezuela,LATAM,LATAM
EM-141404,"Eugene Moren",West,"Home Office",Superior,Wisconsin,"United States",US,"North America"
EM-142001,"Evan Minnotte","Southeast Asia","Home Office",Wollongong,Southland,Thailand,APAC,APAC
EM-142002,"Evan Minnotte",North,"Home Office",Rugby,"North Rhine-Westphalia","United Kingdom",EU,EU
EM-142003,"Evan Minnotte",South,"Home Office",Tegucigalpa,Veracruz,Mexico,LATAM,LATAM
EM-142004,"Evan Minnotte",South,"Home Office","Virginia Beach",Virginia,"United States",US,"North America"
EM-38101,"Eleni McCrary",Africa,Corporate,Harare,Harare,Zimbabwe,Africa,Africa
EM-38102,"Eleni McCrary",EMEA,Corporate,Prague,Prague,Ukraine,EMEA,EMEA
EM-38251,"Elizabeth Moffitt",Africa,Corporate,Lagos,Lagos,Nigeria,Africa,Africa
EM-38252,"Elizabeth Moffitt",Canada,Corporate,Markham,Ontario,Canada,Canada,"North America"
EM-38253,"Elizabeth Moffitt",EMEA,Corporate,Korce,Korçë,Turkey,EMEA,EMEA
EM-39601,"Eric Murdock",Africa,Consumer,Maiduguri,Kinshasa,Nigeria,Africa,Africa
EM-39602,"Eric Murdock",Canada,Consumer,Quebec,Quebec,Canada,Canada,"North America"
EM-39603,"Eric Murdock",EMEA,Consumer,Chisinau,Izmir,Turkey,EMEA,EMEA
EM-40651,"Erin Mull",Africa,Consumer,Yaounde,Tunis,Tunisia,Africa,Africa
EM-40652,"Erin Mull",Canada,Consumer,Surrey,"British Columbia",Canada,Canada,"North America"
EM-40653,"Erin Mull",EMEA,Consumer,Mecca,Makkah,Turkey,EMEA,EMEA
EM-40951,"Eudokia Martin",Africa,Corporate,Beira,Sofala,Mozambique,Africa,Africa
EM-40952,"Eudokia Martin",Canada,Corporate,Halifax,"Nova Scotia",Canada,Canada,"North America"
EM-40953,"Eudokia Martin",EMEA,Corporate,Oradea,Hatay,Turkey,EMEA,EMEA
EM-41401,"Eugene Moren",Africa,"Home Office",Nairobi,Nairobi,Zimbabwe,Africa,Africa
EM-41402,"Eugene Moren",EMEA,"Home Office","Masjed Soleyman",Khuzestan,Turkey,EMEA,EMEA
EM-42001,"Evan Minnotte",Africa,"Home Office",Sale,Rabat-Salé-Zemmour-Zaer,Sudan,Africa,Africa
EM-42002,"Evan Minnotte",EMEA,"Home Office",Izmir,Stavropol',Turkey,EMEA,EMEA
EN-137801,"Edward Nazzal","Southeast Asia",Consumer,Peshawar,"Tamil Nadu",Philippines,APAC,APAC
EN-137802,"Edward Nazzal",Central,Consumer,Saint-Nazaire,"Provence-Alpes-Côte d'Azur",France,EU,EU
EN-137803,"Edward Nazzal",South,Consumer,"Villa Nueva",Veracruz,Peru,LATAM,LATAM
EN-137804,"Edward Nazzal",East,Consumer,"New York City",Texas,"United States",US,"North America"
EN-37801,"Edward Nazzal",Africa,Consumer,Samalut,Plateau,Nigeria,Africa,Africa
EN-37802,"Edward Nazzal",EMEA,Consumer,Taizz,Ta'izz,Yemen,EMEA,EMEA
EP-139151,"Emily Phan","Southeast Asia",Consumer,Manila,Zhejiang,Philippines,APAC,APAC
EP-139152,"Emily Phan",South,Consumer,Villejuif,Saxony-Anhalt,Italy,EU,EU
EP-139153,"Emily Phan",North,Consumer,Monterrey,"Nuevo León",Mexico,LATAM,LATAM
EP-139154,"Emily Phan",West,Consumer,Tempe,Texas,"United States",US,"North America"
EP-39151,"Emily Phan",Africa,Consumer,Huambo,Litoral,"Equatorial Guinea",Africa,Africa
EP-39152,"Emily Phan",EMEA,Consumer,Adana,Adana,Turkey,EMEA,EMEA
ER-138551,"Elpida Rittenbach","Southeast Asia",Corporate,Zhanjiang,Queensland,Philippines,APAC,APAC
ER-138552,"Elpida Rittenbach",South,Corporate,Wasquehal,Styria,"United Kingdom",EU,EU
ER-138553,"Elpida Rittenbach",South,Corporate,"São Paulo","São Paulo","El Salvador",LATAM,LATAM
ER-138554,"Elpida Rittenbach",West,Corporate,"Saint Paul","North Carolina","United States",US,"North America"
ER-38551,"Elpida Rittenbach",Africa,Corporate,Kinshasa,Kinshasa,Djibouti,Africa,Africa
ER-38552,"Elpida Rittenbach",EMEA,Corporate,Varamin,Tehran,Ukraine,EMEA,EMEA
ES-140201,"Erica Smith","Southeast Asia",Consumer,Zigong,Sichuan,Thailand,APAC,APAC
ES-140202,"Erica Smith",South,Consumer,Zurich,Zürich,"United Kingdom",EU,EU
ES-140203,"Erica Smith",South,Consumer,Tegucigalpa,Santander,Nicaragua,LATAM,LATAM
ES-140204,"Erica Smith",West,Consumer,"San Francisco",Texas,"United States",US,"North America"
ES-140801,"Erin Smith","Southeast Asia",Corporate,Yunyang,"Western Australia","South Korea",APAC,APAC
ES-140802,"Erin Smith",North,Corporate,Sheffield,"North Rhine-Westphalia","United Kingdom",EU,EU
ES-140803,"Erin Smith",South,Corporate,"São Paulo",Zacatecas,Mexico,LATAM,LATAM
ES-140804,"Erin Smith",West,Corporate,Tucson,"Rhode Island","United States",US,"North America"
ES-40201,"Erica Smith",Africa,Consumer,Lagos,Nyanza,Nigeria,Africa,Africa
ES-40202,"Erica Smith",Canada,Consumer,London,Ontario,Canada,Canada,"North America"
ES-40203,"Erica Smith",EMEA,Consumer,Mary,Mary,Turkmenistan,EMEA,EMEA
ES-40801,"Erin Smith",Africa,Corporate,Rabat,"Red Sea",Togo,Africa,Africa
ES-40802,"Erin Smith",EMEA,Corporate,Esenyurt,Muharraq,Uzbekistan,EMEA,EMEA
FA-142301,"Frank Atkinson","Southeast Asia",Corporate,Tangshan,"Tamil Nadu",Singapore,APAC,APAC
FA-142302,"Frank Atkinson",South,Corporate,Tarbes,Valenciana,"United Kingdom",EU,EU
FA-142303,"Frank Atkinson",South,Corporate,Tegucigalpa,Pernambuco,Nicaragua,LATAM,LATAM
FA-142304,"Frank Atkinson",West,Corporate,"San Antonio",Texas,"United States",US,"North America"
FA-42301,"Frank Atkinson",Africa,Corporate,Gombe,Tadla-Azilal,Nigeria,Africa,Africa
FA-42302,"Frank Atkinson",EMEA,Corporate,Donets'k,Donetsk,Ukraine,EMEA,EMEA
FC-142451,"Frank Carlisle","Southeast Asia","Home Office",Sydney,Sichuan,Thailand,APAC,APAC
FC-142452,"Frank Carlisle",South,"Home Office",Turku,Scotland,"United Kingdom",EU,EU
FC-142453,"Frank Carlisle",South,"Home Office","Santiago de los Caballeros",Santiago,Uruguay,LATAM,LATAM
FC-142454,"Frank Carlisle",West,"Home Office",Springfield,Ohio,"United States",US,"North America"
FC-143351,"Fred Chung","Southeast Asia",Corporate,Toowoomba,"Thủ Dô Hà Nội",Vietnam,APAC,APAC
FC-143352,"Fred Chung",South,Corporate,Vicenza,Veneto,"United Kingdom",EU,EU
FC-143353,"Fred Chung",South,Corporate,Tijuana,Veracruz,Mexico,LATAM,LATAM
FC-143354,"Fred Chung",West,Corporate,Torrance,Texas,"United States",US,"North America"
FC-42451,"Frank Carlisle",Africa,"Home Office",Juba,"Grand Casablanca","South Sudan",Africa,Africa
FC-42452,"Frank Carlisle",EMEA,"Home Office",Ivano-Frankivs'k,Manisa,Ukraine,EMEA,EMEA
FC-43351,"Fred Chung",Africa,Corporate,Mbuji-mayi,Kasai-Oriental,"Democratic Republic of the Congo",Africa,Africa
FC-43352,"Fred Chung",EMEA,Corporate,Kherson,Kherson,Ukraine,EMEA,EMEA
FG-142601,"Frank Gastineau",Oceania,"Home Office",Nagpur,Maharashtra,"New Zealand",APAC,APAC
FG-142602,"Frank Gastineau",Central,"Home Office",Vienna,Vienna,Germany,EU,EU
FG-142603,"Frank Gastineau",South,"Home Office",Neuquén,Neuquén,Cuba,LATAM,LATAM
FG-142604,"Frank Gastineau",West,"Home Office",Seattle,Washington,"United States",US,"North America"
FG-42601,"Frank Gastineau",Africa,"Home Office","Port Elizabeth",Oyo,"South Africa",Africa,Africa
FG-42602,"Frank Gastineau",Canada,"Home Office",Edmonton,Alberta,Canada,Canada,"North America"
FG-42603,"Frank Gastineau",EMEA,"Home Office",Ufa,Qaraghandy,Ukraine,EMEA,EMEA
FH-142751,"Frank Hawley","Southeast Asia",Corporate,Palu,"Sulawesi Tengah",Indonesia,APAC,APAC
FH-142752,"Frank Hawley",North,Corporate,Wiesbaden,"West Flanders","United Kingdom",EU,EU
FH-142753,"Frank Hawley",South,Corporate,Tlalpan,"Valle del Cauca",Mexico,LATAM,LATAM
FH-142754,"Frank Hawley",West,Corporate,"San Francisco",Virginia,"United States",US,"North America"
FH-143501,"Fred Harton","Southeast Asia",Consumer,Malang,Queensland,Indonesia,APAC,APAC
FH-143502,"Fred Harton",North,Consumer,Woking,Schleswig-Holstein,"United Kingdom",EU,EU
FH-143503,"Fred Harton",South,Consumer,Toluca,Sinaloa,Mexico,LATAM,LATAM
FH-143504,"Fred Harton",West,Consumer,Seattle,Washington,"United States",US,"North America"
FH-143651,"Fred Hopkins","Southeast Asia",Corporate,Whangarei,Queensland,Philippines,APAC,APAC
FH-143652,"Fred Hopkins",South,Corporate,Tremblay-en-France,Umbria,Spain,EU,EU
FH-143653,"Fred Hopkins",North,Corporate,"San Salvador","San Salvador",Panama,LATAM,LATAM
FH-143654,"Fred Hopkins",West,Corporate,Seattle,Washington,"United States",US,"North America"
FH-42751,"Frank Hawley",Africa,Corporate,Taza,"Taza-Al Hoceima-Taounate",Zambia,Africa,Africa
FH-42752,"Frank Hawley",EMEA,Corporate,Diyarbakir,Tekirdag,Turkey,EMEA,EMEA
FH-43501,"Fred Harton",Africa,Consumer,Johannesburg,Gauteng,"South Africa",Africa,Africa
FH-43502,"Fred Harton",EMEA,Consumer,Mersin,Mersin,Turkey,EMEA,EMEA
FH-43651,"Fred Hopkins",Africa,Corporate,Hurghada,"Al Bahr Al Ahmar",Egypt,Africa,Africa
FH-43652,"Fred Hopkins",EMEA,Corporate,Tehran,Tehran,Ukraine,EMEA,EMEA
FM-142151,"Filia McAdams","Southeast Asia",Corporate,Sydney,Victoria,Malaysia,APAC,APAC
FM-142152,"Filia McAdams",South,Corporate,Saint-Malo,Tuscany,Spain,EU,EU
FM-142153,"Filia McAdams",South,Corporate,Monterrey,"São Paulo",Mexico,LATAM,LATAM
FM-142154,"Filia McAdams",West,Corporate,Seattle,Washington,"United States",US,"North America"
FM-142901,"Frank Merwin","Southeast Asia","Home Office",Wollongong,Victoria,Indonesia,APAC,APAC
FM-142902,"Frank Merwin",North,"Home Office",Strasbourg,Stockholm,Sweden,EU,EU
FM-142903,"Frank Merwin",South,"Home Office",Tegucigalpa,"Santo Domingo","Trinidad and Tobago",LATAM,LATAM
FM-142904,"Frank Merwin",West,"Home Office",Vancouver,Washington,"United States",US,"North America"
FM-143801,"Fred McMath","Southeast Asia",Consumer,Xinshi,Victoria,Philippines,APAC,APAC
FM-143802,"Fred McMath",South,Consumer,Stoke-on-Trent,Madrid,"United Kingdom",EU,EU
FM-143803,"Fred McMath",South,Consumer,"Viña del Mar",Valparaíso,"Dominican Republic",LATAM,LATAM
FM-143804,"Fred McMath",West,Consumer,"New York City",Texas,"United States",US,"North America"
FM-42151,"Filia McAdams",Africa,Corporate,Kinshasa,Kinshasa,Morocco,Africa,Africa
FM-42152,"Filia McAdams",EMEA,Corporate,Vienna,Vienna,Turkey,EMEA,EMEA
FM-42901,"Frank Merwin",Africa,"Home Office",Nairobi,Nairobi,Togo,Africa,Africa
FM-42902,"Frank Merwin",EMEA,"Home Office",Radom,Pomerania,Poland,EMEA,EMEA
FM-43801,"Fred McMath",Africa,Consumer,Kaduna,Kaduna,Nigeria,Africa,Africa
FM-43802,"Fred McMath",EMEA,Consumer,Zhytomyr,Zhytomyr,Ukraine,EMEA,EMEA
FO-143051,"Frank Olsen","Southeast Asia",Consumer,Xiangfan,"South Australia",Malaysia,APAC,APAC
FO-143052,"Frank Olsen",South,Consumer,Vienna,Vienna,Spain,EU,EU
FO-143053,"Frank Olsen",South,Consumer,Tipitapa,Veracruz,Venezuela,LATAM,LATAM
FO-143054,"Frank Olsen",West,Consumer,Sacramento,Virginia,"United States",US,"North America"
FO-43051,"Frank Olsen",Africa,Consumer,Johannesburg,Gauteng,"South Africa",Africa,Africa
FO-43052,"Frank Olsen",EMEA,Consumer,Warsaw,Masovia,Turkmenistan,EMEA,EMEA
FP-143201,"Frank Preis","Southeast Asia",Consumer,Newcastle,"Xinjiang Uygur",Thailand,APAC,APAC
FP-143202,"Frank Preis",North,Consumer,Purmerend,Saxony,"United Kingdom",EU,EU
FP-143203,"Frank Preis",South,Consumer,Surubim,Sonora,Mexico,LATAM,LATAM
FP-143204,"Frank Preis",West,Consumer,Seattle,Washington,"United States",US,"North America"
FP-43201,"Frank Preis",Africa,Consumer,Soweto,Gauteng,"South Africa",Africa,Africa
FP-43202,"Frank Preis",EMEA,Consumer,Termez,Surxondaryo,Uzbekistan,EMEA,EMEA
FW-143951,"Fred Wasserman","Southeast Asia",Corporate,Surabaya,Western,"Sri Lanka",APAC,APAC
FW-143952,"Fred Wasserman",Central,Corporate,Wetzlar,"Pays de la Loire",Germany,EU,EU
FW-143953,"Fred Wasserman",South,Corporate,Zapopan,"São Paulo",Nicaragua,LATAM,LATAM
FW-143954,"Fred Wasserman",West,Corporate,"New York City","New York","United States",US,"North America"
FW-43951,"Fred Wasserman",Africa,Corporate,Yaounde,Mopti,Mali,Africa,Africa
FW-43952,"Fred Wasserman",EMEA,Corporate,Vilnius,Vilnius,Ukraine,EMEA,EMEA
GA-145151,"George Ashbrook","Southeast Asia",Consumer,"Las Pinas",Victoria,Philippines,APAC,APAC
GA-145152,"George Ashbrook",Central,Consumer,Zurich,Zürich,Switzerland,EU,EU
GA-145153,"George Ashbrook",South,Consumer,Toluca,Yucatán,Nicaragua,LATAM,LATAM
GA-145154,"George Ashbrook",West,Consumer,"San Francisco",Texas,"United States",US,"North America"
GA-147251,"Guy Armstrong","Southeast Asia",Consumer,Sydney,"South Chungcheong","South Korea",APAC,APAC
GA-147252,"Guy Armstrong",South,Consumer,Tours,Midi-Pyrénées,Italy,EU,EU
GA-147253,"Guy Armstrong",South,Consumer,"San Miguelito",Panama,Panama,LATAM,LATAM
GA-147254,"Guy Armstrong",West,Consumer,"San Francisco",Texas,"United States",US,"North America"
GA-45151,"George Ashbrook",Africa,Consumer,Kinshasa,Oyo,"South Africa",Africa,Africa
GA-45152,"George Ashbrook",EMEA,Consumer,Sosnowiec,Silesia,Turkey,EMEA,EMEA
GA-47251,"Guy Armstrong",EMEA,Consumer,"Wadi as Sir",Izmir,Ukraine,EMEA,EMEA
GB-145301,"George Bell",Oceania,Corporate,Sydney,"Tamil Nadu",Pakistan,APAC,APAC
GB-145302,"George Bell",South,Corporate,Milan,"Provence-Alpes-Côte d'Azur",Italy,EU,EU
GB-145303,"George Bell",South,Corporate,Mejicanos,"San Salvador","El Salvador",LATAM,LATAM
GB-145304,"George Bell",West,Corporate,Philadelphia,Texas,"United States",US,"North America"
GB-145751,"Giulietta Baptist","Southeast Asia",Consumer,Mildura,Victoria,Pakistan,APAC,APAC
GB-145752,"Giulietta Baptist",South,Consumer,Venice,Veneto,Netherlands,EU,EU
GB-145753,"Giulietta Baptist",South,Consumer,Valparaíso,Valparaíso,Panama,LATAM,LATAM
GB-145754,"Giulietta Baptist",South,Consumer,Wichita,Virginia,"United States",US,"North America"
GB-45301,"George Bell",Africa,Corporate,Sale,Sud-Ouest,Morocco,Africa,Africa
GB-45302,"George Bell",Canada,Corporate,Brampton,Ontario,Canada,Canada,"North America"
GB-45303,"George Bell",EMEA,Corporate,Klagenfurt,Izmir,Turkey,EMEA,EMEA
GB-45751,"Giulietta Baptist",Africa,Consumer,Kinshasa,"Western Cape","South Africa",Africa,Africa
GB-45752,"Giulietta Baptist",EMEA,Consumer,Mamak,Chisinau,Turkey,EMEA,EMEA
GD-145901,"Giulietta Dortch","Southeast Asia",Corporate,Sydney,Waikato,Thailand,APAC,APAC
GD-145902,"Giulietta Dortch",South,Corporate,Taranto,"Provence-Alpes-Côte d'Azur","United Kingdom",EU,EU
GD-145903,"Giulietta Dortch",South,Corporate,Tlalnepantla,Veracruz,Mexico,LATAM,LATAM
GD-145904,"Giulietta Dortch",West,Corporate,Philadelphia,Washington,"United States",US,"North America"
GD-45901,"Giulietta Dortch",Africa,Corporate,Kaduna,Kaduna,Nigeria,Africa,Africa
GD-45902,"Giulietta Dortch",EMEA,Corporate,Sliven,Sliven,"Saudi Arabia",EMEA,EMEA
GG-146501,"Greg Guthrie","Southeast Asia",Corporate,Taizhou,Singapore,Singapore,APAC,APAC
GG-146502,"Greg Guthrie",North,Corporate,Wuppertal,Rhineland-Palatinate,"United Kingdom",EU,EU
GG-146503,"Greg Guthrie",South,Corporate,"Santo Domingo","Santo Domingo",Mexico,LATAM,LATAM
GG-146504,"Greg Guthrie",West,Corporate,Seattle,Washington,"United States",US,"North America"
GG-46501,"Greg Guthrie",Africa,Corporate,Rabat,Rabat-Salé-Zemmour-Zaer,Morocco,Africa,Africa
GG-46502,"Greg Guthrie",EMEA,Corporate,"Ulan Bator",Ulaanbaatar,Turkey,EMEA,EMEA
GH-144101,"Gary Hansen",Oceania,"Home Office",Mildura,Victoria,"New Zealand",APAC,APAC
GH-144102,"Gary Hansen",South,"Home Office",Vienna,Vienna,"United Kingdom",EU,EU
GH-144103,"Gary Hansen",South,"Home Office","San Pedro Sula","São Paulo",Peru,LATAM,LATAM
GH-144104,"Gary Hansen",West,"Home Office",Yuma,Texas,"United States",US,"North America"
GH-144251,"Gary Hwang","Southeast Asia",Consumer,Wafangdian,Victoria,Philippines,APAC,APAC
GH-144252,"Gary Hwang",South,Consumer,Velletri,Rhône-Alpes,"United Kingdom",EU,EU
GH-144253,"Gary Hwang",North,Consumer,Tegucigalpa,Panama,Panama,LATAM,LATAM
GH-144254,"Gary Hwang",West,Consumer,Tucson,Washington,"United States",US,"North America"
GH-144851,"Gene Hale","Southeast Asia",Corporate,Visakhapatnam,"New South Wales",Philippines,APAC,APAC
GH-144852,"Gene Hale",South,Corporate,Verdun,Valenciana,"United Kingdom",EU,EU
GH-144853,"Gene Hale",North,Corporate,"Villa Canales",Guatemala,Mexico,LATAM,LATAM
GH-144854,"Gene Hale",Central,Corporate,Richardson,Texas,"United States",US,"North America"
GH-146651,"Greg Hansen","Southeast Asia",Consumer,Taipei,Tasmania,Vietnam,APAC,APAC
GH-146652,"Greg Hansen",South,Consumer,Stockholm,Stockholm,"United Kingdom",EU,EU
GH-146653,"Greg Hansen",South,Consumer,"São Benedito","Santo Domingo",Peru,LATAM,LATAM
GH-146654,"Greg Hansen",Central,Consumer,"Round Rock",Texas,"United States",US,"North America"
GH-44101,"Gary Hansen",Africa,"Home Office",Volksrust,Mpumalanga,"South Africa",Africa,Africa
GH-44102,"Gary Hansen",EMEA,"Home Office",Rasht,Vitsyebsk,Ukraine,EMEA,EMEA
GH-44251,"Gary Hwang",Africa,Consumer,Sale,Rabat-Salé-Zemmour-Zaer,Senegal,Africa,Africa
GH-44252,"Gary Hwang",Canada,Consumer,Calgary,Alberta,Canada,Canada,"North America"
GH-44253,"Gary Hwang",EMEA,Consumer,Basra,Ankara,Turkey,EMEA,EMEA
GH-44851,"Gene Hale",Africa,Corporate,Lagos,Lagos,Nigeria,Africa,Africa
GH-44852,"Gene Hale",Canada,Corporate,Regina,Saskatchewan,Canada,Canada,"North America"
GH-46651,"Greg Hansen",Africa,Consumer,Toamasina,Kampala,Uganda,Africa,Africa
GH-46652,"Greg Hansen",Canada,Consumer,Dartmouth,"Nova Scotia",Canada,Canada,"North America"
GH-46653,"Greg Hansen",EMEA,Consumer,"Ras al Khaymah","Ra's Al Khaymah","United Arab Emirates",EMEA,EMEA
GK-146201,"Grace Kelly","Southeast Asia",Corporate,Suzhou,"West Bengal",Thailand,APAC,APAC
GK-146202,"Grace Kelly",North,Corporate,Oldham,Scotland,"United Kingdom",EU,EU
GK-146203,"Grace Kelly",South,Corporate,Tegucigalpa,"Los Lagos",Peru,LATAM,LATAM
GK-146204,"Grace Kelly",West,Corporate,Salem,Texas,"United States",US,"North America"
GK-46201,"Grace Kelly",Africa,Corporate,Luanda,Luanda,Nigeria,Africa,Africa
GK-46202,"Grace Kelly",EMEA,Corporate,Rivne,Rivne,Ukraine,EMEA,EMEA
GM-144401,"Gary McGarr",Oceania,Consumer,Wuhan,"Uttar Pradesh","South Korea",APAC,APAC
GM-144402,"Gary McGarr",South,Consumer,Vienna,Vienna,Norway,EU,EU
GM-144403,"Gary McGarr",South,Consumer,"Santo Domingo",Sonora,Mexico,LATAM,LATAM
GM-144404,"Gary McGarr",West,Consumer,Troy,Tennessee,"United States",US,"North America"
GM-144551,"Gary Mitchum",Oceania,"Home Office",Yuci,Telangana,"New Zealand",APAC,APAC
GM-144552,"Gary Mitchum",South,"Home Office",Valencia,Valenciana,"United Kingdom",EU,EU
GM-144553,"Gary Mitchum",Central,"Home Office","San Miguelito",Panama,Panama,LATAM,LATAM
GM-144554,"Gary Mitchum",East,"Home Office",Houston,Texas,"United States",US,"North America"
GM-145001,"Gene McClure","Southeast Asia",Consumer,"Nha Trang",Shandong,Vietnam,APAC,APAC
GM-145002,"Gene McClure",North,Consumer,Rochefort,Poitou-Charentes,France,EU,EU
GM-145003,"Gene McClure",South,Consumer,Tlaquepaque,"San Salvador",Peru,LATAM,LATAM
GM-145004,"Gene McClure",West,Consumer,Seattle,Washington,"United States",US,"North America"
GM-146801,"Greg Matthias","Southeast Asia",Consumer,Wollongong,Zhejiang,Philippines,APAC,APAC
GM-146802,"Greg Matthias",North,Consumer,Toulouse,Stockholm,Sweden,EU,EU
GM-146803,"Greg Matthias",South,Consumer,Zapopan,"São Paulo",Nicaragua,LATAM,LATAM
GM-146804,"Greg Matthias",West,Consumer,Seattle,Washington,"United States",US,"North America"
GM-146951,"Greg Maxwell","Southeast Asia",Corporate,Melbourne,Victoria,Philippines,APAC,APAC
GM-146952,"Greg Maxwell",North,Corporate,Nogent-sur-Oise,Saxony,"United Kingdom",EU,EU
GM-146953,"Greg Maxwell",South,Corporate,"San Salvador",Vargas,Venezuela,LATAM,LATAM
GM-146954,"Greg Maxwell",West,Corporate,"San Francisco",Virginia,"United States",US,"North America"
GM-44401,"Gary McGarr",Africa,Consumer,Sale,Rabat-Salé-Zemmour-Zaer,Nigeria,Africa,Africa
GM-44402,"Gary McGarr",EMEA,Consumer,Poltava,Poltava,Ukraine,EMEA,EMEA
GM-44551,"Gary Mitchum",Africa,"Home Office",Sale,Rabat-Salé-Zemmour-Zaer,Somalia,Africa,Africa
GM-44552,"Gary Mitchum",EMEA,"Home Office",Sincan,Istanbul,Turkey,EMEA,EMEA
GM-45001,"Gene McClure",Africa,Consumer,Luanda,Luanda,Senegal,Africa,Africa
GM-45002,"Gene McClure",EMEA,Consumer,Vienna,Vienna,Iraq,EMEA,EMEA
GM-46801,"Greg Matthias",Africa,Consumer,Tunis,Tunis,Tunisia,Africa,Africa
GM-46802,"Greg Matthias",EMEA,Consumer,Medina,Izmir,Turkey,EMEA,EMEA
GM-46951,"Greg Maxwell",Africa,Corporate,Sale,Rabat-Salé-Zemmour-Zaer,Morocco,Africa,Africa
GM-46952,"Greg Maxwell",EMEA,Corporate,Riyadh,Kocaeli,Turkey,EMEA,EMEA
GP-147401,"Guy Phonely",Oceania,Corporate,Varanasi,"Uttar Pradesh","Papua New Guinea",APAC,APAC
GP-147402,"Guy Phonely",South,Corporate,Watford,Valenciana,"United Kingdom",EU,EU
GP-147403,"Guy Phonely",South,Corporate,Torreón,Pernambuco,Nicaragua,LATAM,LATAM
GP-147404,"Guy Phonely",East,Corporate,Leominster,Pennsylvania,"United States",US,"North America"
GP-47401,"Guy Phonely",Africa,Corporate,Windhoek,Khomas,Senegal,Africa,Africa
GP-47402,"Guy Phonely",EMEA,Corporate,Vilnius,Vilnius,Turkey,EMEA,EMEA
GR-145601,"Georgia Rosenberg","Southeast Asia",Corporate,Yangon,Yangon,Pakistan,APAC,APAC
GR-145602,"Georgia Rosenberg",South,Corporate,Stockholm,Stockholm,Sweden,EU,EU
GR-145603,"Georgia Rosenberg",North,Corporate,Tlalpan,"Pinar del Río",Mexico,LATAM,LATAM
GR-145604,"Georgia Rosenberg",West,Corporate,Wilmington,Delaware,"United States",US,"North America"
GR-45601,"Georgia Rosenberg",Africa,Corporate,Tunis,Tunis,Zimbabwe,Africa,Africa
GR-45602,"Georgia Rosenberg",EMEA,Corporate,Istanbul,Khuzestan,Turkey,EMEA,EMEA
GT-146351,"Grant Thornton","Southeast Asia",Corporate,Surabaya,"Uttar Pradesh","South Korea",APAC,APAC
GT-146352,"Grant Thornton",South,Corporate,Salamanca,"Västra Götaland","United Kingdom",EU,EU
GT-146353,"Grant Thornton",North,Corporate,Tegucigalpa,Panama,Panama,LATAM,LATAM
GT-146354,"Grant Thornton",South,Corporate,"New York City","North Carolina","United States",US,"North America"
GT-147101,"Greg Tran",Oceania,Consumer,Vadodara,"Western Australia","South Korea",APAC,APAC
GT-147102,"Greg Tran",South,Consumer,Winterthur,Zürich,"United Kingdom",EU,EU
GT-147103,"Greg Tran",North,Consumer,Tegucigalpa,"San Salvador",Panama,LATAM,LATAM
GT-147104,"Greg Tran",West,Consumer,Washington,Washington,"United States",US,"North America"
GT-147551,"Guy Thornton","Southeast Asia",Consumer,Luoyang,"Uttar Pradesh",Vietnam,APAC,APAC
GT-147552,"Guy Thornton",South,Consumer,Rotterdam,"South Holland","United Kingdom",EU,EU
GT-147553,"Guy Thornton",South,Consumer,Tijuana,Santiago,Nicaragua,LATAM,LATAM
GT-147554,"Guy Thornton",West,Consumer,Rockford,Texas,"United States",US,"North America"
GT-46351,"Grant Thornton",Africa,Corporate,Monrovia,"Woqooyi Galbeed",Sudan,Africa,Africa
GT-46352,"Grant Thornton",EMEA,Corporate,Buzau,Buzau,Romania,EMEA,EMEA
GT-47101,"Greg Tran",Africa,Consumer,Niamey,Niamey,Nigeria,Africa,Africa
GT-47102,"Greg Tran",EMEA,Consumer,Sarajevo,"Federation of Bosnia and Herzegovina",Russia,EMEA,EMEA
GT-47551,"Guy Thornton",Africa,Consumer,Pretoria,Kinshasa,"South Africa",Africa,Africa
GT-47552,"Guy Thornton",Canada,Consumer,Montréal,Quebec,Canada,Canada,"North America"
GT-47553,"Guy Thornton",EMEA,Consumer,Zaporizhzhya,Zaporizhzhya,Ukraine,EMEA,EMEA
GW-146051,"Giulietta Weimer","Southeast Asia",Consumer,Rockhampton,Wellington,Philippines,APAC,APAC
GW-146052,"Giulietta Weimer",South,Consumer,Valence,Rhône-Alpes,"United Kingdom",EU,EU
GW-146053,"Giulietta Weimer",Central,Consumer,Tegucigalpa,Sonsonate,Jamaica,LATAM,LATAM
GW-146054,"Giulietta Weimer",West,Consumer,Seattle,Washington,"United States",US,"North America"
GW-46051,"Giulietta Weimer",Africa,Consumer,Zaria,Osun,"South Africa",Africa,Africa
GW-46052,"Giulietta Weimer",EMEA,Consumer,Malayer,Istanbul,Turkey,EMEA,EMEA
GZ-144701,"Gary Zandusky","Southeast Asia",Consumer,Wellington,Wellington,Philippines,APAC,APAC
GZ-144702,"Gary Zandusky",South,Consumer,"Reggio nell'Emilia",Overijssel,Spain,EU,EU
GZ-144703,"Gary Zandusky",South,Consumer,Valledupar,"Santo Domingo",Panama,LATAM,LATAM
GZ-144704,"Gary Zandusky",West,Consumer,"Texas City",Virginia,"United States",US,"North America"
GZ-145451,"George Zrebassa","Southeast Asia",Corporate,Tiruchchirappalli,"Western Australia",Thailand,APAC,APAC
GZ-145452,"George Zrebassa",Central,Corporate,Palaiseau,"Provence-Alpes-Côte d'Azur",Germany,EU,EU
GZ-145453,"George Zrebassa",North,Corporate,Tijuana,Veracruz,Mexico,LATAM,LATAM
GZ-145454,"George Zrebassa",West,Corporate,"Thousand Oaks",Massachusetts,"United States",US,"North America"
GZ-44701,"Gary Zandusky",Africa,Consumer,Lubumbashi,Katanga,Ghana,Africa,Africa
GZ-44702,"Gary Zandusky",Canada,Consumer,Montréal,Quebec,Canada,Canada,"North America"
GZ-44703,"Gary Zandusky",EMEA,Consumer,Jeddah,Pomerania,Ukraine,EMEA,EMEA
GZ-45451,"George Zrebassa",Africa,Corporate,Lagos,Lagos,Nigeria,Africa,Africa
GZ-45452,"George Zrebassa",Canada,Corporate,Edmonton,Alberta,Canada,Canada,"North America"
GZ-45453,"George Zrebassa",EMEA,Corporate,Isparta,Isparta,Turkey,EMEA,EMEA
HA-149051,"Helen Abelman","Southeast Asia",Consumer,Qingdao,"Sumatera Barat",Philippines,APAC,APAC
HA-149052,"Helen Abelman",South,Consumer,Naples,Lisboa,Spain,EU,EU
HA-149053,"Helen Abelman",South,Consumer,"San Miguelito",Ucayali,Peru,LATAM,LATAM
HA-149054,"Helen Abelman",West,Consumer,Springfield,Ohio,"United States",US,"North America"
HA-149201,"Helen Andreada","Southeast Asia",Consumer,Yuanjiang,Victoria,"New Zealand",APAC,APAC
HA-149202,"Helen Andreada",South,Consumer,Ulm,Valenciana,Spain,EU,EU
HA-149203,"Helen Andreada",South,Consumer,"Villa Nueva",Guatemala,Mexico,LATAM,LATAM
HA-149204,"Helen Andreada",West,Consumer,"San Francisco",Texas,"United States",US,"North America"
HA-49051,"Helen Abelman",Africa,Consumer,Centurion,Gauteng,"South Africa",Africa,Africa
HA-49052,"Helen Abelman",EMEA,Consumer,Jerusalem,Jerusalem,Turkey,EMEA,EMEA
HA-49201,"Helen Andreada",Canada,Consumer,Surrey,"British Columbia",Canada,Canada,"North America"
HA-49202,"Helen Andreada",EMEA,Consumer,Oktyabr'skiy,Kayseri,Turkey,EMEA,EMEA
HD-147851,"Harold Dahlen","Southeast Asia","Home Office",Shanghai,Waikato,"New Zealand",APAC,APAC
HD-147852,"Harold Dahlen",South,"Home Office",Stockholm,Stockholm,"United Kingdom",EU,EU
HD-147853,"Harold Dahlen",South,"Home Office",Tegucigalpa,"São Paulo",Peru,LATAM,LATAM
HD-147854,"Harold Dahlen",East,"Home Office",Philadelphia,Pennsylvania,"United States",US,"North America"
HD-47851,"Harold Dahlen",Africa,"Home Office",Nkongsamba,"Western Cape","South Africa",Africa,Africa
HD-47852,"Harold Dahlen",EMEA,"Home Office",Mykolayiv,Mykolayiv,Ukraine,EMEA,EMEA
HE-148001,"Harold Engle","Southeast Asia",Corporate,Waitakere,Singapore,Thailand,APAC,APAC
HE-148002,"Harold Engle",South,Corporate,Zaanstad,"North Holland","United Kingdom",EU,EU
HE-148003,"Harold Engle",South,Corporate,Vassouras,Sinaloa,Panama,LATAM,LATAM
HE-148004,"Harold Engle",East,Corporate,Newark,Wisconsin,"United States",US,"North America"
HE-48001,"Harold Engle",Africa,Corporate,Lagos,Lagos,Tanzania,Africa,Africa
HE-48002,"Harold Engle",EMEA,Corporate,Yaroslavl',Yaroslavl',Russia,EMEA,EMEA
HF-149951,"Herbert Flentye","Southeast Asia",Consumer,Zhaoyuan,"Western Australia",Philippines,APAC,APAC
HF-149952,"Herbert Flentye",South,Consumer,Siegen,Styria,"United Kingdom",EU,EU
HF-149953,"Herbert Flentye",South,Consumer,Seropédica,"Santo Domingo",Mexico,LATAM,LATAM
HF-149954,"Herbert Flentye",West,Consumer,"San Francisco",Tennessee,"United States",US,"North America"
HF-49951,"Herbert Flentye",Africa,Consumer,Oran,Oran,Zambia,Africa,Africa
HF-49952,"Herbert Flentye",EMEA,Consumer,Zahedan,Tehran,Yemen,EMEA,EMEA
HG-148451,"Harry Greene","Southeast Asia",Consumer,Yogyakarta,Yogyakarta,Vietnam,APAC,APAC
HG-148452,"Harry Greene",South,Consumer,Tilburg,"Upper Normandy",Spain,EU,EU
HG-148453,"Harry Greene",Central,Consumer,"Spanish Town","Santo Domingo",Jamaica,LATAM,LATAM
HG-148454,"Harry Greene",South,Consumer,Philadelphia,Texas,"United States",US,"North America"
HG-149651,"Henry Goldwyn","Southeast Asia",Corporate,Sydney,"Uttar Pradesh",Thailand,APAC,APAC
HG-149652,"Henry Goldwyn",South,Corporate,Vigo,Poitou-Charentes,"United Kingdom",EU,EU
HG-149653,"Henry Goldwyn",Central,Corporate,"Santiago de los Caballeros",Santiago,Guatemala,LATAM,LATAM
HG-149654,"Henry Goldwyn",West,Corporate,"San Francisco",Texas,"United States",US,"North America"
HG-150251,"Hunter Glantz","Southeast Asia",Consumer,Sydney,Zhejiang,Thailand,APAC,APAC
HG-150252,"Hunter Glantz",South,Consumer,York,"North Rhine-Westphalia","United Kingdom",EU,EU
HG-150253,"Hunter Glantz",South,Consumer,Tegucigalpa,"São Paulo",Nicaragua,LATAM,LATAM
HG-150254,"Hunter Glantz",West,Consumer,Oceanside,Texas,"United States",US,"North America"
HG-48451,"Harry Greene",Africa,Consumer,Ziguinchor,Ziguinchor,Senegal,Africa,Africa
HG-48452,"Harry Greene",EMEA,Consumer,Zhytomyr,Zhytomyr,Ukraine,EMEA,EMEA
HG-49651,"Henry Goldwyn",Africa,Corporate,Mutare,Meknès-Tafilalet,Zimbabwe,Africa,Africa
HG-49652,"Henry Goldwyn",Canada,Corporate,London,Ontario,Canada,Canada,"North America"
HG-49653,"Henry Goldwyn",EMEA,Corporate,Van,Van,Turkey,EMEA,EMEA
HG-50251,"Hunter Glantz",Africa,Consumer,Kano,Lagunes,Nigeria,Africa,Africa
HG-50252,"Hunter Glantz",EMEA,Consumer,Nizhyn,Khuzestan,Ukraine,EMEA,EMEA
HH-150101,"Hilary Holden",Oceania,Corporate,Toowoomba,Tokyo,Japan,APAC,APAC
HH-150102,"Hilary Holden",North,Corporate,Villingen-Schwenningen,Rhône-Alpes,"United Kingdom",EU,EU
HH-150103,"Hilary Holden",South,Corporate,Valinhos,Tamaulipas,Nicaragua,LATAM,LATAM
HH-150104,"Hilary Holden",West,Corporate,"San Francisco",California,"United States",US,"North America"
HH-50101,"Hilary Holden",Africa,Corporate,"Dar es Salaam","Dar Es Salaam",Tanzania,Africa,Africa
HH-50102,"Hilary Holden",EMEA,Corporate,Giurgiu,Giurgiu,Ukraine,EMEA,EMEA
HJ-148751,"Heather Jas","Southeast Asia","Home Office",Yantai,Telangana,Malaysia,APAC,APAC
HJ-148752,"Heather Jas",South,"Home Office",Versailles,Thuringia,"United Kingdom",EU,EU
HJ-148753,"Heather Jas",North,"Home Office","San Salvador",Sonora,Mexico,LATAM,LATAM
HJ-148754,"Heather Jas",West,"Home Office",Seattle,Washington,"United States",US,"North America"
HJ-48751,"Heather Jas",Africa,"Home Office",Mpumalanga,Luanda,"South Africa",Africa,Africa
HJ-48752,"Heather Jas",EMEA,"Home Office",Qazvin,Qazvin,"Saudi Arabia",EMEA,EMEA
HK-148901,"Heather Kirkland","Southeast Asia",Corporate,Tauranga,Wellington,"New Zealand",APAC,APAC
HK-148902,"Heather Kirkland",South,Corporate,Stafford,Tuscany,"United Kingdom",EU,EU
HK-148903,"Heather Kirkland",South,Corporate,"Santo Domingo","Santo Domingo",Honduras,LATAM,LATAM
HK-148904,"Heather Kirkland",West,Corporate,Salinas,Texas,"United States",US,"North America"
HK-48901,"Heather Kirkland",Africa,Corporate,Kananga,Kasai-Occidental,Egypt,Africa,Africa
HK-48902,"Heather Kirkland",Canada,Corporate,London,Ontario,Canada,Canada,"North America"
HK-48903,"Heather Kirkland",EMEA,Corporate,Tekirdag,Tekirdag,Ukraine,EMEA,EMEA
HL-150401,"Hunter Lopez","Southeast Asia",Consumer,Wuhan,Tasmania,Philippines,APAC,APAC
HL-150402,"Hunter Lopez",South,Consumer,Oviedo,"North Rhine-Westphalia","United Kingdom",EU,EU
HL-150403,"Hunter Lopez",Central,Consumer,"Villa Nueva","San Salvador",Nicaragua,LATAM,LATAM
HL-150404,"Hunter Lopez",South,Consumer,Rochester,Wisconsin,"United States",US,"North America"
HL-50401,"Hunter Lopez",Africa,Consumer,Dakar,Dakar,Senegal,Africa,Africa
HL-50402,"Hunter Lopez",EMEA,Consumer,Jeddah,Makkah,Turkey,EMEA,EMEA
HM-148601,"Harry Marie","Southeast Asia",Corporate,Whangarei,Waikato,Thailand,APAC,APAC
HM-148602,"Harry Marie",South,Corporate,Washington,Tuscany,"United Kingdom",EU,EU
HM-148603,"Harry Marie",South,Corporate,"Santa Helena",México,Mexico,LATAM,LATAM
HM-148604,"Harry Marie",West,Corporate,Springfield,Washington,"United States",US,"North America"
HM-149801,"Henry MacAllister","Southeast Asia",Consumer,Zhengzhou,Victoria,Philippines,APAC,APAC
HM-149802,"Henry MacAllister",South,Consumer,Rome,"West Flanders","United Kingdom",EU,EU
HM-149803,"Henry MacAllister",South,Consumer,"Villa Nueva","São Paulo",Panama,LATAM,LATAM
HM-149804,"Henry MacAllister",West,Consumer,Seattle,Washington,"United States",US,"North America"
HM-48601,"Harry Marie",Africa,Corporate,Dakar,"Greater Accra",Senegal,Africa,Africa
HM-48602,"Harry Marie",EMEA,Corporate,Oradea,Bihor,Romania,EMEA,EMEA
HM-49801,"Henry MacAllister",Africa,Consumer,Kinshasa,Maniema,"Democratic Republic of the Congo",Africa,Africa
HM-49802,"Henry MacAllister",EMEA,Consumer,Vanadzor,Lori,Turkey,EMEA,EMEA
HP-148151,"Harold Pawlan",Oceania,"Home Office","Wagga Wagga",Queensland,India,APAC,APAC
HP-148152,"Harold Pawlan",South,"Home Office",Wigan,Murcia,"United Kingdom",EU,EU
HP-148153,"Harold Pawlan",South,"Home Office",Tupã,"São Paulo",Nicaragua,LATAM,LATAM
HP-148154,"Harold Pawlan",West,"Home Office","Virginia Beach",Virginia,"United States",US,"North America"
HP-48151,"Harold Pawlan",Africa,"Home Office",Kinshasa,"Western Cape","South Africa",Africa,Africa
HP-48152,"Harold Pawlan",EMEA,"Home Office",Lublin,Tekirdag,Turkey,EMEA,EMEA
HR-147701,"Hallie Redmond","Southeast Asia","Home Office",Shanghai,Victoria,Philippines,APAC,APAC
HR-147702,"Hallie Redmond",South,"Home Office",Stockholm,Stockholm,"United Kingdom",EU,EU
HR-147703,"Hallie Redmond",North,"Home Office",Tegucigalpa,Veracruz,Panama,LATAM,LATAM
HR-147704,"Hallie Redmond",West,"Home Office",Richmond,Wisconsin,"United States",US,"North America"
HR-148301,"Harold Ryan","Southeast Asia",Corporate,Wollongong,Waikato,"New Zealand",APAC,APAC
HR-148302,"Harold Ryan",South,Corporate,Milan,Sardinia,"United Kingdom",EU,EU
HR-148303,"Harold Ryan",South,Corporate,Toluca,"São Paulo",Nicaragua,LATAM,LATAM
HR-148304,"Harold Ryan",West,Corporate,Seattle,Washington,"United States",US,"North America"
HR-47701,"Hallie Redmond",Africa,"Home Office",Mbandaka,Manzini,Swaziland,Africa,Africa
HR-47702,"Hallie Redmond",Canada,"Home Office",Toronto,Ontario,Canada,Canada,"North America"
HR-47703,"Hallie Redmond",EMEA,"Home Office",Sofia,Sofiya-Grad,Turkey,EMEA,EMEA
HR-48301,"Harold Ryan",Africa,Corporate,Guelma,Guelma,Algeria,Africa,Africa
HR-48302,"Harold Ryan",EMEA,Corporate,Van,Van,Turkey,EMEA,EMEA
HW-149351,"Helen Wasserman","Southeast Asia",Corporate,Suzhou,"Western Australia","New Zealand",APAC,APAC
HW-149352,"Helen Wasserman",South,Corporate,Sarcelles,Scotland,"United Kingdom",EU,EU
HW-149353,"Helen Wasserman",North,Corporate,Soyapango,Tamaulipas,Nicaragua,LATAM,LATAM
HW-149354,"Helen Wasserman",West,Corporate,Tulsa,Washington,"United States",US,"North America"
HW-49351,"Helen Wasserman",Africa,Corporate,Lagos,Lagos,Nigeria,Africa,Africa
HW-49352,"Helen Wasserman",EMEA,Corporate,Tehran,Tehran,Romania,EMEA,EMEA
HZ-149501,"Henia Zydlo","Southeast Asia",Consumer,Whyalla,"Western Australia",Philippines,APAC,APAC
HZ-149502,"Henia Zydlo",North,Consumer,Vienna,Vienna,"United Kingdom",EU,EU
HZ-149503,"Henia Zydlo",North,Consumer,Tlalnepantla,México,Mexico,LATAM,LATAM
HZ-149504,"Henia Zydlo",South,Consumer,"New York City",Texas,"United States",US,"North America"
HZ-49501,"Henia Zydlo",Africa,Consumer,Porto-Novo,Ouémé,Nigeria,Africa,Africa
HZ-49502,"Henia Zydlo",EMEA,Consumer,Saveh,Pavlodar,Turkey,EMEA,EMEA
IG-150851,"Ivan Gibson","Southeast Asia",Consumer,Sydney,Victoria,Philippines,APAC,APAC
IG-150852,"Ivan Gibson",South,Consumer,Vienna,Vienna,"United Kingdom",EU,EU
IG-150853,"Ivan Gibson",South,Consumer,Zacatecas,Zacatecas,Mexico,LATAM,LATAM
IG-150854,"Ivan Gibson",West,Consumer,Seattle,Washington,"United States",US,"North America"
IG-50851,"Ivan Gibson",Africa,Consumer,Toliara,Lusaka,Zambia,Africa,Africa
IG-50852,"Ivan Gibson",EMEA,Consumer,Zagreb,Ninawa,Uzbekistan,EMEA,EMEA
IL-151001,"Ivan Liston",Oceania,Consumer,Geelong,Victoria,"New Zealand",APAC,APAC
IL-151002,"Ivan Liston",South,Consumer,Paris,Zealand,Sweden,EU,EU
IL-151003,"Ivan Liston",South,Consumer,Tlaquepaque,Zacatecas,Mexico,LATAM,LATAM
IL-151004,"Ivan Liston",West,Consumer,Wilmington,Texas,"United States",US,"North America"
IL-51001,"Ivan Liston",Africa,Consumer,Lagos,Lagos,Nigeria,Africa,Africa
IL-51002,"Ivan Liston",EMEA,Consumer,Sabzevar,"Razavi Khorasan",Ukraine,EMEA,EMEA
IM-150551,"Ionia McGrath","Southeast Asia",Consumer,Ulsan,Ulsan,"South Korea",APAC,APAC
IM-150552,"Ionia McGrath",South,Consumer,Tourcoing,Valenciana,Spain,EU,EU
IM-150553,"Ionia McGrath",South,Consumer,Soyapango,"San Salvador",Paraguay,LATAM,LATAM
IM-150554,"Ionia McGrath",West,Consumer,"San Francisco",Nevada,"United States",US,"North America"
IM-150701,"Irene Maddox","Southeast Asia",Consumer,Shanghai,"Western Australia",Vietnam,APAC,APAC
IM-150702,"Irene Maddox",South,Consumer,Palencia,Rhône-Alpes,"United Kingdom",EU,EU
IM-150703,"Irene Maddox",South,Consumer,"Villa Nueva","Santa Ana",Mexico,LATAM,LATAM
IM-150704,"Irene Maddox",West,Consumer,Seattle,Wisconsin,"United States",US,"North America"
IM-50551,"Ionia McGrath",Africa,Consumer,Tetouan,Tanger-Tétouan,"Republic of the Congo",Africa,Africa
IM-50552,"Ionia McGrath",EMEA,Consumer,Saqqez,"Razavi Khorasan",Turkey,EMEA,EMEA
IM-50701,"Irene Maddox",Africa,Consumer,Westonaria,Gauteng,"South Africa",Africa,Africa
IM-50702,"Irene Maddox",EMEA,Consumer,Shiraz,"Razavi Khorasan",Ukraine,EMEA,EMEA
JA-159701,"Joseph Airdo","Southeast Asia",Consumer,"Phnom Penh","Phnom Penh",Thailand,APAC,APAC
JA-159702,"Joseph Airdo",South,Consumer,Wolverhampton,Sicily,"United Kingdom",EU,EU
JA-159703,"Joseph Airdo",Central,Consumer,Tegucigalpa,"San Salvador",Honduras,LATAM,LATAM
JA-159704,"Joseph Airdo",West,Consumer,Springfield,Pennsylvania,"United States",US,"North America"
JA-59701,"Joseph Airdo",Africa,Consumer,Pretoria,Gauteng,Tanzania,Africa,Africa
JA-59702,"Joseph Airdo",EMEA,Consumer,Mersin,Mersin,Ukraine,EMEA,EMEA
JB-154001,"Jennifer Braxton",Oceania,Corporate,Sanming,Sindh,Pakistan,APAC,APAC
JB-154002,"Jennifer Braxton",South,Corporate,Viterbo,Utrecht,"United Kingdom",EU,EU
JB-154003,"Jennifer Braxton",South,Corporate,Torreón,Quezaltenango,Peru,LATAM,LATAM
JB-154004,"Jennifer Braxton",West,Corporate,Tampa,Wisconsin,"United States",US,"North America"
JB-159251,"Joni Blumstein","Southeast Asia",Consumer,Traralgon,Yunnan,Indonesia,APAC,APAC
JB-159252,"Joni Blumstein",Central,Consumer,Trier,Rhône-Alpes,Netherlands,EU,EU
JB-159253,"Joni Blumstein",North,Consumer,"Santo Domingo","Santo Domingo",Mexico,LATAM,LATAM
JB-159254,"Joni Blumstein",West,Consumer,"Los Angeles",Texas,"United States",US,"North America"
JB-160001,"Joy Bell-","Southeast Asia",Consumer,Zhenjiang,Zhejiang,Philippines,APAC,APAC
JB-160002,"Joy Bell-",South,Consumer,Velletri,Rhône-Alpes,"United Kingdom",EU,EU
JB-160003,"Joy Bell-",South,Consumer,Salvador,"Provincia de Buenos Aires",Nicaragua,LATAM,LATAM
JB-160004,"Joy Bell-",West,Consumer,"Salt Lake City",Washington,"United States",US,"North America"
JB-160451,"Julia Barnett","Southeast Asia","Home Office",Xining,Qinghai,Philippines,APAC,APAC
JB-160452,"Julia Barnett",South,"Home Office","Reggio nell'Emilia",Wales,"United Kingdom",EU,EU
JB-160453,"Julia Barnett",South,"Home Office",Sucre,Tamaulipas,Nicaragua,LATAM,LATAM
JB-160454,"Julia Barnett",West,"Home Office",Philadelphia,Pennsylvania,"United States",US,"North America"
JB-54001,"Jennifer Braxton",Africa,Corporate,Soweto,Lagunes,"South Africa",Africa,Africa
JB-54002,"Jennifer Braxton",EMEA,Corporate,Zagreb,Makkah,"Saudi Arabia",EMEA,EMEA
JB-59251,"Joni Blumstein",Africa,Consumer,Zaria,Kaduna,Nigeria,Africa,Africa
JB-59252,"Joni Blumstein",EMEA,Consumer,Shkoder,Southern,Ukraine,EMEA,EMEA
JB-60001,"Joy Bell-",Africa,Consumer,Potchefstroom,Orientale,"South Africa",Africa,Africa
JB-60002,"Joy Bell-",EMEA,Consumer,Uman',Siirt,Ukraine,EMEA,EMEA
JB-60451,"Julia Barnett",Africa,"Home Office",Kalemie,Katanga,Zimbabwe,Africa,Africa
JB-60452,"Julia Barnett",EMEA,"Home Office",Ternopil',Ternopil',Ukraine,EMEA,EMEA
JC-153401,"Jasper Cacioppo","Southeast Asia",Consumer,Shanghai,Shanghai,Philippines,APAC,APAC
JC-153402,"Jasper Cacioppo",North,Consumer,Warrington,"Provence-Alpes-Côte d'Azur","United Kingdom",EU,EU
JC-153403,"Jasper Cacioppo",South,Consumer,Tlalpan,Panama,Panama,LATAM,LATAM
JC-153404,"Jasper Cacioppo",West,Consumer,Riverside,Pennsylvania,"United States",US,"North America"
JC-153851,"Jenna Caffey",Oceania,Consumer,Wuhan,Wellington,"New Zealand",APAC,APAC
JC-153852,"Jenna Caffey",South,Consumer,Wiesbaden,"Upper Normandy","United Kingdom",EU,EU
JC-153853,"Jenna Caffey",South,Consumer,"Santo Domingo",Sinaloa,Panama,LATAM,LATAM
JC-153854,"Jenna Caffey",West,Consumer,Kent,Washington,"United States",US,"North America"
JC-157751,"John Castell","Southeast Asia",Consumer,Satna,Victoria,Philippines,APAC,APAC
JC-157752,"John Castell",North,Consumer,Waterlooville,"South Holland","United Kingdom",EU,EU
JC-157753,"John Castell",Central,Consumer,"San Salvador","San Salvador",Guatemala,LATAM,LATAM
JC-157754,"John Castell",West,Consumer,Tallahassee,Washington,"United States",US,"North America"
JC-161051,"Julie Creighton","Southeast Asia",Corporate,Thane,Sindh,Pakistan,APAC,APAC
JC-161052,"Julie Creighton",South,Corporate,"West Bromwich",Stockholm,"United Kingdom",EU,EU
JC-161053,"Julie Creighton",South,Corporate,Yopal,Sonora,Mexico,LATAM,LATAM
JC-161054,"Julie Creighton",West,Corporate,Rochester,"North Carolina","United States",US,"North America"
JC-53401,"Jasper Cacioppo",Africa,Consumer,Niamey,Niamey,Uganda,Africa,Africa
JC-53402,"Jasper Cacioppo",EMEA,Consumer,Varna,Varna,Bulgaria,EMEA,EMEA
JC-53851,"Jenna Caffey",Africa,Consumer,Nairobi,Nairobi,Swaziland,Africa,Africa
JC-53852,"Jenna Caffey",EMEA,Consumer,Panevezys,Panevezys,Russia,EMEA,EMEA
JC-57751,"John Castell",Africa,Consumer,Maradi,Maradi,Zimbabwe,Africa,Africa
JC-57752,"John Castell",EMEA,Consumer,Trabzon,Trabzon,Ukraine,EMEA,EMEA
JC-61051,"Julie Creighton",Africa,Corporate,Lagos,Lagos,Nigeria,Africa,Africa
JC-61052,"Julie Creighton",EMEA,Corporate,Vilnius,Vilnius,Turkey,EMEA,EMEA
JD-157901,"John Dryer","Southeast Asia",Consumer,Valenzuela,Singapore,Vietnam,APAC,APAC
JD-157902,"John Dryer",North,Consumer,Turku,"North Rhine-Westphalia",Germany,EU,EU
JD-157903,"John Dryer",South,Consumer,"Santiago de Cuba",Yucatán,Panama,LATAM,LATAM
JD-157904,"John Dryer",West,Consumer,"Los Angeles",Texas,"United States",US,"North America"
JD-158951,"Jonathan Doherty","Southeast Asia",Corporate,Yangon,Yangon,"Myanmar (Burma)",APAC,APAC
JD-158952,"Jonathan Doherty",South,Corporate,Oosterhout,"Västra Götaland",Sweden,EU,EU
JD-158953,"Jonathan Doherty",South,Corporate,Zapopan,Sonora,Mexico,LATAM,LATAM
JD-158954,"Jonathan Doherty",West,Corporate,Riverside,Virginia,"United States",US,"North America"
JD-160151,"Joy Daniels","Southeast Asia",Consumer,"Palmerston North","Tamil Nadu",Philippines,APAC,APAC
JD-160152,"Joy Daniels",South,Consumer,Wolverhampton,Scotland,"United Kingdom",EU,EU
JD-160153,"Joy Daniels",South,Consumer,"Santo Domingo",Veracruz,Panama,LATAM,LATAM
JD-160154,"Joy Daniels",West,Consumer,Toledo,Washington,"United States",US,"North America"
JD-160601,"Julia Dunbar",Oceania,Consumer,Changchun,Queensland,China,APAC,APAC
JD-160602,"Julia Dunbar",South,Consumer,Toulouse,"South Denmark",Spain,EU,EU
JD-160603,"Julia Dunbar",South,Consumer,"Santiago de Cuba","Santiago de Cuba",Mexico,LATAM,LATAM
JD-160604,"Julia Dunbar",West,Consumer,"San Francisco",Texas,"United States",US,"North America"
JD-161501,"Justin Deggeller","Southeast Asia",Corporate,Sydney,"New South Wales",Thailand,APAC,APAC
JD-161502,"Justin Deggeller",North,Corporate,Tamworth,"South Holland","United Kingdom",EU,EU
JD-161503,"Justin Deggeller",South,Corporate,Zacatecas,Zacatecas,Mexico,LATAM,LATAM
JD-161504,"Justin Deggeller",West,Corporate,"Twin Falls",Wisconsin,"United States",US,"North America"
JD-57901,"John Dryer",Africa,Consumer,Jos,Plateau,Tanzania,Africa,Africa
JD-57902,"John Dryer",EMEA,Consumer,Siedlce,Pleven,"United Arab Emirates",EMEA,EMEA
JD-58951,"Jonathan Doherty",Africa,Corporate,Mbeya,Mbeya,Tanzania,Africa,Africa
JD-58952,"Jonathan Doherty",Canada,Corporate,Mississauga,Ontario,Canada,Canada,"North America"
JD-58953,"Jonathan Doherty",EMEA,Corporate,Mamak,Durrës,Turkey,EMEA,EMEA
JD-60151,"Joy Daniels",Africa,Consumer,"Wad Madani",Lagos,Sudan,Africa,Africa
JD-60152,"Joy Daniels",EMEA,Consumer,Vlore,Vlorë,Turkey,EMEA,EMEA
JD-60601,"Julia Dunbar",Africa,Consumer,Lagos,Lagos,"South Africa",Africa,Africa
JD-60602,"Julia Dunbar",EMEA,Consumer,Siauliai,Šiauliai,Turkey,EMEA,EMEA
JD-61501,"Justin Deggeller",Africa,Corporate,"Cape Town","Western Cape","South Africa",Africa,Africa
JD-61502,"Justin Deggeller",EMEA,Corporate,Vinnytsya,Vinnytsya,Ukraine,EMEA,EMEA
JE-154751,"Jeremy Ellison",Oceania,Consumer,Yushu,Shandong,Japan,APAC,APAC
JE-154752,"Jeremy Ellison",North,Consumer,Southport,Stockholm,"United Kingdom",EU,EU
JE-154753,"Jeremy Ellison",North,Consumer,Tegucigalpa,"Santo Domingo",Mexico,LATAM,LATAM
JE-154754,"Jeremy Ellison",West,Consumer,Troy,Washington,"United States",US,"North America"
JE-156101,"Jim Epp","Southeast Asia",Corporate,Whangarei,Yunnan,Vietnam,APAC,APAC
JE-156102,"Jim Epp",Central,Corporate,Lyon,Schleswig-Holstein,Germany,EU,EU
JE-156103,"Jim Epp",South,Corporate,Soyapango,"Santo Domingo",Mexico,LATAM,LATAM
JE-156104,"Jim Epp",West,Corporate,"San Diego",Wisconsin,"United States",US,"North America"
JE-157151,"Joe Elijah","Southeast Asia",Consumer,Tianjin,"Uttar Pradesh","South Korea",APAC,APAC
JE-157152,"Joe Elijah",North,Consumer,Viroflay,Vienna,"United Kingdom",EU,EU
JE-157153,"Joe Elijah",South,Consumer,"Santiago de los Caballeros",Veracruz,Venezuela,LATAM,LATAM
JE-157154,"Joe Elijah",West,Consumer,Seattle,Washington,"United States",US,"North America"
JE-157451,"Joel Eaton","Southeast Asia",Consumer,Sydney,Queensland,Philippines,APAC,APAC
JE-157452,"Joel Eaton",South,Consumer,Wuppertal,Valenciana,"United Kingdom",EU,EU
JE-157453,"Joel Eaton",South,Consumer,Tegucigalpa,"São Paulo",Honduras,LATAM,LATAM
JE-157454,"Joel Eaton",West,Consumer,"San Jose",Texas,"United States",US,"North America"
JE-161651,"Justin Ellison","Southeast Asia",Corporate,"Upper Hutt","Western Australia",Philippines,APAC,APAC
JE-161652,"Justin Ellison",South,Corporate,Vienna,Zeeland,Norway,EU,EU
JE-161653,"Justin Ellison",South,Corporate,Tegucigalpa,"São Paulo",Mexico,LATAM,LATAM
JE-161654,"Justin Ellison",West,Corporate,Woodland,Wisconsin,"United States",US,"North America"
JE-54751,"Jeremy Ellison",Africa,Consumer,Mostaganem,Mostaganem,Zambia,Africa,Africa
JE-54752,"Jeremy Ellison",EMEA,Consumer,Oradea,Khmel'nyts'kyy,Ukraine,EMEA,EMEA
JE-56101,"Jim Epp",Africa,Corporate,Mwanza,Osun,Tanzania,Africa,Africa
JE-56102,"Jim Epp",EMEA,Corporate,Mary,Mary,Turkmenistan,EMEA,EMEA
JE-57151,"Joe Elijah",Africa,Consumer,Lagos,Lagos,Uganda,Africa,Africa
JE-57152,"Joe Elijah",EMEA,Consumer,Khorramabad,Lorestan,Turkey,EMEA,EMEA
JE-57451,"Joel Eaton",Africa,Consumer,Kuito,Bie,Angola,Africa,Africa
JE-57452,"Joel Eaton",EMEA,Consumer,Zaporizhzhya,Zaporizhzhya,Uzbekistan,EMEA,EMEA
JE-61651,"Justin Ellison",Africa,Corporate,Misratah,Yobe,"South Africa",Africa,Africa
JE-61652,"Justin Ellison",EMEA,Corporate,Tbilisi,Tbilisi,Iran,EMEA,EMEA
JF-151901,"Jamie Frazer","Southeast Asia",Consumer,Sydney,"Sumatera Selatan",Indonesia,APAC,APAC
JF-151902,"Jamie Frazer",South,Consumer,Villeurbanne,Veneto,Italy,EU,EU
JF-151903,"Jamie Frazer",South,Consumer,Santiago,Sinaloa,Mexico,LATAM,LATAM
JF-151904,"Jamie Frazer",West,Consumer,Philadelphia,Tennessee,"United States",US,"North America"
JF-152951,"Jason Fortune-","Southeast Asia",Consumer,Singapore,Victoria,Thailand,APAC,APAC
JF-152952,"Jason Fortune-",South,Consumer,Wolverhampton,Valenciana,"United Kingdom",EU,EU
JF-152953,"Jason Fortune-",South,Consumer,Soyapango,"São Paulo",Panama,LATAM,LATAM
JF-152954,"Jason Fortune-",West,Consumer,"Sterling Heights",Washington,"United States",US,"North America"
JF-153551,"Jay Fein",Oceania,Consumer,Seoul,"Uttar Pradesh","South Korea",APAC,APAC
JF-153552,"Jay Fein",South,Consumer,Vienna,Vienna,"United Kingdom",EU,EU
JF-153553,"Jay Fein",North,Consumer,"San Salvador",Tamaulipas,Mexico,LATAM,LATAM
JF-153554,"Jay Fein",West,Consumer,"San Diego",Texas,"United States",US,"North America"
JF-154151,"Jennifer Ferguson","Southeast Asia",Consumer,Visakhapatnam,"Sumatera Selatan",Philippines,APAC,APAC
JF-154152,"Jennifer Ferguson",North,Consumer,Niort,Poitou-Charentes,"United Kingdom",EU,EU
JF-154153,"Jennifer Ferguson",North,Consumer,Zapopan,Quezaltenango,Panama,LATAM,LATAM
JF-154154,"Jennifer Ferguson",West,Consumer,Spokane,Washington,"United States",US,"North America"
JF-154901,"Jeremy Farry","Southeast Asia",Consumer,Wellington,Wellington,Thailand,APAC,APAC
JF-154902,"Jeremy Farry",South,Consumer,Vienna,Vienna,Sweden,EU,EU
JF-154903,"Jeremy Farry",South,Consumer,"Villa Nueva",Michoacán,Mexico,LATAM,LATAM
JF-154904,"Jeremy Farry",West,Consumer,Waterbury,Washington,"United States",US,"North America"
JF-155651,"Jill Fjeld","Southeast Asia",Consumer,Pune,Victoria,Philippines,APAC,APAC
JF-155652,"Jill Fjeld",South,Consumer,York,Valenciana,"United Kingdom",EU,EU
JF-155653,"Jill Fjeld",South,Consumer,"Santo Domingo",Tamaulipas,Mexico,LATAM,LATAM
JF-155654,"Jill Fjeld",West,Consumer,"San Francisco",Virginia,"United States",US,"North America"
JF-51901,"Jamie Frazer",Africa,Consumer,"Cape Coast",Central,Madagascar,Africa,Africa
JF-51902,"Jamie Frazer",EMEA,Consumer,Warsaw,Mersin,Turkey,EMEA,EMEA
JF-52951,"Jason Fortune-",Africa,Consumer,Igurusi,Oyo,Tanzania,Africa,Africa
JF-52952,"Jason Fortune-",Canada,Consumer,Winnipeg,Manitoba,Canada,Canada,"North America"
JF-52953,"Jason Fortune-",EMEA,Consumer,Zagreb,Kermanshah,Kyrgyzstan,EMEA,EMEA
JF-53551,"Jay Fein",Africa,Consumer,Ilorin,"Western Cape","South Africa",Africa,Africa
JF-53552,"Jay Fein",EMEA,Consumer,"Ulan Bator",Ulaanbaatar,Turkey,EMEA,EMEA
JF-54151,"Jennifer Ferguson",Africa,Consumer,Vryburg,North-West,"South Africa",Africa,Africa
JF-54152,"Jennifer Ferguson",EMEA,Consumer,Urganch,"North Lebanon",Uzbekistan,EMEA,EMEA
JF-54901,"Jeremy Farry",Africa,Consumer,Safi,Niger,Nigeria,Africa,Africa
JF-54902,"Jeremy Farry",EMEA,Consumer,Tbilisi,Tbilisi,Ukraine,EMEA,EMEA
JF-55651,"Jill Fjeld",Africa,Consumer,Kinshasa,Kinshasa,Egypt,Africa,Africa
JF-55652,"Jill Fjeld",EMEA,Consumer,Jerusalem,Jerusalem,Turkey,EMEA,EMEA
JG-151151,"Jack Garza",Oceania,Consumer,Xi'an,Shaanxi,India,APAC,APAC
JG-151152,"Jack Garza",South,Consumer,Wiesbaden,"Västra Götaland",Sweden,EU,EU
JG-151153,"Jack Garza",North,Consumer,"Mexico City",Yucatán,Mexico,LATAM,LATAM
JG-151154,"Jack Garza",West,Consumer,Jacksonville,Washington,"United States",US,"North America"
JG-151601,"James Galang","Southeast Asia",Consumer,Suwon,Victoria,"South Korea",APAC,APAC
JG-151602,"James Galang",South,Consumer,Widnes,Rhône-Alpes,"United Kingdom",EU,EU
JG-151603,"James Galang",South,Consumer,Tlalnepantla,Yucatán,Panama,LATAM,LATAM
JG-151604,"James Galang",West,Consumer,Pocatello,Texas,"United States",US,"North America"
JG-153101,"Jason Gross","Southeast Asia",Corporate,Tianjin,Tianjin,Thailand,APAC,APAC
JG-153102,"Jason Gross",North,Corporate,Wattrelos,Nord-Pas-de-Calais,"United Kingdom",EU,EU
JG-153103,"Jason Gross",South,Corporate,Soacha,"Villa Clara",Mexico,LATAM,LATAM
JG-153104,"Jason Gross",West,Corporate,Providence,Texas,"United States",US,"North America"
JG-158051,"John Grady","Southeast Asia",Corporate,Shanghai,"Western Australia",Vietnam,APAC,APAC
JG-158052,"John Grady",South,Corporate,Worms,Vienna,"United Kingdom",EU,EU
JG-158053,"John Grady",North,Corporate,"Mexico City","San Salvador",Mexico,LATAM,LATAM
JG-158054,"John Grady",West,Corporate,"San Diego",Utah,"United States",US,"North America"
JG-51151,"Jack Garza",Africa,Consumer,Tangier,Tanger-Tétouan,Zimbabwe,Africa,Africa
JG-51152,"Jack Garza",EMEA,Consumer,Warsaw,Nevsehir,Turkey,EMEA,EMEA
JG-51601,"James Galang",Africa,Consumer,"Port Harcourt","Western Cape","South Africa",Africa,Africa
JG-51602,"James Galang",EMEA,Consumer,Oleksandriya,Kirovohrad,Ukraine,EMEA,EMEA
JG-53101,"Jason Gross",EMEA,Corporate,"Ulan Bator",Vrancea,Turkey,EMEA,EMEA
JG-58051,"John Grady",Africa,Corporate,"East London","Eastern Cape","South Africa",Africa,Africa
JG-58052,"John Grady",EMEA,Corporate,Menemen,Izmir,Turkey,EMEA,EMEA
JH-154301,"Jennifer Halladay","Southeast Asia",Consumer,Tawau,Wellington,Vietnam,APAC,APAC
JH-154302,"Jennifer Halladay",Central,Consumer,Montesson,"South Holland",Netherlands,EU,EU
JH-154303,"Jennifer Halladay",South,Consumer,Soyapango,Veracruz,Nicaragua,LATAM,LATAM
JH-154304,"Jennifer Halladay",West,Consumer,Medford,Oregon,"United States",US,"North America"
JH-158201,"John Huston","Southeast Asia",Consumer,Sukkur,Victoria,Pakistan,APAC,APAC
JH-158202,"John Huston",South,Consumer,Vitrolles,"South Holland","United Kingdom",EU,EU
JH-158203,"John Huston",South,Consumer,Zapopan,"San Salvador",Uruguay,LATAM,LATAM
JH-158204,"John Huston",South,Consumer,"New York City",Ohio,"United States",US,"North America"
JH-159101,"Jonathan Howell","Southeast Asia",Consumer,Wellington,"Western Australia",Singapore,APAC,APAC
JH-159102,"Jonathan Howell",North,Consumer,Talence,"North Rhine-Westphalia","United Kingdom",EU,EU
JH-159103,"Jonathan Howell",South,Consumer,Tlalnepantla,"Santa Catarina",Nicaragua,LATAM,LATAM
JH-159104,"Jonathan Howell",West,Consumer,"West Palm Beach",Texas,"United States",US,"North America"
JH-159851,"Joseph Holt","Southeast Asia",Consumer,"Wagga Wagga",Victoria,Thailand,APAC,APAC
JH-159852,"Joseph Holt",South,Consumer,Valdemoro,Madrid,Spain,EU,EU
JH-159853,"Joseph Holt",South,Consumer,"Villa Nueva",Sonora,Nicaragua,LATAM,LATAM
JH-159854,"Joseph Holt",West,Consumer,Seattle,Washington,"United States",US,"North America"
JH-161801,"Justin Hirsh","Southeast Asia",Consumer,Yangon,Yogyakarta,Philippines,APAC,APAC
JH-161802,"Justin Hirsh",South,Consumer,Villenave-d'Ornon,Valenciana,"United Kingdom",EU,EU
JH-161803,"Justin Hirsh",South,Consumer,"San Salvador","San Salvador",Nicaragua,LATAM,LATAM
JH-161804,"Justin Hirsh",West,Consumer,Pueblo,Pennsylvania,"United States",US,"North America"
JH-54301,"Jennifer Halladay",Africa,Consumer,Nzerekore,Tadla-Azilal,"South Africa",Africa,Africa
JH-54302,"Jennifer Halladay",Canada,Consumer,Mississauga,Ontario,Canada,Canada,"North America"
JH-54303,"Jennifer Halladay",EMEA,Consumer,Duzce,Düzce,Turkey,EMEA,EMEA
JH-58201,"John Huston",Africa,Consumer,Warri,"Eastern Cape","South Africa",Africa,Africa
JH-58202,"John Huston",EMEA,Consumer,Zaporizhzhya,Zaporizhzhya,Ukraine,EMEA,EMEA
JH-59101,"Jonathan Howell",Africa,Consumer,Owerri,Kigali,"South Africa",Africa,Africa
JH-59102,"Jonathan Howell",Canada,Consumer,"North York",Ontario,Canada,Canada,"North America"
JH-59103,"Jonathan Howell",EMEA,Consumer,Prague,Prague,Ukraine,EMEA,EMEA
JH-59851,"Joseph Holt",Africa,Consumer,"Wad Madani",Nairobi,Sudan,Africa,Africa
JH-59852,"Joseph Holt",EMEA,Consumer,Riyadh,Namangan,Uzbekistan,EMEA,EMEA
JH-61801,"Justin Hirsh",Africa,Consumer,Sale,Rabat-Salé-Zemmour-Zaer,"South Africa",Africa,Africa
JH-61802,"Justin Hirsh",Canada,Consumer,Saskatoon,Saskatchewan,Canada,Canada,"North America"
JH-61803,"Justin Hirsh",EMEA,Consumer,Kermanshah,Kermanshah,Turkey,EMEA,EMEA
JJ-154451,"Jennifer Jackson","Southeast Asia",Consumer,Porirua,Wellington,Thailand,APAC,APAC
JJ-154452,"Jennifer Jackson",South,Consumer,Wattrelos,Uusimaa,"United Kingdom",EU,EU
JJ-154453,"Jennifer Jackson",North,Consumer,Tijuana,"Saint Catherine",Panama,LATAM,LATAM
JJ-154454,"Jennifer Jackson",West,Consumer,Waukesha,Wisconsin,"United States",US,"North America"
JJ-157601,"Joel Jenkins",Oceania,"Home Office",Warrnambool,Zhejiang,India,APAC,APAC
JJ-157602,"Joel Jenkins",South,"Home Office",Waiblingen,Vienna,"United Kingdom",EU,EU
JJ-157603,"Joel Jenkins",South,"Home Office","Santiago de los Caballeros",Tamaulipas,Mexico,LATAM,LATAM
JJ-157604,"Joel Jenkins",South,"Home Office",Springfield,Virginia,"United States",US,"North America"
JJ-54451,"Jennifer Jackson",Africa,Consumer,Bamenda,Nord-Ouest,Ghana,Africa,Africa
JJ-54452,"Jennifer Jackson",EMEA,Consumer,Istanbul,Istanbul,Turkey,EMEA,EMEA
JJ-57601,"Joel Jenkins",Africa,"Home Office","Wad Madani",Gezira,Tanzania,Africa,Africa
JJ-57602,"Joel Jenkins",EMEA,"Home Office",Tabuk,Tabuk,Turkmenistan,EMEA,EMEA
JK-152051,"Jamie Kunitz","Southeast Asia",Consumer,Perth,"Western Australia",Thailand,APAC,APAC
JK-152052,"Jamie Kunitz",South,Consumer,Rome,"Provence-Alpes-Côte d'Azur",Italy,EU,EU
JK-152053,"Jamie Kunitz",South,Consumer,Soyapango,Sonora,Mexico,LATAM,LATAM
JK-152054,"Jamie Kunitz",West,Consumer,"San Francisco",Virginia,"United States",US,"North America"
JK-153251,"Jason Klamczynski","Southeast Asia",Corporate,Sydney,"Western Australia",Thailand,APAC,APAC
JK-153252,"Jason Klamczynski",South,Corporate,Vittoria,Thuringia,Italy,EU,EU
JK-153253,"Jason Klamczynski",North,Corporate,"Santiago de los Caballeros",Sinaloa,Panama,LATAM,LATAM
JK-153254,"Jason Klamczynski",West,Corporate,"Los Angeles",Texas,"United States",US,"North America"
JK-153701,"Jay Kimmel","Southeast Asia",Consumer,Queanbeyan,"South Australia",Japan,APAC,APAC
JK-153702,"Jay Kimmel",South,Consumer,Saint-Denis,Styria,Spain,EU,EU
JK-153703,"Jay Kimmel",South,Consumer,"Sahuayo de José María Morelos",Michoacán,Venezuela,LATAM,LATAM
JK-153704,"Jay Kimmel",West,Consumer,"San Francisco",Pennsylvania,"United States",US,"North America"
JK-156251,"Jim Karlsson","Southeast Asia",Consumer,Visakhapatnam,Shanghai,Indonesia,APAC,APAC
JK-156252,"Jim Karlsson",South,Consumer,Vigo,Scotland,"United Kingdom",EU,EU
JK-156253,"Jim Karlsson",South,Consumer,Vassouras,Santiago,Mexico,LATAM,LATAM
JK-156254,"Jim Karlsson",West,Consumer,Seattle,Washington,"United States",US,"North America"
JK-156401,"Jim Kriz","Southeast Asia","Home Office",Townsville,"Sumatera Barat",Indonesia,APAC,APAC
JK-156402,"Jim Kriz",South,"Home Office",Vienna,Vienna,Netherlands,EU,EU
JK-156403,"Jim Kriz",South,"Home Office","Santo Domingo",Tamaulipas,Panama,LATAM,LATAM
JK-156404,"Jim Kriz",West,"Home Office",Seattle,Washington,"United States",US,"North America"
JK-157301,"Joe Kamberova","Southeast Asia",Consumer,Wollongong,"Uttar Pradesh",Philippines,APAC,APAC
JK-157302,"Joe Kamberova",South,Consumer,Zurich,Zürich,"United Kingdom",EU,EU
JK-157303,"Joe Kamberova",South,Consumer,Votuporanga,"São Paulo",Mexico,LATAM,LATAM
JK-157304,"Joe Kamberova",West,Consumer,Mobile,Texas,"United States",US,"North America"
JK-160901,"Juliana Krohn","Southeast Asia",Consumer,Wuchuan,Singapore,Thailand,APAC,APAC
JK-160902,"Juliana Krohn",South,Consumer,Zurich,Zürich,Switzerland,EU,EU
JK-160903,"Juliana Krohn",South,Consumer,"Santo Domingo","Santo Domingo",Peru,LATAM,LATAM
JK-160904,"Juliana Krohn",West,Consumer,Springfield,Oregon,"United States",US,"North America"
JK-161201,"Julie Kriz","Southeast Asia","Home Office",Palembang,"West Bengal",Indonesia,APAC,APAC
JK-161202,"Julie Kriz",South,"Home Office",Paris,Madrid,"United Kingdom",EU,EU
JK-161203,"Julie Kriz",South,"Home Office","Santo Domingo","Santo Domingo",Mexico,LATAM,LATAM
JK-161204,"Julie Kriz",West,"Home Office","San Diego",Texas,"United States",US,"North America"
JK-52051,"Jamie Kunitz",Africa,Consumer,Porto-Novo,Ouémé,Benin,Africa,Africa
JK-52052,"Jamie Kunitz",EMEA,Consumer,Rasht,Ninawa,"Saudi Arabia",EMEA,EMEA
JK-53251,"Jason Klamczynski",Africa,Corporate,Warri,Delta,Nigeria,Africa,Africa
JK-53701,"Jay Kimmel",Africa,Consumer,Sohag,Suhaj,Nigeria,Africa,Africa
JK-53702,"Jay Kimmel",EMEA,Consumer,Warsaw,Sofiya-Grad,Poland,EMEA,EMEA
JK-56251,"Jim Karlsson",Africa,Consumer,Mogadishu,Souss-Massa-Draâ,Somalia,Africa,Africa
JK-56252,"Jim Karlsson",Canada,Consumer,London,Ontario,Canada,Canada,"North America"
JK-56253,"Jim Karlsson",EMEA,Consumer,Ardabil,Ardabil,Iran,EMEA,EMEA
JK-56401,"Jim Kriz",Africa,"Home Office",Kinshasa,Kinshasa,"Democratic Republic of the Congo",Africa,Africa
JK-56402,"Jim Kriz",EMEA,"Home Office","Kryvyy Rih",Dnipropetrovs'k,Ukraine,EMEA,EMEA
JK-57301,"Joe Kamberova",Africa,Consumer,Nairobi,Nairobi,Zambia,Africa,Africa
JK-57302,"Joe Kamberova",EMEA,Consumer,Warsaw,Vladimir,Russia,EMEA,EMEA
JK-60901,"Juliana Krohn",Africa,Consumer,Luanda,Luanda,Sudan,Africa,Africa
JK-60902,"Juliana Krohn",Canada,Consumer,Kingston,Ontario,Canada,Canada,"North America"
JK-60903,"Juliana Krohn",EMEA,Consumer,Konya,Konya,Turkey,EMEA,EMEA
JK-61201,"Julie Kriz",Africa,"Home Office",Matadi,Dakar,Senegal,Africa,Africa
JK-61202,"Julie Kriz",Canada,"Home Office",Montréal,Quebec,Canada,Canada,"North America"
JK-61203,"Julie Kriz",EMEA,"Home Office",Warsaw,Pomerania,Poland,EMEA,EMEA
JL-151301,"Jack Lebron","Southeast Asia",Consumer,Singapore,Victoria,Thailand,APAC,APAC
JL-151302,"Jack Lebron",South,Consumer,Villeurbanne,Rhône-Alpes,Netherlands,EU,EU
JL-151303,"Jack Lebron",South,Consumer,Valencia,"Santo Domingo",Venezuela,LATAM,LATAM
JL-151304,"Jack Lebron",West,Consumer,Wilmington,Texas,"United States",US,"North America"
JL-151751,"James Lanier","Southeast Asia","Home Office",Wollongong,"Sulawesi Tenggara",Thailand,APAC,APAC
JL-151752,"James Lanier",North,"Home Office",Wolfsburg,"Provence-Alpes-Côte d'Azur","United Kingdom",EU,EU
JL-151753,"James Lanier",South,"Home Office","Villa Nueva",Tamaulipas,Venezuela,LATAM,LATAM
JL-151754,"James Lanier",West,"Home Office","San Francisco",Tennessee,"United States",US,"North America"
JL-152351,"Janet Lee","Southeast Asia",Consumer,Wodonga,Victoria,Indonesia,APAC,APAC
JL-152352,"Janet Lee",South,Consumer,Verona,Veneto,"United Kingdom",EU,EU
JL-152353,"Janet Lee",South,Consumer,"Santo Domingo","Santo Domingo",Nicaragua,LATAM,LATAM
JL-152354,"Janet Lee",West,Consumer,Newark,"New York","United States",US,"North America"
JL-155051,"Jeremy Lonsdale","Southeast Asia",Consumer,Valencia,Punjab,Philippines,APAC,APAC
JL-155052,"Jeremy Lonsdale",South,Consumer,Vigo,Overijssel,Spain,EU,EU
JL-155053,"Jeremy Lonsdale",South,Consumer,Santiago,Santiago,Uruguay,LATAM,LATAM
JL-155054,"Jeremy Lonsdale",West,Consumer,Westminster,Texas,"United States",US,"North America"
JL-158351,"John Lee",Oceania,Consumer,Wellington,Zhejiang,"New Zealand",APAC,APAC
JL-158352,"John Lee",South,Consumer,Paris,Sicily,Italy,EU,EU
JL-158353,"John Lee",South,Consumer,Tegucigalpa,"San Salvador",Peru,LATAM,LATAM
JL-158354,"John Lee",West,Consumer,"San Francisco",Pennsylvania,"United States",US,"North America"
JL-158501,"John Lucas",Oceania,Consumer,Townsville,"South Australia","South Korea",APAC,APAC
JL-158502,"John Lucas",South,Consumer,Wolfsburg,"Trentino-Alto Adige","United Kingdom",EU,EU
JL-158503,"John Lucas",South,Consumer,"San Miguelito",Peravia,Panama,LATAM,LATAM
JL-158504,"John Lucas",West,Consumer,Seattle,Washington,"United States",US,"North America"
JL-51301,"Jack Lebron",Africa,Consumer,Matola,Maputo,Nigeria,Africa,Africa
JL-51302,"Jack Lebron",Canada,Consumer,Oshawa,Ontario,Canada,Canada,"North America"
JL-51303,"Jack Lebron",EMEA,Consumer,Voronezh,Voronezh,Turkey,EMEA,EMEA
JL-51751,"James Lanier",Africa,"Home Office",Pretoria,Gauteng,"South Africa",Africa,Africa
JL-51752,"James Lanier",EMEA,"Home Office","Wadi as Sir",Voronezh,Russia,EMEA,EMEA
JL-52351,"Janet Lee",Canada,Consumer,Laval,Quebec,Canada,Canada,"North America"
JL-52352,"Janet Lee",EMEA,Consumer,Mezitli,Mersin,Ukraine,EMEA,EMEA
JL-55051,"Jeremy Lonsdale",Africa,Consumer,Mombasa,Coast,Kenya,Africa,Africa
JL-55052,"Jeremy Lonsdale",EMEA,Consumer,Khasavyurt,Dagestan,Russia,EMEA,EMEA
JL-58351,"John Lee",Africa,Consumer,Zaria,Oran,Tanzania,Africa,Africa
JL-58352,"John Lee",EMEA,Consumer,Zanjan,Zanjan,Turkey,EMEA,EMEA
JL-58501,"John Lucas",Africa,Consumer,"Port Harcourt",Sud,Nigeria,Africa,Africa
JL-58502,"John Lucas",EMEA,Consumer,Nitra,Nitra,Turkey,EMEA,EMEA
JM-152501,"Janet Martin","Southeast Asia",Consumer,Wuhan,Victoria,Indonesia,APAC,APAC
JM-152502,"Janet Martin",South,Consumer,Vienna,Vienna,"United Kingdom",EU,EU
JM-152503,"Janet Martin",South,Consumer,Valencia,Sonora,Venezuela,LATAM,LATAM
JM-152504,"Janet Martin",West,Consumer,"New York City",Texas,"United States",US,"North America"
JM-152651,"Janet Molinari","Southeast Asia",Corporate,Sydney,Victoria,Vietnam,APAC,APAC
JM-152652,"Janet Molinari",South,Corporate,Schiltigheim,Rhône-Alpes,Spain,EU,EU
JM-152653,"Janet Molinari",South,Corporate,"Santiago de los Caballeros",Santiago,Uruguay,LATAM,LATAM
JM-152654,"Janet Molinari",West,Corporate,Seattle,Washington,"United States",US,"North America"
JM-155351,"Jessica Myrick",Oceania,Consumer,Xinzhou,Victoria,"New Zealand",APAC,APAC
JM-155352,"Jessica Myrick",South,Consumer,Prato,Tuscany,Italy,EU,EU
JM-155353,"Jessica Myrick",South,Consumer,Guarenas,Miranda,Venezuela,LATAM,LATAM
JM-155354,"Jessica Myrick",West,Consumer,Philadelphia,Pennsylvania,"United States",US,"North America"
JM-155801,"Jill Matthias","Southeast Asia",Consumer,Whangarei,"Western Australia",Philippines,APAC,APAC
JM-155802,"Jill Matthias",North,Consumer,Roanne,Rhône-Alpes,"United Kingdom",EU,EU
JM-155803,"Jill Matthias",South,Consumer,Tulancingo,Santiago,Mexico,LATAM,LATAM
JM-155804,"Jill Matthias",West,Consumer,Seattle,Washington,"United States",US,"North America"
JM-156551,"Jim Mitchum","Southeast Asia",Corporate,Yangon,Yangon,Vietnam,APAC,APAC
JM-156552,"Jim Mitchum",South,Corporate,York,Tuscany,"United Kingdom",EU,EU
JM-156553,"Jim Mitchum",South,Corporate,"Tuxtla Gutiérrez","São Paulo",Peru,LATAM,LATAM
JM-156554,"Jim Mitchum",West,Corporate,"Los Angeles",Ohio,"United States",US,"North America"
JM-158651,"John Murray","Southeast Asia",Consumer,Thane,"New South Wales",Philippines,APAC,APAC
JM-158652,"John Murray",South,Consumer,Stoke-on-Trent,Stockholm,"United Kingdom",EU,EU
JM-158653,"John Murray",North,Consumer,Zapopan,"Quintana Roo",Mexico,LATAM,LATAM
JM-158654,"John Murray",West,Consumer,"San Angelo",Virginia,"United States",US,"North America"
JM-161951,"Justin MacKendrick","Southeast Asia",Consumer,Thiruvananthapuram,"Tamil Nadu",Indonesia,APAC,APAC
JM-161952,"Justin MacKendrick",South,Consumer,Valladolid,Porto,Spain,EU,EU
JM-161953,"Justin MacKendrick",South,Consumer,Uruguaiana,"Rio Grande do Sul",Nicaragua,LATAM,LATAM
JM-161954,"Justin MacKendrick",West,Consumer,Wilmington,Utah,"United States",US,"North America"
JM-52501,"Janet Martin",Africa,Consumer,Kaduna,"Red Sea",Zimbabwe,Africa,Africa
JM-52502,"Janet Martin",EMEA,Consumer,Mosul,Ninawa,Turkey,EMEA,EMEA
JM-52651,"Janet Molinari",Africa,Corporate,Enugu,Enugu,Nigeria,Africa,Africa
JM-52652,"Janet Molinari",Canada,Corporate,Vancouver,"British Columbia",Canada,Canada,"North America"
JM-55351,"Jessica Myrick",Africa,Consumer,Nouakchott,Nouakchott,Nigeria,Africa,Africa
JM-55352,"Jessica Myrick",EMEA,Consumer,K'ut'aisi,Jerusalem,Kazakhstan,EMEA,EMEA
JM-55801,"Jill Matthias",Africa,Consumer,Nairobi,Nairobi,Somalia,Africa,Africa
JM-55802,"Jill Matthias",EMEA,Consumer,Salzburg,Salzburg,Iran,EMEA,EMEA
JM-56551,"Jim Mitchum",Africa,Corporate,Umtata,"South Kivu","South Africa",Africa,Africa
JM-56552,"Jim Mitchum",Canada,Corporate,Saskatoon,Saskatchewan,Canada,Canada,"North America"
JM-56553,"Jim Mitchum",EMEA,Corporate,Chorzow,Silesia,Poland,EMEA,EMEA
JM-58651,"John Murray",Africa,Consumer,Rustenburg,North-West,"South Africa",Africa,Africa
JM-58652,"John Murray",Canada,Consumer,Ottawa,Ontario,Canada,Canada,"North America"
JM-58653,"John Murray",EMEA,Consumer,L'viv,L'viv,Ukraine,EMEA,EMEA
JM-61951,"Justin MacKendrick",Africa,Consumer,Rustenburg,North-West,"South Africa",Africa,Africa
JM-61952,"Justin MacKendrick",EMEA,Consumer,Istanbul,Istanbul,Turkey,EMEA,EMEA
JO-151451,"Jack O'Briant",Oceania,Corporate,Kozhikode,"Tamil Nadu",Japan,APAC,APAC
JO-151452,"Jack O'Briant",South,Corporate,Thonon-les-Bains,"Upper Normandy","United Kingdom",EU,EU
JO-151453,"Jack O'Briant",South,Corporate,"San Luis Río Colorado",Sonora,Mexico,LATAM,LATAM
JO-151454,"Jack O'Briant",West,Corporate,Seattle,Wisconsin,"United States",US,"North America"
JO-152801,"Jas O'Carroll","Southeast Asia",Consumer,Yichun,Telangana,"New Zealand",APAC,APAC
JO-152802,"Jas O'Carroll",North,Consumer,Northampton,England,"United Kingdom",EU,EU
JO-152803,"Jas O'Carroll",South,Consumer,"Villa Nueva","Villa Clara",Nicaragua,LATAM,LATAM
JO-152804,"Jas O'Carroll",West,Consumer,"San Diego",Tennessee,"United States",US,"North America"
JO-155501,"Jesus Ocampo",Oceania,"Home Office",Yokkaichi,Victoria,Pakistan,APAC,APAC
JO-155502,"Jesus Ocampo",North,"Home Office",Vallauris,"Upper Normandy","United Kingdom",EU,EU
JO-155503,"Jesus Ocampo",South,"Home Office",Tijuana,"São Paulo",Nicaragua,LATAM,LATAM
JO-155504,"Jesus Ocampo",West,"Home Office",Seattle,Washington,"United States",US,"North America"
JO-51451,"Jack O'Briant",Africa,Corporate,Warri,"Rift Valley",Nigeria,Africa,Africa
JO-51452,"Jack O'Briant",EMEA,Corporate,Plzen,Plzen,Turkey,EMEA,EMEA
JO-52801,"Jas O'Carroll",EMEA,Consumer,Yazd,Yazd,"Saudi Arabia",EMEA,EMEA
JO-55501,"Jesus Ocampo",Africa,"Home Office",Messaad,Oyo,Togo,Africa,Africa
JO-55502,"Jesus Ocampo",EMEA,"Home Office",Jeddah,Makkah,Turkey,EMEA,EMEA
JP-154601,"Jennifer Patt","Southeast Asia",Corporate,Tianjin,Victoria,Indonesia,APAC,APAC
JP-154602,"Jennifer Patt",North,Corporate,London,Rhône-Alpes,"United Kingdom",EU,EU
JP-154603,"Jennifer Patt",South,Corporate,Tegucigalpa,Rondônia,Panama,LATAM,LATAM
JP-154604,"Jennifer Patt",West,Corporate,Oceanside,Texas,"United States",US,"North America"
JP-155201,"Jeremy Pistek","Southeast Asia",Consumer,Wollongong,Queensland,Philippines,APAC,APAC
JP-155202,"Jeremy Pistek",North,Consumer,Nottingham,"Provence-Alpes-Côte d'Azur","United Kingdom",EU,EU
JP-155203,"Jeremy Pistek",South,Consumer,"Villa Canales",Tamaulipas,Mexico,LATAM,LATAM
JP-155204,"Jeremy Pistek",West,Consumer,"San Francisco",Wisconsin,"United States",US,"North America"
JP-161351,"Julie Prescott","Southeast Asia","Home Office",Wuchuan,"Western Australia",Philippines,APAC,APAC
JP-161352,"Julie Prescott",South,"Home Office","West Bromwich","Provence-Alpes-Côte d'Azur","United Kingdom",EU,EU
JP-161353,"Julie Prescott",South,"Home Office","San Pedro Sula",Sonora,Mexico,LATAM,LATAM
JP-161354,"Julie Prescott",West,"Home Office",Springfield,Pennsylvania,"United States",US,"North America"
JP-54601,"Jennifer Patt",Africa,Corporate,Luanda,Luanda,Angola,Africa,Africa
JP-54602,"Jennifer Patt",Canada,Corporate,Richmond,"British Columbia",Canada,Canada,"North America"
JP-54603,"Jennifer Patt",EMEA,Corporate,Tehran,Tehran,Turkey,EMEA,EMEA
JP-55201,"Jeremy Pistek",Africa,Consumer,"Dar es Salaam","Dar Es Salaam",Tanzania,Africa,Africa
JP-55202,"Jeremy Pistek",Canada,Consumer,Pickering,Ontario,Canada,Canada,"North America"
JP-55203,"Jeremy Pistek",EMEA,Consumer,Bursa,Bursa,Turkey,EMEA,EMEA
JP-61351,"Julie Prescott",Africa,"Home Office",Giyani,Limpopo,"South Africa",Africa,Africa
JP-61352,"Julie Prescott",EMEA,"Home Office",Ufa,Tabuk,"Saudi Arabia",EMEA,EMEA
JR-156701,"Jim Radford","Southeast Asia",Consumer,Shashi,Victoria,Indonesia,APAC,APAC
JR-156702,"Jim Radford",South,Consumer,Turin,Piedmont,"United Kingdom",EU,EU
JR-156703,"Jim Radford",South,Consumer,Tecomán,"São Paulo",Nicaragua,LATAM,LATAM
JR-156704,"Jim Radford",West,Consumer,Middletown,Connecticut,"United States",US,"North America"
JR-157001,"Jocasta Rupert",Oceania,Consumer,Sydney,Wellington,"New Zealand",APAC,APAC
JR-157002,"Jocasta Rupert",South,Consumer,Rome,Lazio,Italy,EU,EU
JR-157003,"Jocasta Rupert",South,Consumer,Valencia,"Santo Domingo",Venezuela,LATAM,LATAM
JR-157004,"Jocasta Rupert",South,Consumer,Jacksonville,Florida,"United States",US,"North America"
JR-162101,"Justin Ritter",Oceania,Corporate,Wollongong,"Western Australia",Japan,APAC,APAC
JR-162102,"Justin Ritter",North,Corporate,Viroflay,"Upper Austria","United Kingdom",EU,EU
JR-162103,"Justin Ritter",South,Corporate,Tegucigalpa,"Santiago de Cuba",Honduras,LATAM,LATAM
JR-162104,"Justin Ritter",West,Corporate,Springfield,Oregon,"United States",US,"North America"
JR-56701,"Jim Radford",Africa,Consumer,Casablanca,"Grand Casablanca",Morocco,Africa,Africa
JR-56702,"Jim Radford",EMEA,Consumer,"Usti nad Labem","Usti nad Labem",Turkey,EMEA,EMEA
JR-57001,"Jocasta Rupert",Africa,Consumer,Warri,Kinshasa,Sudan,Africa,Africa
JR-57002,"Jocasta Rupert",EMEA,Consumer,Pavlodar,Pavlodar,Turkey,EMEA,EMEA
JR-62101,"Justin Ritter",Africa,Corporate,Qena,Qina,Rwanda,Africa,Africa
JR-62102,"Justin Ritter",Canada,Corporate,Dartmouth,"Nova Scotia",Canada,Canada,"North America"
JR-62103,"Justin Ritter",EMEA,Corporate,Prague,Prague,Turkey,EMEA,EMEA
JS-155951,"Jill Stevenson","Southeast Asia",Corporate,Medan,"Sumatera Utara",Thailand,APAC,APAC
JS-155952,"Jill Stevenson",Central,Corporate,Norderstedt,Schleswig-Holstein,Germany,EU,EU
JS-155953,"Jill Stevenson",Central,Corporate,"Santo Domingo","Santo Domingo",Nicaragua,LATAM,LATAM
JS-155954,"Jill Stevenson",West,Corporate,Miami,Ohio,"United States",US,"North America"
JS-156851,"Jim Sink","Southeast Asia",Corporate,Wollongong,Zhejiang,Philippines,APAC,APAC
JS-156852,"Jim Sink",North,Corporate,Worcester,Saxony-Anhalt,"United Kingdom",EU,EU
JS-156853,"Jim Sink",South,Corporate,Tegucigalpa,Santiago,Nicaragua,LATAM,LATAM
JS-156854,"Jim Sink",West,Corporate,Philadelphia,Pennsylvania,"United States",US,"North America"
JS-158801,"John Stevenson","Southeast Asia",Consumer,Yueyang,"Western Australia",Thailand,APAC,APAC
JS-158802,"John Stevenson",South,Consumer,Paris,Setúbal,Spain,EU,EU
JS-158803,"John Stevenson",North,Consumer,Tegucigalpa,Santiago,Mexico,LATAM,LATAM
JS-158804,"John Stevenson",West,Consumer,Toledo,Washington,"United States",US,"North America"
JS-159401,"Joni Sundaresam","Central Asia","Home Office",Ujjain,"Madhya Pradesh",India,APAC,APAC
JS-159402,"Joni Sundaresam",South,"Home Office",Toulouse,Sicily,Spain,EU,EU
JS-159403,"Joni Sundaresam",Central,"Home Office",Tegucigalpa,"Santo Domingo",Nicaragua,LATAM,LATAM
JS-159404,"Joni Sundaresam",East,"Home Office",Philadelphia,Wisconsin,"United States",US,"North America"
JS-160301,"Joy Smith","Southeast Asia",Consumer,Yongchuan,"Uttar Pradesh",Vietnam,APAC,APAC
JS-160302,"Joy Smith",South,Consumer,Schiedam,Valenciana,"United Kingdom",EU,EU
JS-160303,"Joy Smith",South,Consumer,Tegucigalpa,"Santo Domingo",Mexico,LATAM,LATAM
JS-160304,"Joy Smith",West,Consumer,Trenton,Texas,"United States",US,"North America"
JS-55951,"Jill Stevenson",Africa,Corporate,Lubumbashi,Lagos,Nigeria,Africa,Africa
JS-55952,"Jill Stevenson",Canada,Corporate,Montréal,Quebec,Canada,Canada,"North America"
JS-55953,"Jill Stevenson",EMEA,Corporate,Izmir,Izmir,Turkey,EMEA,EMEA
JS-56851,"Jim Sink",Africa,Corporate,Uvira,"South Kivu","South Africa",Africa,Africa
JS-56852,"Jim Sink",EMEA,Corporate,Ufa,Southern,Russia,EMEA,EMEA
JS-58801,"John Stevenson",Africa,Consumer,Zaria,Plateau,Nigeria,Africa,Africa
JS-58802,"John Stevenson",EMEA,Consumer,Shiraz,Volyn,Ukraine,EMEA,EMEA
JS-59401,"Joni Sundaresam",Africa,"Home Office","Dar es Salaam","Dar Es Salaam",Tanzania,Africa,Africa
JS-59402,"Joni Sundaresam",Canada,"Home Office",Mississauga,Ontario,Canada,Canada,"North America"
JS-59403,"Joni Sundaresam",EMEA,"Home Office",Sari,"Razavi Khorasan",Turkey,EMEA,EMEA
JS-60301,"Joy Smith",Africa,Consumer,Yaounde,Kinshasa,"Democratic Republic of the Congo",Africa,Africa
JS-60302,"Joy Smith",Canada,Consumer,Kitchener,Ontario,Canada,Canada,"North America"
JS-60303,"Joy Smith",EMEA,Consumer,Diyarbakir,Diyarbakir,Turkey,EMEA,EMEA
JW-152201,"Jane Waco","Southeast Asia",Corporate,Oyama,"West Bengal",Philippines,APAC,APAC
JW-152202,"Jane Waco",South,Corporate,Wels,"Upper Austria",Spain,EU,EU
JW-152203,"Jane Waco",South,Corporate,"Santiago de Cuba","Santiago de Cuba",Panama,LATAM,LATAM
JW-152204,"Jane Waco",West,Corporate,Vancouver,Washington,"United States",US,"North America"
JW-159551,"Joni Wasserman","Southeast Asia",Consumer,Surabaya,Osaka,Philippines,APAC,APAC
JW-159552,"Joni Wasserman",North,Consumer,Nacka,Stockholm,Sweden,EU,EU
JW-159553,"Joni Wasserman",North,Consumer,Tijuana,"Sancti Spíritus",Mexico,LATAM,LATAM
JW-159554,"Joni Wasserman",West,Consumer,Seattle,Washington,"United States",US,"North America"
JW-160751,"Julia West","Southeast Asia",Consumer,Shizuishan,Waikato,Vietnam,APAC,APAC
JW-160752,"Julia West",South,Consumer,Wuppertal,"Provence-Alpes-Côte d'Azur",Spain,EU,EU
JW-160753,"Julia West",South,Consumer,Puebla,"Valle del Cauca",Nicaragua,LATAM,LATAM
JW-160754,"Julia West",West,Consumer,"San Francisco",Pennsylvania,"United States",US,"North America"
JW-52201,"Jane Waco",Africa,Corporate,Maputo,Dakar,Senegal,Africa,Africa
JW-52202,"Jane Waco",EMEA,Corporate,Istanbul,Zaporizhzhya,Ukraine,EMEA,EMEA
JW-59551,"Joni Wasserman",Africa,Consumer,Alexandria,"Al Iskandariyah",Egypt,Africa,Africa
JW-59552,"Joni Wasserman",EMEA,Consumer,Istanbul,Istanbul,Turkey,EMEA,EMEA
JW-60751,"Julia West",Africa,Consumer,Marrakech,"Marrakech-Tensift-El Haouz",Zambia,Africa,Africa
JW-60752,"Julia West",EMEA,Consumer,Riyadh,"Ar Riyad","Saudi Arabia",EMEA,EMEA
KA-165251,"Kelly Andreada","Southeast Asia",Consumer,Yangon,Zhejiang,Philippines,APAC,APAC
KA-165252,"Kelly Andreada",South,Consumer,Sarcelles,Sardinia,Italy,EU,EU
KA-165253,"Kelly Andreada",South,Consumer,"Soledad Díez Gutiérrez","San Salvador",Nicaragua,LATAM,LATAM
KA-165254,"Kelly Andreada",West,Consumer,Seattle,Washington,"United States",US,"North America"
KA-65251,"Kelly Andreada",Africa,Consumer,Jos,Plateau,Nigeria,Africa,Africa
KA-65252,"Kelly Andreada",EMEA,Consumer,Voronezh,Voronezh,Ukraine,EMEA,EMEA
KB-162401,"Karen Bern","Southeast Asia",Corporate,Tianjin,Tianjin,Malaysia,APAC,APAC
KB-162402,"Karen Bern",South,Corporate,Utrecht,Utrecht,"United Kingdom",EU,EU
KB-162403,"Karen Bern",South,Corporate,Soyapango,"Santiago del Estero",Mexico,LATAM,LATAM
KB-162404,"Karen Bern",West,Corporate,"Saint Cloud",Texas,"United States",US,"North America"
KB-163151,"Karl Braun","Southeast Asia",Consumer,Seoul,Seoul,Vietnam,APAC,APAC
KB-163152,"Karl Braun",South,Consumer,Orsay,"Provence-Alpes-Côte d'Azur","United Kingdom",EU,EU
KB-163153,"Karl Braun",South,Consumer,"Villa Nueva",Panama,Peru,LATAM,LATAM
KB-163154,"Karl Braun",West,Consumer,Thomasville,Ohio,"United States",US,"North America"
KB-164051,"Katrina Bavinger","Southeast Asia","Home Office",Seremban,Yogyakarta,Philippines,APAC,APAC
KB-164052,"Katrina Bavinger",North,"Home Office",Villeneuve-sur-Lot,Ile-de-France,"United Kingdom",EU,EU
KB-164053,"Katrina Bavinger",South,"Home Office",Tijuana,"Santa Catarina",Mexico,LATAM,LATAM
KB-164054,"Katrina Bavinger",West,"Home Office",Seattle,Washington,"United States",US,"North America"
KB-165851,"Ken Black",Oceania,Corporate,Qingdao,"Western Australia",India,APAC,APAC
KB-165852,"Ken Black",South,Corporate,Saint-Dizier,Sicily,Italy,EU,EU
KB-165853,"Ken Black",South,Corporate,Saltillo,"Distrito Federal",Mexico,LATAM,LATAM
KB-165854,"Ken Black",West,Corporate,Springfield,Washington,"United States",US,"North America"
KB-166001,"Ken Brennan","Southeast Asia",Corporate,Wellington,Wellington,Vietnam,APAC,APAC
KB-166002,"Ken Brennan",South,Corporate,Stavanger,Rogaland,Spain,EU,EU
KB-166003,"Ken Brennan",North,Corporate,Zacatecas,Zacatecas,Mexico,LATAM,LATAM
KB-166004,"Ken Brennan",West,Corporate,Taylor,Washington,"United States",US,"North America"
KB-62401,"Karen Bern",Africa,Corporate,Moshi,Kilimanjaro,Tanzania,Africa,Africa
KB-62402,"Karen Bern",EMEA,Corporate,Usol'ye-Sibirskoye,Mykolayiv,Ukraine,EMEA,EMEA
KB-63151,"Karl Braun",Africa,Consumer,Tanta,Katanga,Nigeria,Africa,Africa
KB-63152,"Karl Braun",EMEA,Consumer,Sari,Silesia,Turkey,EMEA,EMEA
KB-64051,"Katrina Bavinger",EMEA,"Home Office",Kutahya,Southern,Turkey,EMEA,EMEA
KB-65851,"Ken Black",EMEA,Corporate,Sarkand,Ninawa,Kazakhstan,EMEA,EMEA
KB-66001,"Ken Brennan",Africa,Corporate,"Port Said",Lagos,"South Africa",Africa,Africa
KB-66002,"Ken Brennan",Canada,Corporate,Markham,Ontario,Canada,Canada,"North America"
KB-66003,"Ken Brennan",EMEA,Corporate,Poltava,Poltava,Ukraine,EMEA,EMEA
KC-162551,"Karen Carlisle","Southeast Asia",Corporate,Taiping,Seoul,"South Korea",APAC,APAC
KC-162552,"Karen Carlisle",Central,Corporate,Schiedam,"South Holland",Netherlands,EU,EU
KC-162553,"Karen Carlisle",South,Corporate,Toluca,Tabasco,Mexico,LATAM,LATAM
KC-162554,"Karen Carlisle",West,Corporate,"San Francisco",Pennsylvania,"United States",US,"North America"
KC-165401,"Kelly Collister","Southeast Asia",Consumer,Shenzhen,"Western Australia","New Zealand",APAC,APAC
KC-165402,"Kelly Collister",South,Consumer,Valladolid,Geneva,"United Kingdom",EU,EU
KC-165403,"Kelly Collister",South,Consumer,"São Leopoldo","Santo Domingo","Trinidad and Tobago",LATAM,LATAM
KC-165404,"Kelly Collister",West,Consumer,Seattle,Washington,"United States",US,"North America"
KC-166751,"Kimberly Carter","Southeast Asia",Corporate,"Ho Chi Minh City",Queensland,Vietnam,APAC,APAC
KC-166752,"Kimberly Carter",South,Corporate,Saint-Jean-de-la-Ruelle,Uusimaa,"United Kingdom",EU,EU
KC-166753,"Kimberly Carter",South,Corporate,Tlalpan,"São Paulo",Mexico,LATAM,LATAM
KC-166754,"Kimberly Carter",West,Corporate,Tallahassee,Washington,"United States",US,"North America"
KC-62551,"Karen Carlisle",Africa,Corporate,Tanta,Ogun,Nigeria,Africa,Africa
KC-62552,"Karen Carlisle",EMEA,Corporate,Temirtau,Qaraghandy,Ukraine,EMEA,EMEA
KC-65401,"Kelly Collister",Africa,Consumer,Nairobi,Nairobi,Nigeria,Africa,Africa
KC-65402,"Kelly Collister",EMEA,Consumer,Voronezh,Voronezh,Turkey,EMEA,EMEA
KC-66751,"Kimberly Carter",Africa,Corporate,Johannesburg,Gauteng,"South Africa",Africa,Africa
KC-66752,"Kimberly Carter",EMEA,Corporate,Mosul,Ninawa,Turkey,EMEA,EMEA
KD-162701,"Karen Daniels","Southeast Asia",Consumer,Wodonga,Yogyakarta,Indonesia,APAC,APAC
KD-162702,"Karen Daniels",North,Consumer,Wuppertal,Saxony-Anhalt,"United Kingdom",EU,EU
KD-162703,"Karen Daniels",South,Consumer,Tupã,"São Paulo",Nicaragua,LATAM,LATAM
KD-162704,"Karen Daniels",West,Consumer,Yonkers,Virginia,"United States",US,"North America"
KD-163451,"Katherine Ducich","Southeast Asia",Consumer,Surat,"Thủ Dô Hà Nội",Vietnam,APAC,APAC
KD-163452,"Katherine Ducich",North,Consumer,London,Thuringia,"United Kingdom",EU,EU
KD-163453,"Katherine Ducich",South,Consumer,"Rio Grande","Rio Grande do Sul",Brazil,LATAM,LATAM
KD-163454,"Katherine Ducich",West,Consumer,Westminster,"New York","United States",US,"North America"
KD-164951,"Keith Dawkins","Southeast Asia",Corporate,Wollongong,"Sulawesi Tenggara",Malaysia,APAC,APAC
KD-164952,"Keith Dawkins",North,Corporate,Vienna,Vienna,"United Kingdom",EU,EU
KD-164953,"Keith Dawkins",South,Corporate,Quixadá,"Distrito Federal",Nicaragua,LATAM,LATAM
KD-164954,"Keith Dawkins",West,Corporate,"San Jose",Virginia,"United States",US,"North America"
KD-166151,"Ken Dana","Southeast Asia",Corporate,Suzhou,"Tamil Nadu",Philippines,APAC,APAC
KD-166152,"Ken Dana",South,Corporate,Vienna,Vienna,Italy,EU,EU
KD-166153,"Ken Dana",South,Corporate,Tlaquepaque,"Santo Domingo",Peru,LATAM,LATAM
KD-166154,"Ken Dana",West,Corporate,Scottsdale,"New York","United States",US,"North America"
KD-62701,"Karen Daniels",EMEA,Consumer,Izmir,Izmir,Turkey,EMEA,EMEA
KD-63451,"Katherine Ducich",Africa,Consumer,Nairobi,Nairobi,"South Africa",Africa,Africa
KD-63452,"Katherine Ducich",EMEA,Consumer,Kashan,Irkutsk,Russia,EMEA,EMEA
KD-64951,"Keith Dawkins",Africa,Corporate,Khartoum,Khartoum,Sudan,Africa,Africa
KD-64952,"Keith Dawkins",EMEA,Corporate,Lodz,Lodz,Poland,EMEA,EMEA
KD-66151,"Ken Dana",Africa,Corporate,Khemisset,Tadla-Azilal,Morocco,Africa,Africa
KE-164201,"Katrina Edelman","Southeast Asia",Corporate,Townsville,"Sumatera Utara","New Zealand",APAC,APAC
KE-164202,"Katrina Edelman",South,Corporate,Waiblingen,Veneto,Netherlands,EU,EU
KE-164203,"Katrina Edelman",South,Corporate,"Santa Clara","Villa Clara",Mexico,LATAM,LATAM
KE-164204,"Katrina Edelman",West,Corporate,Tigard,Texas,"United States",US,"North America"
KE-64201,"Katrina Edelman",Africa,Corporate,Tembisa,Oran,"South Africa",Africa,Africa
KE-64202,"Katrina Edelman",EMEA,Corporate,Istanbul,Istanbul,Turkey,EMEA,EMEA
KF-162851,"Karen Ferguson","Southeast Asia","Home Office",Xuzhou,"New South Wales",Indonesia,APAC,APAC
KF-162852,"Karen Ferguson",South,"Home Office",Valladolid,Ile-de-France,"United Kingdom",EU,EU
KF-162853,"Karen Ferguson",South,"Home Office","São Paulo","São Paulo",Nicaragua,LATAM,LATAM
KF-162854,"Karen Ferguson",West,"Home Office","Sandy Springs","New Jersey","United States",US,"North America"
KF-62851,"Karen Ferguson",Africa,"Home Office",Yaounde,Oyo,Nigeria,Africa,Africa
KF-62852,"Karen Ferguson",EMEA,"Home Office",Ufa,Mures,Yemen,EMEA,EMEA
KH-163301,"Katharine Harms","Southeast Asia",Corporate,Yogyakarta,Yogyakarta,Thailand,APAC,APAC
KH-163302,"Katharine Harms",South,Corporate,Rome,Lazio,"United Kingdom",EU,EU
KH-163303,"Katharine Harms",Central,Corporate,"Santo Domingo","Santo Domingo","El Salvador",LATAM,LATAM
KH-163304,"Katharine Harms",West,Corporate,Revere,Oregon,"United States",US,"North America"
KH-163601,"Katherine Hughes","Southeast Asia",Consumer,Sydney,"Western Australia",Thailand,APAC,APAC
KH-163602,"Katherine Hughes",North,Consumer,Vienna,Vienna,"United Kingdom",EU,EU
KH-163603,"Katherine Hughes",South,Consumer,"Tuxtla Gutiérrez","San Salvador",Peru,LATAM,LATAM
KH-163604,"Katherine Hughes",South,Consumer,Philadelphia,Virginia,"United States",US,"North America"
KH-165101,"Keith Herrera","Southeast Asia",Consumer,Waitakere,Yunnan,Philippines,APAC,APAC
KH-165102,"Keith Herrera",South,Consumer,"Sesto San Giovanni","North Rhine-Westphalia","United Kingdom",EU,EU
KH-165103,"Keith Herrera",South,Consumer,Vitória,Sinaloa,Nicaragua,LATAM,LATAM
KH-165104,"Keith Herrera",West,Consumer,Seattle,Washington,"United States",US,"North America"
KH-166301,"Ken Heidel","Southeast Asia",Corporate,Yangon,Yangon,"New Zealand",APAC,APAC
KH-166302,"Ken Heidel",South,Corporate,Outreau,Saxony,"United Kingdom",EU,EU
KH-166303,"Ken Heidel",North,Corporate,Toluca,Sonora,Panama,LATAM,LATAM
KH-166304,"Ken Heidel",West,Corporate,Seattle,Washington,"United States",US,"North America"
KH-166901,"Kristen Hastings","Southeast Asia",Corporate,Wuhan,"Western Australia",Vietnam,APAC,APAC
KH-166902,"Kristen Hastings",South,Corporate,Zwickau,Utrecht,Sweden,EU,EU
KH-166903,"Kristen Hastings",North,Corporate,"San Miguelito","Saint Catherine",Panama,LATAM,LATAM
KH-166904,"Kristen Hastings",West,Corporate,Woonsocket,Virginia,"United States",US,"North America"
KH-63301,"Katharine Harms",Africa,Corporate,Qena,Qina,"South Africa",Africa,Africa
KH-63302,"Katharine Harms",EMEA,Corporate,Riyadh,Poltava,Yemen,EMEA,EMEA
KH-63601,"Katherine Hughes",Africa,Consumer,Owerri,Nairobi,Nigeria,Africa,Africa
KH-63602,"Katherine Hughes",EMEA,Consumer,Yaroslavl',Yaroslavl',"Saudi Arabia",EMEA,EMEA
KH-65101,"Keith Herrera",Africa,Consumer,Niamey,"Western Cape","South Africa",Africa,Africa
KH-65102,"Keith Herrera",EMEA,Consumer,Prague,"Tel Aviv",Israel,EMEA,EMEA
KH-66301,"Ken Heidel",Africa,Corporate,Bamako,Bamako,Mali,Africa,Africa
KH-66302,"Ken Heidel",EMEA,Corporate,Riyadh,Kahramanmaras,Turkey,EMEA,EMEA
KH-66901,"Kristen Hastings",Africa,Corporate,Mwanza,Mwanza,Tanzania,Africa,Africa
KH-66902,"Kristen Hastings",Canada,Corporate,Burnaby,"British Columbia",Canada,Canada,"North America"
KH-66903,"Kristen Hastings",EMEA,Corporate,Kharkiv,Kharkiv,Ukraine,EMEA,EMEA
KL-165551,"Kelly Lampkin","Southeast Asia",Corporate,Yogyakarta,Yogyakarta,Vietnam,APAC,APAC
KL-165552,"Kelly Lampkin",North,Corporate,Vienna,Vienna,"United Kingdom",EU,EU
KL-165553,"Kelly Lampkin",South,Corporate,"San Pedro Sula",Veracruz,Panama,LATAM,LATAM
KL-165554,"Kelly Lampkin",West,Corporate,"San Antonio",Texas,"United States",US,"North America"
KL-166451,"Ken Lonsdale","Southeast Asia",Consumer,Papakura,Tasmania,Vietnam,APAC,APAC
KL-166452,"Ken Lonsdale",South,Consumer,Oslo,"Provence-Alpes-Côte d'Azur","United Kingdom",EU,EU
KL-166453,"Ken Lonsdale",North,Consumer,"San Pedro de Macorís","San Pedro de Macorís",Nicaragua,LATAM,LATAM
KL-166454,"Ken Lonsdale",West,Consumer,Springfield,Washington,"United States",US,"North America"
KL-65551,"Kelly Lampkin",Africa,Corporate,Lagos,"Woqooyi Galbeed",Somalia,Africa,Africa
KL-65552,"Kelly Lampkin",EMEA,Corporate,Istanbul,Istanbul,Turkey,EMEA,EMEA
KL-66451,"Ken Lonsdale",Africa,Consumer,Soweto,Luanda,"South Africa",Africa,Africa
KL-66452,"Ken Lonsdale",EMEA,Consumer,Mashhad,"Razavi Khorasan",Turkey,EMEA,EMEA
KM-162251,"Kalyca Meade","Southeast Asia",Corporate,Shantou,"Western Australia",Malaysia,APAC,APAC
KM-162252,"Kalyca Meade",North,Corporate,Saint-Denis,Ile-de-France,"United Kingdom",EU,EU
KM-162253,"Kalyca Meade",South,Corporate,Tlalpan,Santiago,Mexico,LATAM,LATAM
KM-162254,"Kalyca Meade",West,Corporate,Sunnyvale,Pennsylvania,"United States",US,"North America"
KM-163751,"Katherine Murray",Oceania,"Home Office",Wollongong,Victoria,"New Zealand",APAC,APAC
KM-163752,"Katherine Murray",Central,"Home Office",Rennes,Utrecht,Netherlands,EU,EU
KM-163753,"Katherine Murray",South,"Home Office","Vitória de Santo Antão",Tamaulipas,Nicaragua,LATAM,LATAM
KM-163754,"Katherine Murray",West,"Home Office","Thousand Oaks",Virginia,"United States",US,"North America"
KM-166601,"Khloe Miller","Southeast Asia",Consumer,Xuzhou,Tasmania,Vietnam,APAC,APAC
KM-166602,"Khloe Miller",Central,Consumer,Ploemeur,"North Rhine-Westphalia",Germany,EU,EU
KM-166603,"Khloe Miller",South,Consumer,Tecomán,Zulia,Venezuela,LATAM,LATAM
KM-166604,"Khloe Miller",West,Consumer,"San Jose",Pennsylvania,"United States",US,"North America"
KM-167201,"Kunst Miller","Southeast Asia",Consumer,Wenling,Zhejiang,Philippines,APAC,APAC
KM-167202,"Kunst Miller",North,Consumer,Vienna,Vienna,"United Kingdom",EU,EU
KM-167203,"Kunst Miller",South,Consumer,Vassouras,"São Paulo",Nicaragua,LATAM,LATAM
KM-167204,"Kunst Miller",West,Consumer,Vallejo,Texas,"United States",US,"North America"
KM-62251,"Kalyca Meade",Africa,Corporate,Lagos,Lagos,Nigeria,Africa,Africa
KM-62252,"Kalyca Meade",EMEA,Corporate,Zagreb,"Grad Zagreb",Turkey,EMEA,EMEA
KM-63751,"Katherine Murray",Africa,"Home Office",Kano,Kano,Zambia,Africa,Africa
KM-63752,"Katherine Murray",Canada,"Home Office",Winnipeg,Manitoba,Canada,Canada,"North America"
KM-63753,"Katherine Murray",EMEA,"Home Office",Plovdiv,Plovdiv,Poland,EMEA,EMEA
KM-66601,"Khloe Miller",Africa,Consumer,Hargeysa,"Woqooyi Galbeed",Somalia,Africa,Africa
KM-66602,"Khloe Miller",EMEA,Consumer,Malatya,Malatya,Turkey,EMEA,EMEA
KM-67201,"Kunst Miller",EMEA,Consumer,Kashan,Esfahan,Turkey,EMEA,EMEA
KN-163901,"Katherine Nockton","Southeast Asia",Corporate,Sydney,"Western Australia",Philippines,APAC,APAC
KN-163902,"Katherine Nockton",South,Corporate,Valencia,Valenciana,"United Kingdom",EU,EU
KN-163903,"Katherine Nockton",South,Corporate,Tegucigalpa,Yucatán,Mexico,LATAM,LATAM
KN-163904,"Katherine Nockton",West,Corporate,Springfield,Texas,"United States",US,"North America"
KN-164501,"Kean Nguyen","Southeast Asia",Corporate,Sydney,"Western Australia",Vietnam,APAC,APAC
KN-164502,"Kean Nguyen",South,Corporate,Toulouse,"North Rhine-Westphalia","United Kingdom",EU,EU
KN-164503,"Kean Nguyen",North,Corporate,Tijuana,Panama,Panama,LATAM,LATAM
KN-164504,"Kean Nguyen",West,Corporate,Visalia,Texas,"United States",US,"North America"
KN-167051,"Kristina Nunn",Oceania,"Home Office",Tamworth,"New South Wales",China,APAC,APAC
KN-167052,"Kristina Nunn",South,"Home Office",Saint-Avold,Valenciana,Spain,EU,EU
KN-167053,"Kristina Nunn",South,"Home Office","Santo Domingo","Santo Domingo",Mexico,LATAM,LATAM
KN-167054,"Kristina Nunn",West,"Home Office",Sparks,Washington,"United States",US,"North America"
KN-63901,"Katherine Nockton",Africa,Corporate,Pretoria,Gauteng,"South Africa",Africa,Africa
KN-63902,"Katherine Nockton",EMEA,Corporate,Dnipropetrovs'k,Dnipropetrovs'k,Ukraine,EMEA,EMEA
KN-64501,"Kean Nguyen",Africa,Corporate,Nairobi,Oyo,Nigeria,Africa,Africa
KN-64502,"Kean Nguyen",EMEA,Corporate,Istanbul,Istanbul,Turkey,EMEA,EMEA
KN-67051,"Kristina Nunn",Africa,"Home Office",Kolwezi,Katanga,"Democratic Republic of the Congo",Africa,Africa
KN-67052,"Kristina Nunn",EMEA,"Home Office",Sivas,Sivas,Turkey,EMEA,EMEA
KS-163001,"Karen Seio","Southeast Asia",Corporate,Sydney,"Tỉnh Cần Thơ",Vietnam,APAC,APAC
KS-163002,"Karen Seio",South,Corporate,Torrevieja,Valenciana,"United Kingdom",EU,EU
KS-163003,"Karen Seio",South,Corporate,Saltillo,Matanzas,Mexico,LATAM,LATAM
KS-163004,"Karen Seio",West,Corporate,Raleigh,Utah,"United States",US,"North America"
KS-63001,"Karen Seio",Africa,Corporate,Stanger,Maputo,"South Africa",Africa,Africa
KS-63002,"Karen Seio",EMEA,Corporate,Khorramabad,Lorestan,Iran,EMEA,EMEA
KT-164651,"Kean Takahito","Southeast Asia",Consumer,Zhanjiang,Victoria,Vietnam,APAC,APAC
KT-164652,"Kean Takahito",South,Consumer,Stockport,"North Rhine-Westphalia","United Kingdom",EU,EU
KT-164653,"Kean Takahito",South,Consumer,"San Salvador de Jujuy","Santa Catarina",Uruguay,LATAM,LATAM
KT-164654,"Kean Takahito",West,Consumer,"San Francisco",Texas,"United States",US,"North America"
KT-164801,"Kean Thornton","Southeast Asia",Consumer,Pasig,"West Bengal",Philippines,APAC,APAC
KT-164802,"Kean Thornton",South,Consumer,"Vila Nova de Gaia",Porto,Portugal,EU,EU
KT-164803,"Kean Thornton",North,Consumer,"Gómez Palacio",Sinaloa,Mexico,LATAM,LATAM
KT-164804,"Kean Thornton",West,Consumer,"San Francisco",Texas,"United States",US,"North America"
KT-64651,"Kean Takahito",Africa,Consumer,Sale,Rabat-Salé-Zemmour-Zaer,Morocco,Africa,Africa
KT-64652,"Kean Takahito",Canada,Consumer,Mississauga,Ontario,Canada,Canada,"North America"
KT-64653,"Kean Takahito",EMEA,Consumer,Mykolayiv,Mykolayiv,Ukraine,EMEA,EMEA
KT-64801,"Kean Thornton",Africa,Consumer,Mahajanga,Lagos,Tanzania,Africa,Africa
KT-64802,"Kean Thornton",EMEA,Consumer,Jerusalem,Jerusalem,Turkmenistan,EMEA,EMEA
KW-164351,"Katrina Willman","Southeast Asia",Consumer,Tongliao,Victoria,Indonesia,APAC,APAC
KW-164352,"Katrina Willman",South,Consumer,Torrevieja,"Västra Götaland","United Kingdom",EU,EU
KW-164353,"Katrina Willman",South,Consumer,"San Pedro Sula",Panama,Peru,LATAM,LATAM
KW-164354,"Katrina Willman",South,Consumer,"New York City",Texas,"United States",US,"North America"
KW-165701,"Kelly Williams","Southeast Asia",Consumer,Toowoomba,"Uttar Pradesh",Indonesia,APAC,APAC
KW-165702,"Kelly Williams",North,Consumer,Wigan,Schleswig-Holstein,"United Kingdom",EU,EU
KW-165703,"Kelly Williams",South,Consumer,Tijuana,Sonsonate,Panama,LATAM,LATAM
KW-165704,"Kelly Williams",West,Consumer,"San Francisco",Tennessee,"United States",US,"North America"
KW-64351,"Katrina Willman",Africa,Consumer,Lusaka,Lusaka,Zimbabwe,Africa,Africa
KW-65701,"Kelly Williams",Africa,Consumer,Kenitra,"Gharb-Chrarda-Béni Hssen",Morocco,Africa,Africa
KW-65702,"Kelly Williams",EMEA,Consumer,"Wadi as Sir",Trabzon,Turkey,EMEA,EMEA
LA-167801,"Laura Armstrong","Southeast Asia",Corporate,Yangon,Yangon,Philippines,APAC,APAC
LA-167802,"Laura Armstrong",South,Corporate,Oldenburg,"Upper Normandy",Spain,EU,EU
LA-167803,"Laura Armstrong",South,Corporate,"São Gonçalo","Rio de Janeiro",Guatemala,LATAM,LATAM
LA-167804,"Laura Armstrong",West,Corporate,"Tinley Park",Texas,"United States",US,"North America"
LA-67801,"Laura Armstrong",Africa,Corporate,Soweto,Sofala,"South Africa",Africa,Africa
LA-67802,"Laura Armstrong",EMEA,Corporate,Vienna,Vienna,Turkey,EMEA,EMEA
LB-167351,"Larry Blacks","Southeast Asia",Consumer,Ujjain,"National Capital",Philippines,APAC,APAC
LB-167352,"Larry Blacks",South,Consumer,Vienna,Vienna,"United Kingdom",EU,EU
LB-167353,"Larry Blacks",South,Consumer,Tepic,Zulia,Venezuela,LATAM,LATAM
LB-167354,"Larry Blacks",West,Consumer,Tallahassee,Texas,"United States",US,"North America"
LB-167951,"Laurel Beltran","Southeast Asia","Home Office",Yangon,Yangon,Thailand,APAC,APAC
LB-167952,"Laurel Beltran",South,"Home Office",Swindon,Scotland,"United Kingdom",EU,EU
LB-167953,"Laurel Beltran",South,"Home Office",Tlalpan,"San Salvador",Peru,LATAM,LATAM
LB-167954,"Laurel Beltran",West,"Home Office",Wilmington,Washington,"United States",US,"North America"
LB-67351,"Larry Blacks",Africa,Consumer,Kananga,Sofala,Mozambique,Africa,Africa
LB-67352,"Larry Blacks",Canada,Consumer,Brampton,Ontario,Canada,Canada,"North America"
LB-67353,"Larry Blacks",EMEA,Consumer,"Ruda Slaska",Silesia,Ukraine,EMEA,EMEA
LB-67951,"Laurel Beltran",Africa,"Home Office",Maiduguri,"Western Cape","South Africa",Africa,Africa
LB-67952,"Laurel Beltran",EMEA,"Home Office",Vienna,Vienna,Ukraine,EMEA,EMEA
LC-168701,"Lena Cacioppo",Oceania,Consumer,Xintai,Victoria,"South Korea",APAC,APAC
LC-168702,"Lena Cacioppo",Central,Consumer,Vitry-sur-Seine,Thuringia,Germany,EU,EU
LC-168703,"Lena Cacioppo",South,Consumer,Mosquera,Miranda,Venezuela,LATAM,LATAM
LC-168704,"Lena Cacioppo",West,Consumer,Thornton,Virginia,"United States",US,"North America"
LC-168851,"Lena Creighton","Southeast Asia",Consumer,Sydney,"Sumatera Barat",Indonesia,APAC,APAC
LC-168852,"Lena Creighton",Central,Consumer,Vigneux-sur-Seine,"Provence-Alpes-Côte d'Azur",Netherlands,EU,EU
LC-168853,"Lena Creighton",South,Consumer,Tlaquepaque,Veracruz,Mexico,LATAM,LATAM
LC-168854,"Lena Creighton",West,Consumer,Wilmington,Texas,"United States",US,"North America"
LC-169301,"Linda Cazamias",Oceania,Corporate,Melbourne,Victoria,Pakistan,APAC,APAC
LC-169302,"Linda Cazamias",South,Corporate,Porto,Porto,"United Kingdom",EU,EU
LC-169303,"Linda Cazamias",South,Corporate,"São Paulo","São Paulo",Nicaragua,LATAM,LATAM
LC-169304,"Linda Cazamias",West,Corporate,Sparks,Texas,"United States",US,"North America"
LC-169601,"Lindsay Castell","Southeast Asia","Home Office",Rajkot,Queensland,Philippines,APAC,APAC
LC-169602,"Lindsay Castell",South,"Home Office",Rome,Rhône-Alpes,Netherlands,EU,EU
LC-169603,"Lindsay Castell",South,"Home Office","Santo Domingo","Santo Domingo",Mexico,LATAM,LATAM
LC-169604,"Lindsay Castell",West,"Home Office",Tampa,Virginia,"United States",US,"North America"
LC-170501,"Liz Carlisle","Southeast Asia",Consumer,Quanzhou,"Jawa Barat","New Zealand",APAC,APAC
LC-170502,"Liz Carlisle",North,Consumer,Schwerin,Rhineland-Palatinate,"United Kingdom",EU,EU
LC-170503,"Liz Carlisle",South,Consumer,"Villa Nueva",Sonora,Venezuela,LATAM,LATAM
LC-170504,"Liz Carlisle",West,Consumer,Richmond,Texas,"United States",US,"North America"
LC-171401,"Logan Currie","North Asia",Consumer,Ratlam,Maharashtra,Japan,APAC,APAC
LC-171402,"Logan Currie",South,Consumer,Ponferrada,Sicily,"United Kingdom",EU,EU
LC-171403,"Logan Currie",South,Consumer,Tegucigalpa,Yoro,Nicaragua,LATAM,LATAM
LC-171404,"Logan Currie",West,Consumer,Springfield,Washington,"United States",US,"North America"
LC-68701,"Lena Cacioppo",Africa,Consumer,Windhoek,Lagos,Nigeria,Africa,Africa
LC-68702,"Lena Cacioppo",EMEA,Consumer,Qazvin,Qazvin,"Saudi Arabia",EMEA,EMEA
LC-68851,"Lena Creighton",Africa,Consumer,Mogadishu,Lagunes,Zimbabwe,Africa,Africa
LC-68852,"Lena Creighton",Canada,Consumer,Winnipeg,Manitoba,Canada,Canada,"North America"
LC-68853,"Lena Creighton",EMEA,Consumer,Adana,Adana,Turkey,EMEA,EMEA
LC-69301,"Linda Cazamias",Africa,Corporate,Taza,"Taza-Al Hoceima-Taounate",Zambia,Africa,Africa
LC-69302,"Linda Cazamias",EMEA,Corporate,Vilnius,Vilnius,Turkey,EMEA,EMEA
LC-69601,"Lindsay Castell",Africa,"Home Office",Lome,Maritime,Togo,Africa,Africa
LC-69602,"Lindsay Castell",EMEA,"Home Office",Soma,Tekirdag,Turkey,EMEA,EMEA
LC-70501,"Liz Carlisle",Africa,Consumer,Kano,Kano,Nigeria,Africa,Africa
LC-70502,"Liz Carlisle",EMEA,Consumer,Jeddah,Makkah,"Saudi Arabia",EMEA,EMEA
LC-71401,"Logan Currie",Africa,Consumer,Casablanca,"Grand Casablanca",Morocco,Africa,Africa
LC-71402,"Logan Currie",Canada,Consumer,Surrey,"British Columbia",Canada,Canada,"North America"
LC-71403,"Logan Currie",EMEA,Consumer,Zhlobin,Tbilisi,Ukraine,EMEA,EMEA
LD-168551,"Lela Donovan","Southeast Asia",Corporate,Xiantao,Tasmania,Malaysia,APAC,APAC
LD-168552,"Lela Donovan",North,Corporate,Vienna,Vienna,"United Kingdom",EU,EU
LD-168553,"Lela Donovan",South,Corporate,Tipitapa,"São Paulo","Trinidad and Tobago",LATAM,LATAM
LD-168554,"Lela Donovan",Central,Corporate,Chicago,Illinois,"United States",US,"North America"
LD-170051,"Lisa DeCherney",Oceania,Consumer,Seoul,Telangana,"South Korea",APAC,APAC
LD-170052,"Lisa DeCherney",North,Consumer,Sheffield,"South Holland","United Kingdom",EU,EU
LD-170053,"Lisa DeCherney",South,Consumer,Teresina,Tamaulipas,Panama,LATAM,LATAM
LD-170054,"Lisa DeCherney",West,Consumer,"San Francisco","New York","United States",US,"North America"
LD-68551,"Lela Donovan",Africa,Corporate,Taza,"Taza-Al Hoceima-Taounate","South Africa",Africa,Africa
LD-68552,"Lela Donovan",EMEA,Corporate,Kharkiv,Qaraghandy,Ukraine,EMEA,EMEA
LD-70051,"Lisa DeCherney",Africa,Consumer,Kano,Kano,Nigeria,Africa,Africa
LD-70052,"Lisa DeCherney",Canada,Consumer,Surrey,"British Columbia",Canada,Canada,"North America"
LD-70053,"Lisa DeCherney",EMEA,Consumer,Trabzon,Trabzon,Turkey,EMEA,EMEA
LE-168101,"Laurel Elliston","Southeast Asia",Consumer,Valencia,Tasmania,Thailand,APAC,APAC
LE-168102,"Laurel Elliston",South,Consumer,Vienna,Vienna,Spain,EU,EU
LE-168103,"Laurel Elliston",North,Consumer,Culiacán,Sinaloa,Mexico,LATAM,LATAM
LE-168104,"Laurel Elliston",West,Consumer,Whittier,Virginia,"United States",US,"North America"
LE-68101,"Laurel Elliston",EMEA,Consumer,Vienna,Vienna,Ukraine,EMEA,EMEA
LF-171851,"Luke Foster","Southeast Asia",Consumer,Visakhapatnam,"West Bengal",Philippines,APAC,APAC
LF-171852,"Luke Foster",South,Consumer,Naples,Wales,"United Kingdom",EU,EU
LF-171853,"Luke Foster",Caribbean,Consumer,"Santiago de Cuba","Santiago de Cuba",Cuba,LATAM,LATAM
LF-171854,"Luke Foster",West,Consumer,"San Antonio",Texas,"United States",US,"North America"
LF-71851,"Luke Foster",Africa,Consumer,Lubumbashi,Katanga,Senegal,Africa,Africa
LF-71852,"Luke Foster",EMEA,Consumer,Sofia,Sofiya-Grad,Turkey,EMEA,EMEA
LH-167501,"Larry Hughes",Oceania,Consumer,Griffith,"Western Australia","New Zealand",APAC,APAC
LH-167502,"Larry Hughes",Central,Consumer,Hamburg,Hamburg,Germany,EU,EU
LH-167503,"Larry Hughes",South,Consumer,Zapopan,Yucatán,Peru,LATAM,LATAM
LH-167504,"Larry Hughes",West,Consumer,Philadelphia,Pennsylvania,"United States",US,"North America"
LH-169001,"Lena Hernandez","Southeast Asia",Consumer,Wollongong,"Western Australia",Thailand,APAC,APAC
LH-169002,"Lena Hernandez",South,Consumer,Witten,"Provence-Alpes-Côte d'Azur",Italy,EU,EU
LH-169003,"Lena Hernandez",South,Consumer,Villahermosa,Tabasco,Mexico,LATAM,LATAM
LH-169004,"Lena Hernandez",West,Consumer,"San Francisco",Ohio,"United States",US,"North America"
LH-170201,"Lisa Hazard","North Asia",Consumer,Gujranwala,Tokyo,Pakistan,APAC,APAC
LH-170202,"Lisa Hazard",South,Consumer,Pisa,Tuscany,Netherlands,EU,EU
LH-170203,"Lisa Hazard",South,Consumer,Tlaquepaque,Sinaloa,Uruguay,LATAM,LATAM
LH-170204,"Lisa Hazard",West,Consumer,Tyler,Texas,"United States",US,"North America"
LH-171551,"Logan Haushalter","Southeast Asia",Consumer,Yangon,Yangon,"South Korea",APAC,APAC
LH-171552,"Logan Haushalter",South,Consumer,Turin,"Västra Götaland",Sweden,EU,EU
LH-171553,"Logan Haushalter",South,Consumer,Mendoza,Mendoza,Mexico,LATAM,LATAM
LH-171554,"Logan Haushalter",West,Consumer,"San Jose",Texas,"United States",US,"North America"
LH-67501,"Larry Hughes",Africa,Consumer,Kinshasa,Kinshasa,Uganda,Africa,Africa
LH-67502,"Larry Hughes",EMEA,Consumer,Ivanovo,Mazandaran,Turkey,EMEA,EMEA
LH-69001,"Lena Hernandez",Africa,Consumer,Luanda,Luanda,Nigeria,Africa,Africa
LH-69002,"Lena Hernandez",EMEA,Consumer,Osijek,Osjecko-Baranjska,Croatia,EMEA,EMEA
LH-70201,"Lisa Hazard",Africa,Consumer,Lome,Maritime,Togo,Africa,Africa
LH-70202,"Lisa Hazard",EMEA,Consumer,Usak,Usak,Turkey,EMEA,EMEA
LH-71551,"Logan Haushalter",Africa,Consumer,Edea,Littoral,Cameroon,Africa,Africa
LH-71552,"Logan Haushalter",Canada,Consumer,Mississauga,Ontario,Canada,Canada,"North America"
LH-71553,"Logan Haushalter",EMEA,Consumer,Sumy,Zagrebacka,Ukraine,EMEA,EMEA
LL-168401,"Lauren Leatherbury","Southeast Asia",Consumer,Srinagar,Yogyakarta,Japan,APAC,APAC
LL-168402,"Lauren Leatherbury",South,Consumer,Toulouse,Scotland,"United Kingdom",EU,EU
LL-168403,"Lauren Leatherbury",South,Consumer,Tegucigalpa,"Santiago de Cuba",Mexico,LATAM,LATAM
LL-168404,"Lauren Leatherbury",West,Consumer,Woodstock,Washington,"United States",US,"North America"
LL-68401,"Lauren Leatherbury",Africa,Consumer,Sale,Rabat-Salé-Zemmour-Zaer,"South Africa",Africa,Africa
LL-68402,"Lauren Leatherbury",EMEA,Consumer,Qom,Qom,Ukraine,EMEA,EMEA
LM-170651,"Liz MacKendrick","Southeast Asia",Consumer,Yangon,Yangon,Philippines,APAC,APAC
LM-170652,"Liz MacKendrick",Central,Consumer,Munich,Ile-de-France,Germany,EU,EU
LM-170653,"Liz MacKendrick",Central,Consumer,"Santo Domingo","Santo Domingo",Nicaragua,LATAM,LATAM
LM-170654,"Liz MacKendrick",South,Consumer,Springfield,Ohio,"United States",US,"North America"
LM-70651,"Liz MacKendrick",Africa,Consumer,Luanda,Luanda,Angola,Africa,Africa
LM-70652,"Liz MacKendrick",EMEA,Consumer,Doha,"Ad Dawhah",Qatar,EMEA,EMEA
LO-171701,"Lori Olson","Southeast Asia",Corporate,Waitakere,Victoria,Philippines,APAC,APAC
LO-171702,"Lori Olson",South,Corporate,Torrevieja,Värmland,"United Kingdom",EU,EU
LO-171703,"Lori Olson",South,Corporate,Zapopan,"Santo Domingo",Nicaragua,LATAM,LATAM
LO-171704,"Lori Olson",West,Corporate,Suffolk,Virginia,"United States",US,"North America"
LO-71701,"Lori Olson",Africa,Corporate,Yaounde,"Western Cape",Zimbabwe,Africa,Africa
LO-71702,"Lori Olson",EMEA,Corporate,Panevezys,Panevezys,Turkey,EMEA,EMEA
LP-170801,"Liz Pelletier","Southeast Asia",Consumer,Melbourne,"Western Australia",Vietnam,APAC,APAC
LP-170802,"Liz Pelletier",South,Consumer,Valencia,Valenciana,"United Kingdom",EU,EU
LP-170803,"Liz Pelletier",South,Consumer,Tegucigalpa,Veracruz,Mexico,LATAM,LATAM
LP-170804,"Liz Pelletier",West,Consumer,Tucson,Washington,"United States",US,"North America"
LP-170951,"Liz Preis","Southeast Asia",Consumer,Valenzuela,"National Capital",Philippines,APAC,APAC
LP-170952,"Liz Preis",North,Consumer,Reading,Ile-de-France,"United Kingdom",EU,EU
LP-170953,"Liz Preis",South,Consumer,Uberlândia,"Saint Michael","Trinidad and Tobago",LATAM,LATAM
LP-170954,"Liz Preis",West,Consumer,Visalia,Tennessee,"United States",US,"North America"
LP-70801,"Liz Pelletier",Africa,Consumer,Rabat,Rabat-Salé-Zemmour-Zaer,Morocco,Africa,Africa
LP-70802,"Liz Pelletier",EMEA,Consumer,Viransehir,Sanliurfa,Ukraine,EMEA,EMEA
LP-70951,"Liz Preis",Africa,Consumer,Agadir,Souss-Massa-Draâ,Morocco,Africa,Africa
LP-70952,"Liz Preis",Canada,Consumer,"St. Catharines",Ontario,Canada,Canada,"North America"
LP-70953,"Liz Preis",EMEA,Consumer,Takestan,Qazvin,Turkey,EMEA,EMEA
LR-169151,"Lena Radford","North Asia",Consumer,Shenyang,Rajasthan,India,APAC,APAC
LR-169152,"Lena Radford",South,Consumer,Vantaa,Uusimaa,Spain,EU,EU
LR-169153,"Lena Radford",South,Consumer,"San Salvador","São Paulo",Peru,LATAM,LATAM
LR-169154,"Lena Radford",West,Consumer,"San Diego",Tennessee,"United States",US,"North America"
LR-170351,"Lisa Ryan","Southeast Asia",Corporate,Perth,"Western Australia",Philippines,APAC,APAC
LR-170352,"Lisa Ryan",South,Corporate,Vitoria,Valenciana,Spain,EU,EU
LR-170353,"Lisa Ryan",South,Corporate,Tegucigalpa,"Santa Ana",Venezuela,LATAM,LATAM
LR-170354,"Lisa Ryan",West,Corporate,"Santa Clara",Texas,"United States",US,"North America"
LR-69151,"Lena Radford",Africa,Consumer,Zwedru,"Grand Gedeh",Liberia,Africa,Africa
LR-69152,"Lena Radford",EMEA,Consumer,Turgutlu,Manisa,Turkey,EMEA,EMEA
LR-70351,"Lisa Ryan",Africa,Corporate,Marrakech,Souss-Massa-Draâ,Zambia,Africa,Africa
LR-70352,"Lisa Ryan",EMEA,Corporate,Vienna,Vienna,Russia,EMEA,EMEA
LS-169451,"Linda Southworth","Southeast Asia",Corporate,Tegal,"Xinjiang Uygur",Indonesia,APAC,APAC
LS-169452,"Linda Southworth",South,Corporate,Vienna,Vienna,"United Kingdom",EU,EU
LS-169453,"Linda Southworth",South,Corporate,"Panama City",Panama,Panama,LATAM,LATAM
LS-169454,"Linda Southworth",West,Corporate,"San Francisco",Texas,"United States",US,"North America"
LS-169751,"Lindsay Shagiari","Southeast Asia","Home Office",Ujjain,Rajasthan,Indonesia,APAC,APAC
LS-169752,"Lindsay Shagiari",South,"Home Office",Wolverhampton,Saxony,"United Kingdom",EU,EU
LS-169753,"Lindsay Shagiari",South,"Home Office",Tehuacán,"São Paulo",Mexico,LATAM,LATAM
LS-169754,"Lindsay Shagiari",West,"Home Office","San Francisco",Texas,"United States",US,"North America"
LS-172001,"Luke Schmidt","Southeast Asia",Corporate,"Port Macquarie",Victoria,Philippines,APAC,APAC
LS-172002,"Luke Schmidt",South,Corporate,Deuil-la-Barre,Nord-Pas-de-Calais,Italy,EU,EU
LS-172003,"Luke Schmidt",South,Corporate,Soyapango,"São Paulo",Mexico,LATAM,LATAM
LS-172004,"Luke Schmidt",West,Corporate,Texarkana,Wisconsin,"United States",US,"North America"
LS-172301,"Lycoris Saunders","Southeast Asia",Consumer,Wuxi,"South Australia","South Korea",APAC,APAC
LS-172302,"Lycoris Saunders",South,Consumer,Voiron,Rhône-Alpes,"United Kingdom",EU,EU
LS-172303,"Lycoris Saunders",South,Consumer,Tlalnepantla,Quezaltenango,Nicaragua,LATAM,LATAM
LS-172304,"Lycoris Saunders",West,Consumer,"Los Angeles",Texas,"United States",US,"North America"
LS-172451,"Lynn Smith","Southeast Asia",Consumer,Valencia,Victoria,Singapore,APAC,APAC
LS-172452,"Lynn Smith",South,Consumer,Walsall,Ile-de-France,"United Kingdom",EU,EU
LS-172453,"Lynn Smith",South,Consumer,Zapopan,"São Paulo",Mexico,LATAM,LATAM
LS-172454,"Lynn Smith",West,Consumer,Utica,Texas,"United States",US,"North America"
LS-69451,"Linda Southworth",Africa,Corporate,Harare,"Western Cape",Zimbabwe,Africa,Africa
LS-69452,"Linda Southworth",Canada,Corporate,Calgary,Alberta,Canada,Canada,"North America"
LS-69453,"Linda Southworth",EMEA,Corporate,Liberec,Liberec,Turkey,EMEA,EMEA
LS-69751,"Lindsay Shagiari",Africa,"Home Office",Ulundi,Kwazulu-natal,Zambia,Africa,Africa
LS-69752,"Lindsay Shagiari",Canada,"Home Office",Mississauga,Ontario,Canada,Canada,"North America"
LS-69753,"Lindsay Shagiari",EMEA,"Home Office",Mersin,Mersin,Turkey,EMEA,EMEA
LS-72001,"Luke Schmidt",EMEA,Corporate,Ostrava,Moravian-Silesian,Turkey,EMEA,EMEA
LS-72301,"Lycoris Saunders",Africa,Consumer,Niamey,Osun,Nigeria,Africa,Africa
LS-72302,"Lycoris Saunders",EMEA,Consumer,Tbilisi,Tbilisi,Turkey,EMEA,EMEA
LS-72451,"Lynn Smith",Africa,Consumer,Marrakech,Plateaux,Togo,Africa,Africa
LS-72452,"Lynn Smith",Canada,Consumer,"North York",Quebec,Canada,Canada,"North America"
LT-167651,"Larry Tron","Southeast Asia",Consumer,Yiwu,Zhejiang,Philippines,APAC,APAC
LT-167652,"Larry Tron",South,Consumer,"San Fernando","North Brabant","United Kingdom",EU,EU
LT-167653,"Larry Tron",North,Consumer,"San Miguelito",Veracruz,Panama,LATAM,LATAM
LT-167654,"Larry Tron",West,Consumer,Louisville,Ohio,"United States",US,"North America"
LT-171101,"Liz Thompson","Southeast Asia",Consumer,Perth,"Western Australia",Thailand,APAC,APAC
LT-171102,"Liz Thompson",Central,Consumer,Tilburg,Rhône-Alpes,Netherlands,EU,EU
LT-171103,"Liz Thompson",South,Consumer,"San Salvador","San Salvador",Mexico,LATAM,LATAM
LT-171104,"Liz Thompson",West,Consumer,"San Diego",Texas,"United States",US,"North America"
LT-67651,"Larry Tron",Africa,Consumer,Garoua,Nord,"South Africa",Africa,Africa
LT-67652,"Larry Tron",Canada,Consumer,Montréal,Quebec,Canada,Canada,"North America"
LT-67653,"Larry Tron",EMEA,Consumer,Baghdad,Baghdad,Iraq,EMEA,EMEA
LT-71101,"Liz Thompson",Africa,Consumer,Pretoria,Mwanza,Tanzania,Africa,Africa
LT-71102,"Liz Thompson",EMEA,Consumer,Plock,Pomerania,Poland,EMEA,EMEA
LW-168251,"Laurel Workman","Southeast Asia",Corporate,Singapore,Zhejiang,Singapore,APAC,APAC
LW-168252,"Laurel Workman",South,Corporate,Vienna,Vienna,"United Kingdom",EU,EU
LW-168253,"Laurel Workman",South,Corporate,Mossoró,"São Paulo",Brazil,LATAM,LATAM
LW-168254,"Laurel Workman",West,Corporate,Phoenix,Texas,"United States",US,"North America"
LW-169901,"Lindsay Williams",Oceania,Corporate,Yangjiang,Queensland,Pakistan,APAC,APAC
LW-169902,"Lindsay Williams",South,Corporate,Turin,Umbria,Italy,EU,EU
LW-169903,"Lindsay Williams",South,Corporate,"Santiago de los Caballeros",Santiago,Nicaragua,LATAM,LATAM
LW-169904,"Lindsay Williams",West,Corporate,"San Francisco","North Carolina","United States",US,"North America"
LW-171251,"Liz Willingham","Southeast Asia",Consumer,Manila,"National Capital",Philippines,APAC,APAC
LW-171252,"Liz Willingham",North,Consumer,Vitry-sur-Seine,"Upper Normandy","United Kingdom",EU,EU
LW-171253,"Liz Willingham",South,Consumer,Managua,"San Cristóbal",Nicaragua,LATAM,LATAM
LW-171254,"Liz Willingham",West,Consumer,"Virginia Beach",Virginia,"United States",US,"North America"
LW-172151,"Luke Weiss","Southeast Asia",Consumer,Wuxi,Victoria,Philippines,APAC,APAC
LW-172152,"Luke Weiss",South,Consumer,"Torre del Greco","Trentino-Alto Adige",Italy,EU,EU
LW-172153,"Luke Weiss",South,Consumer,"Villa Nueva",Veracruz,Mexico,LATAM,LATAM
LW-172154,"Luke Weiss",West,Consumer,Rochester,"New York","United States",US,"North America"
LW-68251,"Laurel Workman",Africa,Corporate,"Port Elizabeth",Ouest,Tanzania,Africa,Africa
LW-68252,"Laurel Workman",EMEA,Corporate,Zahedan,"Sistan Va Baluchestan",Ukraine,EMEA,EMEA
LW-69901,"Lindsay Williams",Africa,Corporate,Nairobi,"Red Sea",Sudan,Africa,Africa
LW-69902,"Lindsay Williams",EMEA,Corporate,Salihli,"Razavi Khorasan",Uzbekistan,EMEA,EMEA
LW-71251,"Liz Willingham",Africa,Consumer,Mombasa,Lagos,"South Africa",Africa,Africa
LW-71252,"Liz Willingham",EMEA,Consumer,Riyadh,Poltava,Ukraine,EMEA,EMEA
LW-72151,"Luke Weiss",Africa,Consumer,"Port Harcourt",Rivers,Rwanda,Africa,Africa
LW-72152,"Luke Weiss",Canada,Consumer,Winnipeg,Manitoba,Canada,Canada,"North America"
LW-72153,"Luke Weiss",EMEA,Consumer,Jeddah,Makkah,"Saudi Arabia",EMEA,EMEA
MA-175601,"Matt Abelman","Southeast Asia","Home Office","Mount Isa","Sumatera Utara",Philippines,APAC,APAC
MA-175602,"Matt Abelman",South,"Home Office",Worms,Stockholm,Sweden,EU,EU
MA-175603,"Matt Abelman",South,"Home Office","San Pedro Sula",Morelos,Mexico,LATAM,LATAM
MA-175604,"Matt Abelman",West,"Home Office",Trenton,Wisconsin,"United States",US,"North America"
MA-179951,"Michelle Arnett","Southeast Asia","Home Office",Yueyang,Western,"Sri Lanka",APAC,APAC
MA-179952,"Michelle Arnett",North,"Home Office",Karlsruhe,Wales,"United Kingdom",EU,EU
MA-179953,"Michelle Arnett",North,"Home Office",Tegucigalpa,"Santo Domingo",Mexico,LATAM,LATAM
MA-179954,"Michelle Arnett",West,"Home Office",Watertown,Wyoming,"United States",US,"North America"
MA-75601,"Matt Abelman",Africa,"Home Office",Tetouan,Tanger-Tétouan,Morocco,Africa,Africa
MA-75602,"Matt Abelman",EMEA,"Home Office",Mamak,Lodz,Turkey,EMEA,EMEA
MA-79951,"Michelle Arnett",Africa,"Home Office",Rabat,Rabat-Salé-Zemmour-Zaer,Nigeria,Africa,Africa
MA-79952,"Michelle Arnett",Canada,"Home Office",Vaughan,Ontario,Canada,Canada,"North America"
MA-79953,"Michelle Arnett",EMEA,"Home Office",Nigde,Nigde,Turkey,EMEA,EMEA
MB-173051,"Maria Bertelson","Southeast Asia",Consumer,Sydney,Telangana,Vietnam,APAC,APAC
MB-173052,"Maria Bertelson",South,Consumer,Zurich,Zürich,"United Kingdom",EU,EU
MB-173053,"Maria Bertelson",South,Consumer,"Miguel Hidalgo",Rondônia,Mexico,LATAM,LATAM
MB-173054,"Maria Bertelson",West,Consumer,"San Francisco",Washington,"United States",US,"North America"
MB-180851,"Mick Brown",Oceania,Consumer,Yichun,Waikato,"New Zealand",APAC,APAC
MB-180852,"Mick Brown",North,Consumer,Vienna,Vienna,"United Kingdom",EU,EU
MB-180853,"Mick Brown",South,Consumer,"San Luis Potosí",Zulia,Venezuela,LATAM,LATAM
MB-180854,"Mick Brown",West,Consumer,Vineland,Texas,"United States",US,"North America"
MB-73051,"Maria Bertelson",Africa,Consumer,Makurdi,"Western Cape","South Africa",Africa,Africa
MB-73052,"Maria Bertelson",EMEA,Consumer,Yaroslavl',Yaroslavl',Turkey,EMEA,EMEA
MB-80851,"Mick Brown",Africa,Consumer,"Port Harcourt",Rivers,Nigeria,Africa,Africa
MB-80852,"Mick Brown",EMEA,Consumer,Kerman,Makkah,Ukraine,EMEA,EMEA
MC-172751,"Marc Crier","Southeast Asia",Consumer,Yangon,Yangon,Pakistan,APAC,APAC
MC-172752,"Marc Crier",Central,Consumer,Villiers-le-Bel,Vienna,Germany,EU,EU
MC-172753,"Marc Crier",South,Consumer,"Santo Domingo","Santo Domingo",Nicaragua,LATAM,LATAM
MC-172754,"Marc Crier",West,Consumer,Seattle,Washington,"United States",US,"North America"
MC-174251,"Mark Cousins","Southeast Asia",Corporate,Zhangjiakou,Wellington,Thailand,APAC,APAC
MC-174252,"Mark Cousins",South,Corporate,Wiesbaden,Madrid,Spain,EU,EU
MC-174253,"Mark Cousins",South,Corporate,Tijuana,Santiago,Peru,LATAM,LATAM
MC-174254,"Mark Cousins",West,Corporate,Portland,Texas,"United States",US,"North America"
MC-175751,"Matt Collins","Southeast Asia",Consumer,Yancheng,Queensland,Thailand,APAC,APAC
MC-175752,"Matt Collins",North,Consumer,Rochdale,Scotland,"United Kingdom",EU,EU
MC-175753,"Matt Collins",South,Consumer,Villahermosa,Yoro,Panama,LATAM,LATAM
MC-175754,"Matt Collins",West,Consumer,Seattle,Washington,"United States",US,"North America"
MC-175901,"Matt Collister","North Asia",Corporate,Beijing,Beijing,China,APAC,APAC
MC-175902,"Matt Collister",South,Corporate,Stockholm,Tuscany,"United Kingdom",EU,EU
MC-175903,"Matt Collister",South,Corporate,"Villa Nueva","San Salvador",Panama,LATAM,LATAM
MC-175904,"Matt Collister",West,Corporate,Utica,Texas,"United States",US,"North America"
MC-176051,"Matt Connell","Southeast Asia",Corporate,Wuhan,"Western Australia",Indonesia,APAC,APAC
MC-176052,"Matt Connell",South,Corporate,Walsall,Saxony,"United Kingdom",EU,EU
MC-176053,"Matt Connell",North,Corporate,"Villa Canales","Santo Domingo",Nicaragua,LATAM,LATAM
MC-176054,"Matt Connell",West,Corporate,Philadelphia,Texas,"United States",US,"North America"
MC-176351,"Matthew Clasen","Southeast Asia",Corporate,Udaipur,"Western Australia",Pakistan,APAC,APAC
MC-176352,"Matthew Clasen",South,Corporate,Seville,Uusimaa,"United Kingdom",EU,EU
MC-176353,"Matthew Clasen",South,Corporate,Zapopan,"São Paulo",Nicaragua,LATAM,LATAM
MC-176354,"Matthew Clasen",West,Corporate,"Saint Louis",Missouri,"United States",US,"North America"
MC-178451,"Michael Chen","Southeast Asia",Consumer,Yangon,Yogyakarta,Thailand,APAC,APAC
MC-178452,"Michael Chen",South,Consumer,Vincennes,Rhineland-Palatinate,Italy,EU,EU
MC-178453,"Michael Chen",South,Consumer,Tampico,Tamaulipas,Mexico,LATAM,LATAM
MC-178454,"Michael Chen",West,Consumer,Pasco,Washington,"United States",US,"North America"
MC-181001,"Mick Crebagga","Southeast Asia",Consumer,Whyalla,"Tamil Nadu",Philippines,APAC,APAC
MC-181002,"Mick Crebagga",South,Consumer,Vienna,Vienna,Spain,EU,EU
MC-181003,"Mick Crebagga",South,Consumer,Tlaquepaque,"São Paulo",Venezuela,LATAM,LATAM
MC-181004,"Mick Crebagga",West,Consumer,Philadelphia,Washington,"United States",US,"North America"
MC-181301,"Mike Caudle","Southeast Asia",Corporate,Launceston,Tasmania,Vietnam,APAC,APAC
MC-181302,"Mike Caudle",North,Corporate,Warrington,Ile-de-France,"United Kingdom",EU,EU
MC-181303,"Mike Caudle",South,Corporate,"Viña del Mar",Veracruz,Paraguay,LATAM,LATAM
MC-181304,"Mike Caudle",West,Corporate,Seattle,Washington,"United States",US,"North America"
MC-72751,"Marc Crier",Africa,Consumer,Ilorin,Kwara,Nigeria,Africa,Africa
MC-72752,"Marc Crier",EMEA,Consumer,Sterlitamak,Volyn,Ukraine,EMEA,EMEA
MC-74251,"Mark Cousins",Africa,Corporate,Kano,Kano,Nigeria,Africa,Africa
MC-74252,"Mark Cousins",EMEA,Corporate,Chisinau,Chisinau,Moldova,EMEA,EMEA
MC-75751,"Matt Collins",Africa,Consumer,Sale,Rabat-Salé-Zemmour-Zaer,"South Africa",Africa,Africa
MC-75752,"Matt Collins",EMEA,Consumer,Saqqez,Makkah,Ukraine,EMEA,EMEA
MC-75901,"Matt Collister",Africa,Corporate,Rabat,Rabat-Salé-Zemmour-Zaer,Morocco,Africa,Africa
MC-75902,"Matt Collister",EMEA,Corporate,Makhachkala,Dagestan,Russia,EMEA,EMEA
MC-76051,"Matt Connell",Africa,Corporate,Nairobi,Nairobi,Kenya,Africa,Africa
MC-76052,"Matt Connell",EMEA,Corporate,Tallinn,Harjumaa,Estonia,EMEA,EMEA
MC-76351,"Matthew Clasen",Africa,Corporate,Kinshasa,Kinshasa,Egypt,Africa,Africa
MC-76352,"Matthew Clasen",EMEA,Corporate,"Yanbu al Bahr",Istanbul,Turkey,EMEA,EMEA
MC-78451,"Michael Chen",Africa,Consumer,Lome,"Western Cape",Togo,Africa,Africa
MC-78452,"Michael Chen",EMEA,Consumer,Katowice,Silesia,Yemen,EMEA,EMEA
MC-81001,"Mick Crebagga",EMEA,Consumer,Khorramabad,Lorestan,Romania,EMEA,EMEA
MC-81301,"Mike Caudle",Africa,Corporate,Lagos,Nord,Nigeria,Africa,Africa
MC-81302,"Mike Caudle",EMEA,Corporate,Vlore,Vlorë,Iraq,EMEA,EMEA
MD-173501,"Maribeth Dona","Southeast Asia",Consumer,Kowloon,Yogyakarta,Vietnam,APAC,APAC
MD-173502,"Maribeth Dona",North,Consumer,Villiers-sur-Marne,Salzburg,"United Kingdom",EU,EU
MD-173503,"Maribeth Dona",South,Consumer,Zapopan,Tabasco,Mexico,LATAM,LATAM
MD-173504,"Maribeth Dona",West,Consumer,Philadelphia,Texas,"United States",US,"North America"
MD-178601,"Michael Dominguez","Southeast Asia",Corporate,Sydney,Zhejiang,"New Zealand",APAC,APAC
MD-178602,"Michael Dominguez",South,Corporate,Mâcon,Valenciana,"United Kingdom",EU,EU
MD-178603,"Michael Dominguez",South,Corporate,Teresina,Puebla,"Trinidad and Tobago",LATAM,LATAM
MD-178604,"Michael Dominguez",South,Corporate,Philadelphia,Texas,"United States",US,"North America"
MD-73501,"Maribeth Dona",Africa,Consumer,Morogoro,Morogoro,Tanzania,Africa,Africa
MD-73502,"Maribeth Dona",Canada,Consumer,Calgary,Alberta,Canada,Canada,"North America"
MD-73503,"Maribeth Dona",EMEA,Consumer,Usak,Usak,Turkey,EMEA,EMEA
MD-78601,"Michael Dominguez",EMEA,Corporate,Tabuk,Tabuk,Ukraine,EMEA,EMEA
ME-173201,"Maria Etezadi",Oceania,"Home Office",Wuhan,"Xinjiang Uygur","New Zealand",APAC,APAC
ME-173202,"Maria Etezadi",South,"Home Office",Wuppertal,Vienna,"United Kingdom",EU,EU
ME-173203,"Maria Etezadi",South,"Home Office",Camagüey,"Rio Grande do Sul",Cuba,LATAM,LATAM
ME-173204,"Maria Etezadi",West,"Home Office",Springfield,Virginia,"United States",US,"North America"
ME-177251,"Max Engle","Southeast Asia",Consumer,Suzhou,Tasmania,Singapore,APAC,APAC
ME-177252,"Max Engle",Central,Consumer,Saint-Michel-sur-Orge,"Lower Saxony",Switzerland,EU,EU
ME-177253,"Max Engle",South,Consumer,Tegucigalpa,Sonora,Mexico,LATAM,LATAM
ME-177254,"Max Engle",West,Consumer,Seattle,Washington,"United States",US,"North America"
ME-180101,"Michelle Ellison","Southeast Asia",Corporate,Zhengzhou,Singapore,Singapore,APAC,APAC
ME-180102,"Michelle Ellison",South,Corporate,Preston,"West Flanders","United Kingdom",EU,EU
ME-180103,"Michelle Ellison",North,Corporate,Tegucigalpa,Sinaloa,Mexico,LATAM,LATAM
ME-180104,"Michelle Ellison",West,Corporate,Seattle,Washington,"United States",US,"North America"
ME-73201,"Maria Etezadi",Africa,"Home Office",Pretoria,Oyo,"South Africa",Africa,Africa
ME-73202,"Maria Etezadi",EMEA,"Home Office",Zenica,"Razavi Khorasan",Ukraine,EMEA,EMEA
ME-77251,"Max Engle",Africa,Consumer,Mogadishu,Lagos,Somalia,Africa,Africa
ME-77252,"Max Engle",Canada,Consumer,Markham,Ontario,Canada,Canada,"North America"
ME-77253,"Max Engle",EMEA,Consumer,Zagreb,Silesia,Poland,EMEA,EMEA
ME-80101,"Michelle Ellison",Africa,Corporate,Bandundu,Bandundu,"Democratic Republic of the Congo",Africa,Africa
MF-176651,"Maureen Fritzler","Southeast Asia",Corporate,Kawasaki,Queensland,Japan,APAC,APAC
MF-176652,"Maureen Fritzler",South,Corporate,Villenave-d'Ornon,Wales,"United Kingdom",EU,EU
MF-176653,"Maureen Fritzler",South,Corporate,Soyapango,"Santo Domingo",Nicaragua,LATAM,LATAM
MF-176654,"Maureen Fritzler",West,Corporate,Toledo,Ohio,"United States",US,"North America"
MF-182501,"Monica Federle","Southeast Asia",Corporate,Yangon,Yogyakarta,Philippines,APAC,APAC
MF-182502,"Monica Federle",South,Corporate,Villeurbanne,Vienna,"United Kingdom",EU,EU
MF-182503,"Monica Federle",South,Corporate,"São Paulo",Veracruz,Panama,LATAM,LATAM
MF-182504,"Monica Federle",West,Corporate,Philadelphia,Texas,"United States",US,"North America"
MF-76651,"Maureen Fritzler",Africa,Corporate,Pretoria,Kigali,"South Africa",Africa,Africa
MF-76652,"Maureen Fritzler",EMEA,Corporate,Kerman,Kerman,Iran,EMEA,EMEA
MF-82501,"Monica Federle",Africa,Corporate,Casablanca,"Grand Casablanca",Morocco,Africa,Africa
MF-82502,"Monica Federle",EMEA,Corporate,Warsaw,Volyn,Ukraine,EMEA,EMEA
MG-176501,"Matthew Grinstein","Southeast Asia","Home Office",Toowoomba,Yunnan,Singapore,APAC,APAC
MG-176502,"Matthew Grinstein",North,"Home Office",Lunel,Scotland,"United Kingdom",EU,EU
MG-176503,"Matthew Grinstein",Central,"Home Office",Tegucigalpa,Santiago,Honduras,LATAM,LATAM
MG-176504,"Matthew Grinstein",West,"Home Office",Seattle,Wisconsin,"United States",US,"North America"
MG-176801,"Maureen Gastineau","Southeast Asia","Home Office",Shanwei,"Western Australia",Vietnam,APAC,APAC
MG-176802,"Maureen Gastineau",South,"Home Office",Vienna,Vienna,Spain,EU,EU
MG-176803,"Maureen Gastineau",South,"Home Office","Santo Domingo","Santo Domingo",Panama,LATAM,LATAM
MG-176804,"Maureen Gastineau",West,"Home Office",Philadelphia,Pennsylvania,"United States",US,"North America"
MG-176951,"Maureen Gnade","Southeast Asia",Consumer,Townsville,Victoria,Indonesia,APAC,APAC
MG-176952,"Maureen Gnade",South,Consumer,Utrecht,Utrecht,Spain,EU,EU
MG-176953,"Maureen Gnade",South,Consumer,Tlalnepantla,"San Luis Potosí",Mexico,LATAM,LATAM
MG-176954,"Maureen Gnade",East,Consumer,Philadelphia,Pennsylvania,"United States",US,"North America"
MG-178751,"Michael Grace","Southeast Asia","Home Office",Yichun,"Western Australia","New Zealand",APAC,APAC
MG-178752,"Michael Grace",South,"Home Office","West Bromwich",Veneto,"United Kingdom",EU,EU
MG-178753,"Michael Grace",South,"Home Office",Zapopan,Tolima,Panama,LATAM,LATAM
MG-178754,"Michael Grace",South,"Home Office","New York City",Virginia,"United States",US,"North America"
MG-178901,"Michael Granlund","Southeast Asia","Home Office",Wellington,Wellington,Thailand,APAC,APAC
MG-178902,"Michael Granlund",North,"Home Office","The Hague",Stockholm,"United Kingdom",EU,EU
MG-178903,"Michael Granlund",South,"Home Office",Tegucigalpa,"Minas Gerais",Mexico,LATAM,LATAM
MG-178904,"Michael Granlund",West,"Home Office",Tigard,Oregon,"United States",US,"North America"
MG-181451,"Mike Gockenbach","Southeast Asia",Consumer,Wuhan,"Sumatera Barat","New Zealand",APAC,APAC
MG-181452,"Mike Gockenbach",North,Consumer,Luton,"Lower Saxony","United Kingdom",EU,EU
MG-181453,"Mike Gockenbach",South,Consumer,Tegucigalpa,Yoro,Nicaragua,LATAM,LATAM
MG-181454,"Mike Gockenbach",West,Consumer,Plano,Texas,"United States",US,"North America"
MG-182051,"Mitch Gastineau","Southeast Asia",Corporate,Thane,"Western Australia","New Zealand",APAC,APAC
MG-182052,"Mitch Gastineau",South,Corporate,Wolverhampton,Vienna,"United Kingdom",EU,EU
MG-182053,"Mitch Gastineau",South,Corporate,Tlalnepantla,"São Paulo",Nicaragua,LATAM,LATAM
MG-182054,"Mitch Gastineau",South,Corporate,Jacksonville,Florida,"United States",US,"North America"
MG-76501,"Matthew Grinstein",Africa,"Home Office",Roodepoort,Gauteng,"South Africa",Africa,Africa
MG-76801,"Maureen Gastineau",Africa,"Home Office",Tete,Tete,Nigeria,Africa,Africa
MG-76802,"Maureen Gastineau",EMEA,"Home Office",Mosul,"Razavi Khorasan",Turkey,EMEA,EMEA
MG-76951,"Maureen Gnade",Africa,Consumer,Mtwara,Mtwara,Tanzania,Africa,Africa
MG-76952,"Maureen Gnade",EMEA,Consumer,Vanadzor,Makkah,Turkey,EMEA,EMEA
MG-78751,"Michael Grace",Africa,"Home Office",Arusha,Arusha,Tanzania,Africa,Africa
MG-78901,"Michael Granlund",EMEA,"Home Office",Istanbul,Istanbul,Turkey,EMEA,EMEA
MG-81451,"Mike Gockenbach",Africa,Consumer,Lubumbashi,Katanga,Nigeria,Africa,Africa
MG-81452,"Mike Gockenbach",EMEA,Consumer,Rybinsk,Yaroslavl',Russia,EMEA,EMEA
MG-82051,"Mitch Gastineau",Africa,Corporate,Ndola,"Western Cape",Zambia,Africa,Africa
MG-82052,"Mitch Gastineau",Canada,Corporate,Regina,Saskatchewan,Canada,Canada,"North America"
MG-82053,"Mitch Gastineau",EMEA,Corporate,Suceava,Suceava,Turkey,EMEA,EMEA
MH-172901,"Marc Harrigan","Southeast Asia","Home Office",Tirunelveli,"Tamil Nadu",Vietnam,APAC,APAC
MH-172902,"Marc Harrigan",South,"Home Office",Paris,Sicily,Italy,EU,EU
MH-172903,"Marc Harrigan",South,"Home Office",Zapopan,"San Pedro de Macorís",Mexico,LATAM,LATAM
MH-172904,"Marc Harrigan",West,"Home Office","Santa Fe",Pennsylvania,"United States",US,"North America"
MH-174401,"Mark Haberlin","Southeast Asia",Corporate,Shashi,Victoria,Indonesia,APAC,APAC
MH-174402,"Mark Haberlin",South,Corporate,Rhondda,Wales,"United Kingdom",EU,EU
MH-174403,"Mark Haberlin",South,Corporate,Tapachula,Parana,Mexico,LATAM,LATAM
MH-174404,"Mark Haberlin",West,Corporate,"New York City",Texas,"United States",US,"North America"
MH-174551,"Mark Hamilton","Southeast Asia",Consumer,Tasikmalaya,Karnataka,Thailand,APAC,APAC
MH-174552,"Mark Hamilton",South,Consumer,Watford,"South Holland","United Kingdom",EU,EU
MH-174553,"Mark Hamilton",South,Consumer,Soyapango,"San Salvador",Venezuela,LATAM,LATAM
MH-174554,"Mark Hamilton",West,Consumer,Philadelphia,Pennsylvania,"United States",US,"North America"
MH-176201,"Matt Hagelstein","Southeast Asia",Corporate,Purwokerto,Victoria,Philippines,APAC,APAC
MH-176202,"Matt Hagelstein",South,Corporate,Venlo,"North Rhine-Westphalia",Spain,EU,EU
MH-176203,"Matt Hagelstein",South,Corporate,Toluca,Zacatecas,Nicaragua,LATAM,LATAM
MH-176204,"Matt Hagelstein",West,Corporate,"San Francisco",Texas,"United States",US,"North America"
MH-177851,"Maya Herman","Southeast Asia",Corporate,Wollongong,Victoria,Indonesia,APAC,APAC
MH-177852,"Maya Herman",North,Corporate,Vienna,Vienna,"United Kingdom",EU,EU
MH-177853,"Maya Herman",South,Corporate,"Villa Nueva",Yucatán,Mexico,LATAM,LATAM
MH-177854,"Maya Herman",West,Corporate,Seattle,Washington,"United States",US,"North America"
MH-180251,"Michelle Huthwaite",Oceania,Consumer,Adelaide,"South Australia",Australia,APAC,APAC
MH-180252,"Michelle Huthwaite",South,Consumer,Villejuif,Thuringia,Portugal,EU,EU
MH-180253,"Michelle Huthwaite",South,Consumer,Talara,Yucatán,Peru,LATAM,LATAM
MH-180254,"Michelle Huthwaite",West,Consumer,Seattle,Washington,"United States",US,"North America"
MH-181151,"Mick Hernandez","Southeast Asia","Home Office",Toowoomba,"Western Australia",Philippines,APAC,APAC
MH-181152,"Mick Hernandez",South,"Home Office",Turin,Piedmont,Italy,EU,EU
MH-181153,"Mick Hernandez",Central,"Home Office","San Pedro Sula",Panama,Panama,LATAM,LATAM
MH-181154,"Mick Hernandez",South,"Home Office",Yonkers,Texas,"United States",US,"North America"
MH-72901,"Marc Harrigan",Africa,"Home Office",Nampula,Nampula,Mozambique,Africa,Africa
MH-74401,"Mark Haberlin",Africa,Corporate,Mbuji-mayi,Maseru,"South Africa",Africa,Africa
MH-74402,"Mark Haberlin",Canada,Corporate,Kingston,Ontario,Canada,Canada,"North America"
MH-74403,"Mark Haberlin",EMEA,Corporate,"Tel Aviv","Tel Aviv",Israel,EMEA,EMEA
MH-74551,"Mark Hamilton",Africa,Consumer,Lagos,Orientale,Nigeria,Africa,Africa
MH-74552,"Mark Hamilton",EMEA,Consumer,Varna,Varna,Ukraine,EMEA,EMEA
MH-76201,"Matt Hagelstein",Africa,Corporate,Garoua,Nord,Egypt,Africa,Africa
MH-76202,"Matt Hagelstein",Canada,Corporate,Regina,Saskatchewan,Canada,Canada,"North America"
MH-76203,"Matt Hagelstein",EMEA,Corporate,Saqqez,Opole,Romania,EMEA,EMEA
MH-77851,"Maya Herman",Africa,Corporate,Soweto,Rabat-Salé-Zemmour-Zaer,"South Africa",Africa,Africa
MH-77852,"Maya Herman",EMEA,Corporate,Karaman,"Tel Aviv",Turkey,EMEA,EMEA
MH-80251,"Michelle Huthwaite",Africa,Consumer,Zaria,Savanes,Nigeria,Africa,Africa
MH-80252,"Michelle Huthwaite",Canada,Consumer,Mississauga,Ontario,Canada,Canada,"North America"
MH-80253,"Michelle Huthwaite",EMEA,Consumer,Sofia,"Tel Aviv",Ukraine,EMEA,EMEA
MH-81151,"Mick Hernandez",Africa,"Home Office",Pretoria,Southern,"South Africa",Africa,Africa
MH-81152,"Mick Hernandez",EMEA,"Home Office",Medina,Istanbul,Turkey,EMEA,EMEA
MJ-177401,"Max Jones",Oceania,Consumer,Wollongong,Victoria,India,APAC,APAC
MJ-177402,"Max Jones",North,Consumer,Wolverhampton,"Provence-Alpes-Côte d'Azur","United Kingdom",EU,EU
MJ-177403,"Max Jones",South,Consumer,"Tuxtla Gutiérrez","Santa Catarina",Mexico,LATAM,LATAM
MJ-177404,"Max Jones",West,Consumer,Seattle,Washington,"United States",US,"North America"
MJ-77401,"Max Jones",Africa,Consumer,"Wad Madani",Lagunes,Sudan,Africa,Africa
MJ-77402,"Max Jones",EMEA,Consumer,Bursa,Bursa,Turkey,EMEA,EMEA
MK-179051,"Michael Kennedy","Southeast Asia",Corporate,Yangon,Yangon,Vietnam,APAC,APAC
MK-179052,"Michael Kennedy",South,Corporate,Vienna,Vienna,"United Kingdom",EU,EU
MK-179053,"Michael Kennedy",South,Corporate,"Villa Nueva","Santiago de Cuba",Venezuela,LATAM,LATAM
MK-179054,"Michael Kennedy",West,Corporate,"San Diego",Wisconsin,"United States",US,"North America"
MK-181601,"Mike Kennedy","Southeast Asia",Consumer,Takamatsu,Wellington,"South Korea",APAC,APAC
MK-181602,"Mike Kennedy",North,Consumer,Stockholm,Stockholm,"United Kingdom",EU,EU
MK-181603,"Mike Kennedy",South,Consumer,Salvador,Sonora,Nicaragua,LATAM,LATAM
MK-181604,"Mike Kennedy",West,Consumer,"San Francisco",Virginia,"United States",US,"North America"
MK-79051,"Michael Kennedy",Africa,Corporate,Shagamu,Ogun,Tanzania,Africa,Africa
MK-79052,"Michael Kennedy",Canada,Corporate,Winnipeg,Manitoba,Canada,Canada,"North America"
MK-79053,"Michael Kennedy",EMEA,Corporate,Vienna,Vienna,Ukraine,EMEA,EMEA
MK-81601,"Mike Kennedy",Africa,Consumer,Casablanca,"Grand Casablanca",Morocco,Africa,Africa
MK-81602,"Mike Kennedy",Canada,Consumer,Toronto,Ontario,Canada,Canada,"North America"
MK-81603,"Mike Kennedy",EMEA,Consumer,Zilina,Žilina,Turkmenistan,EMEA,EMEA
ML-173951,"Marina Lichtenstein","Southeast Asia",Corporate,"Palmerston North",Queensland,"New Zealand",APAC,APAC
ML-173952,"Marina Lichtenstein",South,Corporate,Valladolid,Sicily,Spain,EU,EU
ML-173953,"Marina Lichtenstein",South,Corporate,"São Paulo","Villa Clara",Panama,LATAM,LATAM
ML-173954,"Marina Lichtenstein",West,Corporate,Seattle,Washington,"United States",US,"North America"
ML-174101,"Maris LaWare","Southeast Asia",Consumer,Zhanjiang,Yogyakarta,Singapore,APAC,APAC
ML-174102,"Maris LaWare",Central,Consumer,Lippstadt,"Pays de la Loire",Germany,EU,EU
ML-174103,"Maris LaWare",North,Consumer,Soyapango,Yucatán,Mexico,LATAM,LATAM
ML-174104,"Maris LaWare",West,Consumer,Phoenix,Pennsylvania,"United States",US,"North America"
ML-177551,"Max Ludwig","Southeast Asia","Home Office",Waitakere,Victoria,Thailand,APAC,APAC
ML-177552,"Max Ludwig",South,"Home Office",Uppsala,Uppsala,"United Kingdom",EU,EU
ML-177553,"Max Ludwig",South,"Home Office",Sinop,Veracruz,Nicaragua,LATAM,LATAM
ML-177554,"Max Ludwig",West,"Home Office",Toledo,Virginia,"United States",US,"North America"
ML-180401,"Michelle Lonsdale","Southeast Asia",Corporate,Shanghai,Wellington,"New Zealand",APAC,APAC
ML-180402,"Michelle Lonsdale",South,Corporate,Stockholm,Stockholm,"United Kingdom",EU,EU
ML-180403,"Michelle Lonsdale",South,Corporate,"San Miguelito","São Paulo",Panama,LATAM,LATAM
ML-180404,"Michelle Lonsdale",West,Corporate,"Missouri City",Texas,"United States",US,"North America"
ML-182651,"Muhammed Lee","Southeast Asia",Consumer,Nellore,"Western Australia",Pakistan,APAC,APAC
ML-182652,"Muhammed Lee",South,Consumer,Vienna,Vienna,"United Kingdom",EU,EU
ML-182653,"Muhammed Lee",South,Consumer,"Santo Domingo","Santo Domingo",Mexico,LATAM,LATAM
ML-182654,"Muhammed Lee",West,Consumer,Seattle,Washington,"United States",US,"North America"
ML-73951,"Marina Lichtenstein",Africa,Corporate,Tangier,Tanger-Tétouan,Nigeria,Africa,Africa
ML-73952,"Marina Lichtenstein",EMEA,Corporate,Vlore,Vlorë,Ukraine,EMEA,EMEA
ML-74101,"Maris LaWare",EMEA,Consumer,Eskisehir,Eskisehir,Turkey,EMEA,EMEA
ML-77551,"Max Ludwig",Africa,"Home Office",Soweto,Kinshasa,"South Africa",Africa,Africa
ML-77552,"Max Ludwig",Canada,"Home Office",Calgary,Alberta,Canada,Canada,"North America"
ML-77553,"Max Ludwig",EMEA,"Home Office",Tuzla,"Federation of Bosnia and Herzegovina",Romania,EMEA,EMEA
ML-80401,"Michelle Lonsdale",Africa,Corporate,Libreville,Lagunes,Sudan,Africa,Africa
ML-80402,"Michelle Lonsdale",Canada,Corporate,Winnipeg,Manitoba,Canada,Canada,"North America"
ML-80403,"Michelle Lonsdale",EMEA,Corporate,Kaunas,Kaunas,Turkey,EMEA,EMEA
ML-82651,"Muhammed Lee",Africa,Consumer,Libreville,Oyo,"South Africa",Africa,Africa
ML-82652,"Muhammed Lee",EMEA,Consumer,Riyadh,Lodz,Turkey,EMEA,EMEA
MM-172601,"Magdelene Morse","Southeast Asia",Consumer,Tianjin,"Western Australia",Malaysia,APAC,APAC
MM-172602,"Magdelene Morse",Central,Consumer,Vlaardingen,"South Holland",Netherlands,EU,EU
MM-172603,"Magdelene Morse",South,Consumer,"Santa Ana","Santa Fe",Panama,LATAM,LATAM
MM-172604,"Magdelene Morse",West,Consumer,Wilmington,Washington,"United States",US,"North America"
MM-179201,"Michael Moore","Southeast Asia",Consumer,Sanya,"Western Australia",Philippines,APAC,APAC
MM-179202,"Michael Moore",North,Consumer,Southend-on-Sea,"Pays de la Loire","United Kingdom",EU,EU
MM-179203,"Michael Moore",South,Consumer,Tegucigalpa,"Santo Domingo",Nicaragua,LATAM,LATAM
MM-179204,"Michael Moore",West,Consumer,Springfield,Virginia,"United States",US,"North America"
MM-180551,"Michelle Moray","Southeast Asia",Consumer,Manila,Queensland,Philippines,APAC,APAC
MM-180552,"Michelle Moray",South,Consumer,Tarragona,"Upper Austria","United Kingdom",EU,EU
MM-180553,"Michelle Moray",South,Consumer,Tlalpan,"Pinar del Río",Panama,LATAM,LATAM
MM-180554,"Michelle Moray",West,Consumer,Seattle,Washington,"United States",US,"North America"
MM-182801,"Muhammed MacIntyre","Southeast Asia",Corporate,Wollongong,"Western Australia",Philippines,APAC,APAC
MM-182802,"Muhammed MacIntyre",South,Corporate,Plymouth,Poitou-Charentes,"United Kingdom",EU,EU
MM-182803,"Muhammed MacIntyre",North,Corporate,Zapopan,"Santo Domingo",Panama,LATAM,LATAM
MM-182804,"Muhammed MacIntyre",West,Corporate,Smyrna,Washington,"United States",US,"North America"
MM-72601,"Magdelene Morse",Africa,Consumer,Pretoria,Gauteng,"South Africa",Africa,Africa
MM-72602,"Magdelene Morse",Canada,Consumer,"St. Catharines",Ontario,Canada,Canada,"North America"
MM-72603,"Magdelene Morse",EMEA,Consumer,Kartal,Jizan,Turkey,EMEA,EMEA
MM-79201,"Michael Moore",Africa,Consumer,Luanda,Luanda,Senegal,Africa,Africa
MM-79202,"Michael Moore",EMEA,Consumer,"An Nasiriyah","Dhi Qar",Iraq,EMEA,EMEA
MM-80551,"Michelle Moray",Africa,Consumer,Jos,Plateau,Senegal,Africa,Africa
MM-80552,"Michelle Moray",EMEA,Consumer,Yazd,Yazd,Turkey,EMEA,EMEA
MM-82801,"Muhammed MacIntyre",Africa,Corporate,"Port Elizabeth",Kasai-Occidental,"South Africa",Africa,Africa
MM-82802,"Muhammed MacIntyre",EMEA,Corporate,Ufa,Tartumaa,Ukraine,EMEA,EMEA
MN-179351,"Michael Nguyen","Southeast Asia",Consumer,Surabaya,"National Capital",Philippines,APAC,APAC
MN-179352,"Michael Nguyen",North,Consumer,Sheffield,Ile-de-France,"United Kingdom",EU,EU
MN-179353,"Michael Nguyen",South,Consumer,Tegucigalpa,"Santa Fe",Nicaragua,LATAM,LATAM
MN-179354,"Michael Nguyen",South,Consumer,Springfield,Texas,"United States",US,"North America"
MN-79351,"Michael Nguyen",Africa,Consumer,Toamasina,"Western Cape",Zimbabwe,Africa,Africa
MN-79352,"Michael Nguyen",EMEA,Consumer,Viransehir,Sanliurfa,Turkey,EMEA,EMEA
MO-175001,"Mary O'Rourke",Oceania,Consumer,Newcastle,Queensland,"New Zealand",APAC,APAC
MO-175002,"Mary O'Rourke",South,Consumer,Noisy-le-Sec,"Provence-Alpes-Côte d'Azur",Spain,EU,EU
MO-175003,"Mary O'Rourke",South,Consumer,Sucre,"São Paulo",Peru,LATAM,LATAM
MO-175004,"Mary O'Rourke",East,Consumer,"The Colony",Texas,"United States",US,"North America"
MO-178001,"Meg O'Connel","Southeast Asia","Home Office",Singapore,"Western Australia",Thailand,APAC,APAC
MO-178002,"Meg O'Connel",Central,"Home Office",Colombes,"Provence-Alpes-Côte d'Azur",Germany,EU,EU
MO-178003,"Meg O'Connel",North,"Home Office","Villa Nueva","Santo Domingo","Trinidad and Tobago",LATAM,LATAM
MO-178004,"Meg O'Connel",West,"Home Office",Spokane,Washington,"United States",US,"North America"
MO-179501,"Michael Oakman",Oceania,Consumer,Sydney,"New South Wales",Australia,APAC,APAC
MO-179502,"Michael Oakman",South,Consumer,Salamanca,Skåne,Sweden,EU,EU
MO-179503,"Michael Oakman",South,Consumer,Salvador,León,Nicaragua,LATAM,LATAM
MO-179504,"Michael Oakman",South,Consumer,Jacksonville,Texas,"United States",US,"North America"
MO-75001,"Mary O'Rourke",Africa,Consumer,Pretoria,Kampala,Uganda,Africa,Africa
MO-75002,"Mary O'Rourke",EMEA,Consumer,Vienna,Vienna,Turkey,EMEA,EMEA
MO-78001,"Meg O'Connel",Africa,"Home Office","Sidi Bel Abbes","Sidi Bel Abbes",Tanzania,Africa,Africa
MO-78002,"Meg O'Connel",EMEA,"Home Office",Istanbul,Stavropol',Turkey,EMEA,EMEA
MO-79501,"Michael Oakman",Africa,Consumer,Fes,Fès-Boulemane,Morocco,Africa,Africa
MO-79502,"Michael Oakman",EMEA,Consumer,Baghdad,Baghdad,Turkey,EMEA,EMEA
MP-174701,"Mark Packer","Southeast Asia","Home Office",Seoul,Victoria,"South Korea",APAC,APAC
MP-174702,"Mark Packer",South,"Home Office",Vigo,"North Rhine-Westphalia","United Kingdom",EU,EU
MP-174703,"Mark Packer",South,"Home Office","Tuxtla Gutiérrez","São Paulo",Peru,LATAM,LATAM
MP-174704,"Mark Packer",South,"Home Office",Smyrna,Texas,"United States",US,"North America"
MP-179651,"Michael Paige","Southeast Asia",Corporate,Semarang,"Western Australia",Vietnam,APAC,APAC
MP-179652,"Michael Paige",South,Corporate,Toulouse,Schleswig-Holstein,Spain,EU,EU
MP-179653,"Michael Paige",South,Corporate,Vassouras,Veracruz,Mexico,LATAM,LATAM
MP-179654,"Michael Paige",South,Corporate,Warwick,Texas,"United States",US,"North America"
MP-181751,"Mike Pelletier","Southeast Asia","Home Office",Yuci,"Western Australia",Vietnam,APAC,APAC
MP-181752,"Mike Pelletier",South,"Home Office",Prato,Tuscany,Spain,EU,EU
MP-181753,"Mike Pelletier",South,"Home Office","São Paulo",Sergipe,Panama,LATAM,LATAM
MP-181754,"Mike Pelletier",West,"Home Office",Troy,Wisconsin,"United States",US,"North America"
MP-74701,"Mark Packer",Africa,"Home Office",Lagos,Lagos,Nigeria,Africa,Africa
MP-79651,"Michael Paige",Africa,Corporate,Marrakech,"Marrakech-Tensift-El Haouz",Nigeria,Africa,Africa
MP-79652,"Michael Paige",EMEA,Corporate,"Ulan Bator",Ulaanbaatar,"Saudi Arabia",EMEA,EMEA
MP-81751,"Mike Pelletier",Africa,"Home Office","Port Elizabeth","Eastern Cape","South Africa",Africa,Africa
MP-81752,"Mike Pelletier",EMEA,"Home Office",Prague,Prague,Turkey,EMEA,EMEA
MR-175451,"Mathew Reese","Southeast Asia","Home Office",Wollongong,Victoria,Vietnam,APAC,APAC
MR-175452,"Mathew Reese",South,"Home Office",Villemomble,Rhineland-Palatinate,Italy,EU,EU
MR-175453,"Mathew Reese",North,"Home Office","Santa Clara","Villa Clara",Mexico,LATAM,LATAM
MR-175454,"Mathew Reese",West,"Home Office",Seattle,Washington,"United States",US,"North America"
MR-75451,"Mathew Reese",Africa,"Home Office",Yaounde,Gauteng,"South Africa",Africa,Africa
MR-75452,"Mathew Reese",EMEA,"Home Office",Warsaw,"Tel Aviv",Ukraine,EMEA,EMEA
MS-173651,"Maribeth Schnelling","Southeast Asia",Consumer,Xingtai,Selangor,Philippines,APAC,APAC
MS-173652,"Maribeth Schnelling",South,Consumer,Stuttgart,"North Rhine-Westphalia","United Kingdom",EU,EU
MS-173653,"Maribeth Schnelling",South,Consumer,"Villa Canales",Santiago,Nicaragua,LATAM,LATAM
MS-173654,"Maribeth Schnelling",West,Consumer,Wausau,Wisconsin,"United States",US,"North America"
MS-175301,"MaryBeth Skach","Southeast Asia",Consumer,Sydney,Yogyakarta,Japan,APAC,APAC
MS-175302,"MaryBeth Skach",North,Consumer,Sheffield,Tyrol,"United Kingdom",EU,EU
MS-175303,"MaryBeth Skach",South,Consumer,"Santa Ana","Santa Ana",Venezuela,LATAM,LATAM
MS-175304,"MaryBeth Skach",West,Consumer,Seattle,Washington,"United States",US,"North America"
MS-177101,"Maurice Satty","Southeast Asia",Consumer,Singapore,"Western Australia",Singapore,APAC,APAC
MS-177102,"Maurice Satty",South,Consumer,Tours,"Provence-Alpes-Côte d'Azur","United Kingdom",EU,EU
MS-177103,"Maurice Satty",South,Consumer,Soyapango,"San Salvador",Panama,LATAM,LATAM
MS-177104,"Maurice Satty",West,Consumer,Mesa,Texas,"United States",US,"North America"
MS-177701,"Maxwell Schwartz","Southeast Asia",Consumer,Wellington,Wellington,"South Korea",APAC,APAC
MS-177702,"Maxwell Schwartz",South,Consumer,Velbert,Scotland,"United Kingdom",EU,EU
MS-177703,"Maxwell Schwartz",South,Consumer,"Santo Domingo",Sinaloa,Venezuela,LATAM,LATAM
MS-177704,"Maxwell Schwartz",West,Consumer,Seattle,Washington,"United States",US,"North America"
MS-178301,"Melanie Seite","Southeast Asia",Consumer,Wollongong,"Western Australia",Japan,APAC,APAC
MS-178302,"Melanie Seite",South,Consumer,Seville,Saxony,"United Kingdom",EU,EU
MS-178303,"Melanie Seite",South,Consumer,"Villa Nueva","Santo Domingo",Nicaragua,LATAM,LATAM
MS-178304,"Melanie Seite",West,Consumer,Rochester,Texas,"United States",US,"North America"
MS-179801,"Michael Stewart","Southeast Asia",Corporate,"Phnom Penh",Telangana,"New Zealand",APAC,APAC
MS-179802,"Michael Stewart",South,Corporate,"Reggio nell'Emilia",Rhône-Alpes,"United Kingdom",EU,EU
MS-179803,"Michael Stewart",South,Corporate,Tijuana,Santiago,Venezuela,LATAM,LATAM
MS-179804,"Michael Stewart",East,Corporate,Springfield,Texas,"United States",US,"North America"
MS-73651,"Maribeth Schnelling",Africa,Consumer,Randfontein,Littoral,"South Africa",Africa,Africa
MS-73652,"Maribeth Schnelling",EMEA,Consumer,Baku,Baki,Azerbaijan,EMEA,EMEA
MS-75301,"MaryBeth Skach",Africa,Consumer,Antananarivo,Analamanga,Madagascar,Africa,Africa
MS-75302,"MaryBeth Skach",EMEA,Consumer,Takestan,Qazvin,Ukraine,EMEA,EMEA
MS-77101,"Maurice Satty",Africa,Consumer,Kinshasa,Kinshasa,Egypt,Africa,Africa
MS-77102,"Maurice Satty",EMEA,Consumer,Mosul,Ninawa,Ukraine,EMEA,EMEA
MS-77701,"Maxwell Schwartz",Africa,Consumer,Vanderbijlpark,"Vallee Du Bandama",Tunisia,Africa,Africa
MS-77702,"Maxwell Schwartz",EMEA,Consumer,Toguchin,Novosibirsk,Uzbekistan,EMEA,EMEA
MS-78301,"Melanie Seite",Africa,Consumer,Kinshasa,Kinshasa,"South Africa",Africa,Africa
MS-78302,"Melanie Seite",EMEA,Consumer,Sincan,"Salah Ad Din",Turkey,EMEA,EMEA
MS-79801,"Michael Stewart",Africa,Corporate,Enugu,Enugu,Nigeria,Africa,Africa
MS-79802,"Michael Stewart",EMEA,Corporate,Zanjan,Zanjan,Russia,EMEA,EMEA
MT-178151,"Meg Tillman","Southeast Asia",Consumer,Sydney,"Tỉnh Cần Thơ",Vietnam,APAC,APAC
MT-178152,"Meg Tillman",North,Consumer,Vienna,Vienna,"United Kingdom",EU,EU
MT-178153,"Meg Tillman",South,Consumer,Surubim,"Santo Domingo",Paraguay,LATAM,LATAM
MT-178154,"Meg Tillman",West,Consumer,Scottsdale,Texas,"United States",US,"North America"
MT-180701,"Michelle Tran","Southeast Asia","Home Office",Shulan,"Thủ Dô Hà Nội",Vietnam,APAC,APAC
MT-180702,"Michelle Tran",South,"Home Office",Toulon,"South Holland","United Kingdom",EU,EU
MT-180703,"Michelle Tran",North,"Home Office",Zapopan,México,Mexico,LATAM,LATAM
MT-180704,"Michelle Tran",West,"Home Office",Tulsa,Texas,"United States",US,"North America"
MT-78151,"Meg Tillman",Africa,Consumer,Tabora,Tabora,Tanzania,Africa,Africa
MT-78152,"Meg Tillman",EMEA,Consumer,Umraniye,Markazi,Turkey,EMEA,EMEA
MT-80701,"Michelle Tran",Africa,"Home Office",Makurdi,Suhaj,Nigeria,Africa,Africa
MT-80702,"Michelle Tran",EMEA,"Home Office",Sliven,Sliven,Turkey,EMEA,EMEA
MV-174851,"Mark Van Huff","Southeast Asia",Consumer,Singapore,Singapore,Vietnam,APAC,APAC
MV-174852,"Mark Van Huff",South,Consumer,Vienna,Vienna,Spain,EU,EU
MV-174853,"Mark Van Huff",South,Consumer,Zapopan,Sonora,Mexico,LATAM,LATAM
MV-174854,"Mark Van Huff",West,Consumer,Seattle,Washington,"United States",US,"North America"
MV-181901,"Mike Vittorini",Oceania,Consumer,Townsville,Tianjin,"South Korea",APAC,APAC
MV-181902,"Mike Vittorini",South,Consumer,Solna,Stockholm,"United Kingdom",EU,EU
MV-181903,"Mike Vittorini",South,Consumer,"Santo Domingo","Santo Domingo",Nicaragua,LATAM,LATAM
MV-181904,"Mike Vittorini",West,Consumer,"San Bernardino",Texas,"United States",US,"North America"
MV-74851,"Mark Van Huff",Africa,Consumer,Ndola,Copperbelt,Zambia,Africa,Africa
MV-74852,"Mark Van Huff",EMEA,Consumer,Qom,Qom,Ukraine,EMEA,EMEA
MV-81901,"Mike Vittorini",Africa,Consumer,"Port Elizabeth",Lagos,"South Africa",Africa,Africa
MV-81902,"Mike Vittorini",EMEA,Consumer,Riyadh,Ninawa,"Saudi Arabia",EMEA,EMEA
MW-182201,"Mitch Webber","Southeast Asia",Consumer,Pasig,"Western Australia",Philippines,APAC,APAC
MW-182202,"Mitch Webber",South,Consumer,Venice,Veneto,"United Kingdom",EU,EU
MW-182203,"Mitch Webber",South,Consumer,Vassouras,"Santo Domingo",Panama,LATAM,LATAM
MW-182204,"Mitch Webber",West,Consumer,Seattle,Washington,"United States",US,"North America"
MW-182351,"Mitch Willingham","Southeast Asia",Corporate,Sakai,"Thủ Dô Hà Nội",Vietnam,APAC,APAC
MW-182352,"Mitch Willingham",South,Corporate,Toledo,Stockholm,"United Kingdom",EU,EU
MW-182353,"Mitch Willingham",South,Corporate,Victoria,Tamaulipas,Mexico,LATAM,LATAM
MW-182354,"Mitch Willingham",West,Corporate,"Virginia Beach",Virginia,"United States",US,"North America"
MW-82201,"Mitch Webber",Africa,Consumer,"Wad Madani",Oran,Sudan,Africa,Africa
MW-82202,"Mitch Webber",EMEA,Consumer,Salavat,Makkah,Turkey,EMEA,EMEA
MW-82351,"Mitch Willingham",Africa,Corporate,Pretoria,Lagunes,"South Sudan",Africa,Africa
MW-82352,"Mitch Willingham",EMEA,Corporate,Kramators'k,Donetsk,Ukraine,EMEA,EMEA
MY-173801,"Maribeth Yedwab","Southeast Asia",Corporate,Waitakere,"Western Australia",Pakistan,APAC,APAC
MY-173802,"Maribeth Yedwab",South,Corporate,Valladolid,"Pays de la Loire",Spain,EU,EU
MY-173803,"Maribeth Yedwab",North,Corporate,Mixco,"Santiago de Cuba",Nicaragua,LATAM,LATAM
MY-173804,"Maribeth Yedwab",West,Corporate,"San Antonio",Texas,"United States",US,"North America"
MY-182951,"Muhammed Yedwab","Southeast Asia",Corporate,Xichang,Sichuan,Philippines,APAC,APAC
MY-182952,"Muhammed Yedwab",North,Corporate,"The Hague",Tyrol,Sweden,EU,EU
MY-182953,"Muhammed Yedwab",North,Corporate,"Santo Domingo",Veracruz,Nicaragua,LATAM,LATAM
MY-182954,"Muhammed Yedwab",West,Corporate,Philadelphia,Wisconsin,"United States",US,"North America"
MY-73801,"Maribeth Yedwab",Africa,Corporate,Kampala,Kampala,Uganda,Africa,Africa
MY-73802,"Maribeth Yedwab",EMEA,Corporate,Riyadh,"Ra's Al Khaymah","United Arab Emirates",EMEA,EMEA
MY-82951,"Muhammed Yedwab",Africa,Corporate,Lagos,"White Nile",Tanzania,Africa,Africa
MY-82952,"Muhammed Yedwab",EMEA,Corporate,Yaroslavl',Yaroslavl',Turkey,EMEA,EMEA
MZ-173351,"Maria Zettner","Southeast Asia","Home Office",Yangon,Yangon,"Myanmar (Burma)",APAC,APAC
MZ-173352,"Maria Zettner",South,"Home Office",Rome,Sicily,"United Kingdom",EU,EU
MZ-173353,"Maria Zettner",South,"Home Office",Valles,"Valle del Cauca",Nicaragua,LATAM,LATAM
MZ-173354,"Maria Zettner",West,"Home Office",Seattle,Washington,"United States",US,"North America"
MZ-175151,"Mary Zewe","Southeast Asia",Corporate,Yangon,Yangon,"Myanmar (Burma)",APAC,APAC
MZ-175152,"Mary Zewe",South,Corporate,Nantes,Skåne,Sweden,EU,EU
MZ-175153,"Mary Zewe",South,Corporate,"Nuevo Laredo",Tamaulipas,Mexico,LATAM,LATAM
MZ-175154,"Mary Zewe",West,Corporate,Seattle,Washington,"United States",US,"North America"
MZ-73351,"Maria Zettner",Africa,"Home Office",Khouribga,Chaouia-Ouardigha,Morocco,Africa,Africa
MZ-73352,"Maria Zettner",EMEA,"Home Office",Riyadh,Ordu,Turkey,EMEA,EMEA
MZ-75151,"Mary Zewe",Africa,Corporate,Ngaoundere,Northern,"South Africa",Africa,Africa
MZ-75152,"Mary Zewe",Canada,Corporate,Montréal,Quebec,Canada,Canada,"North America"
MZ-75153,"Mary Zewe",EMEA,Corporate,Shiraz,Pomerania,Poland,EMEA,EMEA
NB-185801,"Nicole Brennan","Southeast Asia",Corporate,"Phnom Penh","Phnom Penh",Philippines,APAC,APAC
NB-185802,"Nicole Brennan",North,Corporate,Ermont,Ile-de-France,"United Kingdom",EU,EU
NB-185803,"Nicole Brennan",South,Corporate,Resistencia,Querétaro,Panama,LATAM,LATAM
NB-185804,"Nicole Brennan",South,Corporate,Philadelphia,Pennsylvania,"United States",US,"North America"
NB-186551,"Nona Balk","Southeast Asia",Corporate,Zhongxiang,Shanghai,Indonesia,APAC,APAC
NB-186552,"Nona Balk",South,Corporate,Zamora,Valenciana,Spain,EU,EU
NB-186553,"Nona Balk",Central,Corporate,"Santo Domingo","Santo Domingo",Panama,LATAM,LATAM
NB-186554,"Nona Balk",West,Corporate,Tallahassee,Wisconsin,"United States",US,"North America"
NB-85801,"Nicole Brennan",Africa,Corporate,Pretoria,Niamey,"South Africa",Africa,Africa
NB-85802,"Nicole Brennan",Canada,Corporate,Montréal,Quebec,Canada,Canada,"North America"
NB-85803,"Nicole Brennan",EMEA,Corporate,Erzurum,Erzurum,Ukraine,EMEA,EMEA
NB-86551,"Nona Balk",Africa,Corporate,Likasi,Littoral,"Democratic Republic of the Congo",Africa,Africa
NB-86552,"Nona Balk",EMEA,Corporate,Izmir,Markazi,Turkey,EMEA,EMEA
NC-183401,"Nat Carroll","Southeast Asia",Consumer,Wollongong,Victoria,Pakistan,APAC,APAC
NC-183402,"Nat Carroll",Central,Consumer,Worms,Rhineland-Palatinate,Germany,EU,EU
NC-183403,"Nat Carroll",North,Consumer,"Santiago de Cuba","Santiago de Cuba",Mexico,LATAM,LATAM
NC-183404,"Nat Carroll",East,Consumer,"New York City",Texas,"United States",US,"North America"
NC-184151,"Nathan Cano","Southeast Asia",Consumer,Yushu,Tasmania,Thailand,APAC,APAC
NC-184152,"Nathan Cano",Central,Consumer,Witten,"North Rhine-Westphalia",Germany,EU,EU
NC-184153,"Nathan Cano",South,Consumer,"Santo Domingo","Santo Domingo",Nicaragua,LATAM,LATAM
NC-184154,"Nathan Cano",West,Consumer,Yonkers,Texas,"United States",US,"North America"
NC-185351,"Nick Crebassa",Oceania,Corporate,Taupo,Waikato,"New Zealand",APAC,APAC
NC-185352,"Nick Crebassa",South,Corporate,Quimper,Umbria,"United Kingdom",EU,EU
NC-185353,"Nick Crebassa",South,Corporate,Monterrey,"Nuevo León",Venezuela,LATAM,LATAM
NC-185354,"Nick Crebassa",West,Corporate,Seattle,Washington,"United States",US,"North America"
NC-186251,"Noah Childs","Southeast Asia",Corporate,Yueyang,Zhejiang,"South Korea",APAC,APAC
NC-186252,"Noah Childs",South,Corporate,Saint-Nazaire,"Pays de la Loire","United Kingdom",EU,EU
NC-186253,"Noah Childs",North,Corporate,Querétaro,Querétaro,Nicaragua,LATAM,LATAM
NC-186254,"Noah Childs",West,Corporate,York,Texas,"United States",US,"North America"
NC-83401,"Nat Carroll",Africa,Consumer,Saint-Louis,Saint-Louis,Senegal,Africa,Africa
NC-83402,"Nat Carroll",Canada,Consumer,Guelph,Ontario,Canada,Canada,"North America"
NC-83403,"Nat Carroll",EMEA,Consumer,Istanbul,Istanbul,Turkey,EMEA,EMEA
NC-84151,"Nathan Cano",Africa,Consumer,Maiduguri,Kano,Nigeria,Africa,Africa
NC-84152,"Nathan Cano",EMEA,Consumer,Tehran,Tehran,Ukraine,EMEA,EMEA
NC-85351,"Nick Crebassa",Africa,Corporate,Kinshasa,"Western Cape",Uganda,Africa,Africa
NC-85352,"Nick Crebassa",EMEA,Corporate,Vlore,Vlorë,Turkey,EMEA,EMEA
NC-86251,"Noah Childs",Africa,Corporate,Nzerekore,Nzérékoré,Guinea,Africa,Africa
NC-86252,"Noah Childs",Canada,Corporate,"St. John's",Newfoundland,Canada,Canada,"North America"
ND-183701,"Natalie DeCherney",Oceania,Consumer,Sydney,"New South Wales",India,APAC,APAC
ND-183702,"Natalie DeCherney",South,Consumer,Porto,Porto,"United Kingdom",EU,EU
ND-183703,"Natalie DeCherney",South,Consumer,Soyapango,"San Salvador",Mexico,LATAM,LATAM
ND-183704,"Natalie DeCherney",West,Consumer,"San Francisco",Texas,"United States",US,"North America"
ND-184601,"Neil Ducich","Southeast Asia",Corporate,Raipur,"Western Australia",Philippines,APAC,APAC
ND-184602,"Neil Ducich",South,Corporate,Madrid,Styria,"United Kingdom",EU,EU
ND-184603,"Neil Ducich",South,Corporate,Tijuana,Panama,Venezuela,LATAM,LATAM
ND-184604,"Neil Ducich",West,Corporate,"Mount Vernon",Virginia,"United States",US,"North America"
ND-83701,"Natalie DeCherney",Africa,Consumer,Kisumu,Plateau,Nigeria,Africa,Africa
ND-83702,"Natalie DeCherney",EMEA,Consumer,Timisoara,Volyn,Ukraine,EMEA,EMEA
ND-84601,"Neil Ducich",Africa,Corporate,"Victoria Falls","Matabeleland North",Zimbabwe,Africa,Africa
ND-84602,"Neil Ducich",Canada,Corporate,Toronto,Ontario,Canada,Canada,"North America"
ND-84603,"Neil Ducich",EMEA,Corporate,Usol'ye-Sibirskoye,"Tel Aviv",Russia,EMEA,EMEA
NF-183851,"Natalie Fritzler","Southeast Asia",Consumer,Xinzhou,Victoria,Philippines,APAC,APAC
NF-183852,"Natalie Fritzler",South,Consumer,Yerres,Tyrol,"United Kingdom",EU,EU
NF-183853,"Natalie Fritzler",North,Consumer,Petapa,Guatemala,Mexico,LATAM,LATAM
NF-183854,"Natalie Fritzler",South,Consumer,Wheeling,"West Virginia","United States",US,"North America"
NF-184751,"Neil Französisch","Southeast Asia","Home Office",Zhangjiakou,Zhejiang,Philippines,APAC,APAC
NF-184752,"Neil Französisch",North,"Home Office",Velsen,"South Holland","United Kingdom",EU,EU
NF-184753,"Neil Französisch",North,"Home Office",Tegucigalpa,Puebla,Nicaragua,LATAM,LATAM
NF-184754,"Neil Französisch",West,"Home Office",Rockford,Nevada,"United States",US,"North America"
NF-185951,"Nicole Fjeld","Southeast Asia","Home Office",Singapore,Yunnan,Singapore,APAC,APAC
NF-185952,"Nicole Fjeld",South,"Home Office",Sassari,Sardinia,"United Kingdom",EU,EU
NF-185953,"Nicole Fjeld",South,"Home Office",Soyapango,"Santo Domingo",Mexico,LATAM,LATAM
NF-185954,"Nicole Fjeld",West,"Home Office",Seattle,Washington,"United States",US,"North America"
NF-83851,"Natalie Fritzler",Africa,Consumer,Warri,Oyo,Zambia,Africa,Africa
NF-83852,"Natalie Fritzler",Canada,Consumer,Montréal,Quebec,Canada,Canada,"North America"
NF-83853,"Natalie Fritzler",EMEA,Consumer,Riyadh,Dnipropetrovs'k,Ukraine,EMEA,EMEA
NF-84751,"Neil Französisch",Africa,"Home Office","Port Elizabeth","Eastern Cape","South Africa",Africa,Africa
NF-84752,"Neil Französisch",Canada,"Home Office",Calgary,Alberta,Canada,Canada,"North America"
NF-84753,"Neil Französisch",EMEA,"Home Office",Qarshi,Qashqadaryo,Uzbekistan,EMEA,EMEA
NF-85951,"Nicole Fjeld",Africa,"Home Office",Lagos,Lagos,Nigeria,Africa,Africa
NF-85952,"Nicole Fjeld",EMEA,"Home Office",Pestovo,Tekirdag,Turkey,EMEA,EMEA
NG-183551,"Nat Gilpin","Southeast Asia",Corporate,Manila,"National Capital",Philippines,APAC,APAC
NG-183552,"Nat Gilpin",South,Corporate,Ronchin,Rhône-Alpes,Spain,EU,EU
NG-183553,"Nat Gilpin",North,Corporate,Torreón,"Santiago de Cuba",Mexico,LATAM,LATAM
NG-183554,"Nat Gilpin",South,Corporate,Newark,Ohio,"United States",US,"North America"
NG-184301,"Nathan Gelder","Southeast Asia",Consumer,Wollongong,"West Bengal",Philippines,APAC,APAC
NG-184302,"Nathan Gelder",South,Consumer,Vienna,Vienna,"United Kingdom",EU,EU
NG-184303,"Nathan Gelder",South,Consumer,Tlalnepantla,"Valle del Cauca",Mexico,LATAM,LATAM
NG-184304,"Nathan Gelder",West,Consumer,Quincy,Texas,"United States",US,"North America"
NG-83551,"Nat Gilpin",Africa,Corporate,Monrovia,Montserrado,Nigeria,Africa,Africa
NG-83552,"Nat Gilpin",Canada,Corporate,London,Ontario,Canada,Canada,"North America"
NG-83553,"Nat Gilpin",EMEA,Corporate,Mashhad,"Razavi Khorasan",Romania,EMEA,EMEA
NG-84301,"Nathan Gelder",Africa,Consumer,Harare,Harare,Zimbabwe,Africa,Africa
NG-84302,"Nathan Gelder",Canada,Consumer,Burnaby,"British Columbia",Canada,Canada,"North America"
NG-84303,"Nathan Gelder",EMEA,Consumer,Luhans'k,Luhans'k,Ukraine,EMEA,EMEA
NH-186101,"Nicole Hansen","Southeast Asia",Corporate,Yangon,Yangon,Philippines,APAC,APAC
NH-186102,"Nicole Hansen",Central,Corporate,Unna,"North Rhine-Westphalia",Germany,EU,EU
NH-186103,"Nicole Hansen",South,Corporate,"São Bernardo do Campo","São Paulo",Brazil,LATAM,LATAM
NH-186104,"Nicole Hansen",West,Corporate,Roswell,Texas,"United States",US,"North America"
NH-86101,"Nicole Hansen",Africa,Corporate,Shinyanga,Tadla-Azilal,Tanzania,Africa,Africa
NH-86102,"Nicole Hansen",Canada,Corporate,"North York",Ontario,Canada,Canada,"North America"
NH-86103,"Nicole Hansen",EMEA,Corporate,Yaroslavl',Yaroslavl',Turkey,EMEA,EMEA
NK-184901,"Neil Knudson","Southeast Asia","Home Office",Yangon,Yangon,Thailand,APAC,APAC
NK-184902,"Neil Knudson",South,"Home Office",Tournai,Madrid,"United Kingdom",EU,EU
NK-184903,"Neil Knudson",South,"Home Office","Villa Nueva","Santa Catarina",Panama,LATAM,LATAM
NK-184904,"Neil Knudson",West,"Home Office",Seattle,Washington,"United States",US,"North America"
NK-84901,"Neil Knudson",Africa,"Home Office",Rabat,Rabat-Salé-Zemmour-Zaer,Tanzania,Africa,Africa
NL-183101,"Nancy Lomonaco","Southeast Asia","Home Office",Yogyakarta,Yogyakarta,Thailand,APAC,APAC
NL-183102,"Nancy Lomonaco",North,"Home Office",Tallaght,Stockholm,"United Kingdom",EU,EU
NL-183103,"Nancy Lomonaco",Central,"Home Office","Villa Nueva","Santo Domingo",Guatemala,LATAM,LATAM
NL-183104,"Nancy Lomonaco",West,"Home Office","San Francisco",California,"United States",US,"North America"
NL-83101,"Nancy Lomonaco",Africa,"Home Office",Asyut,Asyut,Egypt,Africa,Africa
NL-83102,"Nancy Lomonaco",EMEA,"Home Office",Uskudar,Istanbul,Turkey,EMEA,EMEA
NM-184451,"Nathan Mautz","Southeast Asia","Home Office",Xi'an,"Western Australia",Thailand,APAC,APAC
NM-184452,"Nathan Mautz",South,"Home Office",Manchester,"Provence-Alpes-Côte d'Azur","United Kingdom",EU,EU
NM-184453,"Nathan Mautz",South,"Home Office","São Paulo","São Paulo","Trinidad and Tobago",LATAM,LATAM
NM-184454,"Nathan Mautz",West,"Home Office",Wichita,"New York","United States",US,"North America"
NM-185201,"Neoma Murray","Southeast Asia",Consumer,Toowoomba,Sindh,Vietnam,APAC,APAC
NM-185202,"Neoma Murray",South,Consumer,Vigo,Lazio,Spain,EU,EU
NM-185203,"Neoma Murray",South,Consumer,Monterrey,Santander,Mexico,LATAM,LATAM
NM-185204,"Neoma Murray",West,Consumer,Seattle,Washington,"United States",US,"North America"
NM-84451,"Nathan Mautz",Africa,"Home Office",Matola,Maputo,Mozambique,Africa,Africa
NM-84452,"Nathan Mautz",Canada,"Home Office",Montréal,Quebec,Canada,Canada,"North America"
NM-84453,"Nathan Mautz",EMEA,"Home Office",Riyadh,Maysan,Ukraine,EMEA,EMEA
NM-85201,"Neoma Murray",EMEA,Consumer,Termez,Surxondaryo,Uzbekistan,EMEA,EMEA
NP-183251,"Naresj Patel",Oceania,Consumer,Surat,Queensland,"New Zealand",APAC,APAC
NP-183252,"Naresj Patel",South,Consumer,Valdemoro,Tuscany,Spain,EU,EU
NP-183253,"Naresj Patel",South,Consumer,"Santiago de Cuba","Santiago de Cuba",Nicaragua,LATAM,LATAM
NP-183254,"Naresj Patel",West,Consumer,Waynesboro,Virginia,"United States",US,"North America"
NP-186701,"Nora Paige","Southeast Asia",Consumer,Toowoomba,Queensland,Indonesia,APAC,APAC
NP-186702,"Nora Paige",South,Consumer,Wetzlar,Valenciana,"United Kingdom",EU,EU
NP-186703,"Nora Paige",North,Consumer,Puebla,Puebla,Mexico,LATAM,LATAM
NP-186704,"Nora Paige",West,Consumer,Seattle,Washington,"United States",US,"North America"
NP-186851,"Nora Pelletier","Southeast Asia","Home Office",Yangon,Yangon,Vietnam,APAC,APAC
NP-186852,"Nora Pelletier",South,"Home Office",Seville,"South Denmark","United Kingdom",EU,EU
NP-186853,"Nora Pelletier",South,"Home Office","Valle Hermoso",Ucayali,Peru,LATAM,LATAM
NP-186854,"Nora Pelletier",West,"Home Office",Wilson,Washington,"United States",US,"North America"
NP-187001,"Nora Preis","Southeast Asia",Consumer,Tegal,"Uttar Pradesh",Indonesia,APAC,APAC
NP-187002,"Nora Preis",South,Consumer,"The Hague",Utrecht,Spain,EU,EU
NP-187003,"Nora Preis",South,Consumer,"Santo Domingo",Sonora,Mexico,LATAM,LATAM
NP-187004,"Nora Preis",West,Consumer,Seattle,Washington,"United States",US,"North America"
NP-83251,"Naresj Patel",Africa,Consumer,Sokoto,"White Nile",Sudan,Africa,Africa
NP-83252,"Naresj Patel",Canada,Consumer,Laval,Quebec,Canada,Canada,"North America"
NP-83253,"Naresj Patel",EMEA,Consumer,Zabol,"Sistan Va Baluchestan",Ukraine,EMEA,EMEA
NP-86701,"Nora Paige",Africa,Consumer,Johannesburg,Gauteng,"South Africa",Africa,Africa
NP-86702,"Nora Paige",EMEA,Consumer,Tbilisi,Tbilisi,Ukraine,EMEA,EMEA
NP-86851,"Nora Pelletier",Africa,"Home Office",Pretoria,Kayes,"South Africa",Africa,Africa
NP-86852,"Nora Pelletier",EMEA,"Home Office",Chernihiv,Chernihiv,Ukraine,EMEA,EMEA
NP-87001,"Nora Preis",Africa,Consumer,Kaduna,Kaduna,"South Africa",Africa,Africa
NP-87002,"Nora Preis",EMEA,Consumer,Mashhad,"Razavi Khorasan",Turkey,EMEA,EMEA
NR-185501,"Nick Radford","Southeast Asia",Consumer,Zhaoqing,"South Australia",Vietnam,APAC,APAC
NR-185502,"Nick Radford",South,Consumer,Paris,"Pays de la Loire","United Kingdom",EU,EU
NR-185503,"Nick Radford",South,Consumer,"Santa Clara",Zulia,Venezuela,LATAM,LATAM
NR-185504,"Nick Radford",West,Consumer,"Perth Amboy",Texas,"United States",US,"North America"
NR-85501,"Nick Radford",Africa,Consumer,Tangier,Tanger-Tétouan,Nigeria,Africa,Africa
NR-85502,"Nick Radford",EMEA,Consumer,Radom,Qashqadaryo,Uzbekistan,EMEA,EMEA
NS-185051,"Neola Schneider","Southeast Asia",Consumer,Manila,"Thủ Dô Hà Nội",Vietnam,APAC,APAC
NS-185052,"Neola Schneider",South,Consumer,Moulins,Liguria,"United Kingdom",EU,EU
NS-185053,"Neola Schneider",South,Consumer,Victoria,Tamaulipas,Peru,LATAM,LATAM
NS-185054,"Neola Schneider",West,Consumer,"San Jose",Texas,"United States",US,"North America"
NS-186401,"Noel Staavos","Southeast Asia",Corporate,Yangzhou,"New South Wales",Philippines,APAC,APAC
NS-186402,"Noel Staavos",South,Corporate,Verona,Veneto,"United Kingdom",EU,EU
NS-186403,"Noel Staavos",South,Corporate,Tegucigalpa,Veracruz,Nicaragua,LATAM,LATAM
NS-186404,"Noel Staavos",West,Corporate,"San Francisco",Texas,"United States",US,"North America"
NS-85051,"Neola Schneider",Africa,Consumer,Pretoria,Maritime,Togo,Africa,Africa
NS-85052,"Neola Schneider",EMEA,Consumer,Vilnius,Vilnius,Poland,EMEA,EMEA
NS-86401,"Noel Staavos",Africa,Corporate,Marrakech,Tanger-Tétouan,Uganda,Africa,Africa
NS-86402,"Noel Staavos",EMEA,Corporate,Vilnius,Vilnius,Turkey,EMEA,EMEA
NW-184001,"Natalie Webber","Southeast Asia",Consumer,Yangon,Yangon,"Myanmar (Burma)",APAC,APAC
NW-184002,"Natalie Webber",North,Consumer,Remscheid,"North Rhine-Westphalia","United Kingdom",EU,EU
NW-184003,"Natalie Webber",South,Consumer,"Santo Domingo","Santo Domingo",Panama,LATAM,LATAM
NW-184004,"Natalie Webber",West,Consumer,Waterloo,Pennsylvania,"United States",US,"North America"
NW-84001,"Natalie Webber",Africa,Consumer,Abidjan,Lagunes,"Cote d'Ivoire",Africa,Africa
NW-84002,"Natalie Webber",Canada,Consumer,"North York",Ontario,Canada,Canada,"North America"
NW-84003,"Natalie Webber",EMEA,Consumer,Sarajevo,Gaziantep,Turkey,EMEA,EMEA
NZ-185651,"Nick Zandusky",Oceania,"Home Office",Wodonga,Victoria,India,APAC,APAC
NZ-185652,"Nick Zandusky",South,"Home Office",Tulle,Lombardy,"United Kingdom",EU,EU
NZ-185653,"Nick Zandusky",South,"Home Office",Veracruz,Veracruz,Mexico,LATAM,LATAM
NZ-185654,"Nick Zandusky",West,"Home Office",Yuma,Washington,"United States",US,"North America"
NZ-85651,"Nick Zandusky",EMEA,"Home Office",Uskudar,Istanbul,Turkey,EMEA,EMEA
ON-187151,"Odella Nelson","Southeast Asia",Corporate,Visakhapatnam,Victoria,Indonesia,APAC,APAC
ON-187152,"Odella Nelson",South,Corporate,Vignola,Valenciana,"United Kingdom",EU,EU
ON-187153,"Odella Nelson",South,Corporate,"San Salvador","San Salvador",Nicaragua,LATAM,LATAM
ON-187154,"Odella Nelson",West,Corporate,Yucaipa,Texas,"United States",US,"North America"
ON-87151,"Odella Nelson",Africa,Corporate,Kinshasa,Kinshasa,Zimbabwe,Africa,Africa
ON-87152,"Odella Nelson",EMEA,Corporate,Tabuk,Tabuk,Ukraine,EMEA,EMEA
OT-187301,"Olvera Toch","Southeast Asia",Consumer,Yangon,Yangon,Vietnam,APAC,APAC
OT-187302,"Olvera Toch",South,Consumer,Velsen,Rhône-Alpes,"United Kingdom",EU,EU
OT-187303,"Olvera Toch",South,Consumer,Tlalnepantla,"Santo Domingo",Nicaragua,LATAM,LATAM
OT-187304,"Olvera Toch",West,Consumer,"Virginia Beach",Virginia,"United States",US,"North America"
OT-87301,"Olvera Toch",Africa,Consumer,Constantine,Constantine,"Democratic Republic of the Congo",Africa,Africa
OT-87302,"Olvera Toch",EMEA,Consumer,Qostanay,Qostanay,Romania,EMEA,EMEA
PA-190601,"Pete Armstrong","Southeast Asia","Home Office","Wagga Wagga","Western Australia",Philippines,APAC,APAC
PA-190602,"Pete Armstrong",North,"Home Office",Maidstone,Saxony-Anhalt,"United Kingdom",EU,EU
PA-190603,"Pete Armstrong",South,"Home Office",Tijuana,Tolima,Mexico,LATAM,LATAM
PA-190604,"Pete Armstrong",West,"Home Office","San Francisco",Wisconsin,"United States",US,"North America"
PA-90601,"Pete Armstrong",Africa,"Home Office",Rabat,Rabat-Salé-Zemmour-Zaer,"South Africa",Africa,Africa
PA-90602,"Pete Armstrong",EMEA,"Home Office",Warsaw,Sivas,Turkey,EMEA,EMEA
PB-188051,"Patrick Bzostek","Southeast Asia","Home Office",Jhansi,"Uttar Pradesh",Vietnam,APAC,APAC
PB-188052,"Patrick Bzostek",South,"Home Office",Torrevieja,Valenciana,Spain,EU,EU
PB-188053,"Patrick Bzostek",South,"Home Office",Managua,Yoro,Nicaragua,LATAM,LATAM
PB-188054,"Patrick Bzostek",West,"Home Office",Seattle,Washington,"United States",US,"North America"
PB-191051,"Peter Bühler",Oceania,Consumer,Toowoomba,Queensland,China,APAC,APAC
PB-191052,"Peter Bühler",South,Consumer,Sheffield,Lazio,"United Kingdom",EU,EU
PB-191053,"Peter Bühler",South,Consumer,"Ribeirão Preto","São Paulo",Mexico,LATAM,LATAM
PB-191054,"Peter Bühler",South,Consumer,Smyrna,Texas,"United States",US,"North America"
PB-191501,"Philip Brown","Southeast Asia",Consumer,Yangquan,Shanxi,Thailand,APAC,APAC
PB-191502,"Philip Brown",South,Consumer,Redditch,"Provence-Alpes-Côte d'Azur","United Kingdom",EU,EU
PB-191503,"Philip Brown",South,Consumer,Temixco,Puebla,Panama,LATAM,LATAM
PB-191504,"Philip Brown",West,Consumer,Seattle,Washington,"United States",US,"North America"
PB-192101,"Phillip Breyer","Southeast Asia",Corporate,Zhenjiang,Victoria,Thailand,APAC,APAC
PB-192102,"Phillip Breyer",South,Corporate,Stoke-on-Trent,"Upper Normandy","United Kingdom",EU,EU
PB-192103,"Phillip Breyer",South,Corporate,Tegucigalpa,Panama,Panama,LATAM,LATAM
PB-192104,"Phillip Breyer",East,Corporate,Tulsa,Pennsylvania,"United States",US,"North America"
PB-88051,"Patrick Bzostek",Africa,"Home Office",Ugep,Yobe,Nigeria,Africa,Africa
PB-88052,"Patrick Bzostek",Canada,"Home Office",Vaughan,Ontario,Canada,Canada,"North America"
PB-88053,"Patrick Bzostek",EMEA,"Home Office",Ufa,Tekirdag,Turkey,EMEA,EMEA
PB-91051,"Peter Bühler",EMEA,Consumer,Zagreb,Hrodna,Turkey,EMEA,EMEA
PB-91501,"Philip Brown",Africa,Consumer,Lagos,Lagos,Nigeria,Africa,Africa
PB-91502,"Philip Brown",EMEA,Consumer,"Ulan Bator",Ulaanbaatar,Turkey,EMEA,EMEA
PB-92101,"Phillip Breyer",Africa,Corporate,Enugu,Enugu,Tanzania,Africa,Africa
PB-92102,"Phillip Breyer",EMEA,Corporate,Taizz,"Tel Aviv",Yemen,EMEA,EMEA
PC-187451,"Pamela Coakley","Southeast Asia",Corporate,Yangon,Yangon,Vietnam,APAC,APAC
PC-187452,"Pamela Coakley",South,Corporate,Toledo,"Trentino-Alto Adige",Spain,EU,EU
PC-187453,"Pamela Coakley",North,Corporate,"Santiago de Cuba","Santiago de Cuba",Mexico,LATAM,LATAM
PC-187454,"Pamela Coakley",West,Corporate,Westfield,"New York","United States",US,"North America"
PC-190001,"Pauline Chand","Southeast Asia","Home Office",Toowoomba,Victoria,Philippines,APAC,APAC
PC-190002,"Pauline Chand",South,"Home Office",Wetzlar,Hesse,"United Kingdom",EU,EU
PC-190003,"Pauline Chand",North,"Home Office",Morelia,Michoacán,Mexico,LATAM,LATAM
PC-190004,"Pauline Chand",West,"Home Office","Los Angeles",California,"United States",US,"North America"
PC-87451,"Pamela Coakley",Africa,Corporate,Lome,Maritime,Togo,Africa,Africa
PC-87452,"Pamela Coakley",EMEA,Corporate,Vinnytsya,Vinnytsya,Ukraine,EMEA,EMEA
PC-90001,"Pauline Chand",Africa,"Home Office",Thika,Lagos,Nigeria,Africa,Africa
PC-90002,"Pauline Chand",Canada,"Home Office",Quebec,Quebec,Canada,Canada,"North America"
PF-191201,"Peter Fuller","Southeast Asia",Consumer,Waitakere,Queensland,Philippines,APAC,APAC
PF-191202,"Peter Fuller",South,Consumer,Strasbourg,Stockholm,Sweden,EU,EU
PF-191203,"Peter Fuller",South,Consumer,"San Salvador","Santiago de Cuba",Venezuela,LATAM,LATAM
PF-191204,"Peter Fuller",West,Consumer,"San Antonio",Texas,"United States",US,"North America"
PF-191651,"Philip Fox","Southeast Asia",Consumer,Takamatsu,Yogyakarta,Pakistan,APAC,APAC
PF-191652,"Philip Fox",North,Consumer,Stockport,"Provence-Alpes-Côte d'Azur","United Kingdom",EU,EU
PF-191653,"Philip Fox",South,Consumer,Zapopan,"São Paulo",Venezuela,LATAM,LATAM
PF-191654,"Philip Fox",West,Consumer,"Sandy Springs",Washington,"United States",US,"North America"
PF-192251,"Phillip Flathmann","Southeast Asia",Consumer,"Upper Hutt",Wellington,Philippines,APAC,APAC
PF-192252,"Phillip Flathmann",South,Consumer,Winterthur,Zürich,"United Kingdom",EU,EU
PF-192253,"Phillip Flathmann",South,Consumer,"São Paulo",Tamaulipas,Mexico,LATAM,LATAM
PF-192254,"Phillip Flathmann",West,Consumer,"San Francisco",Washington,"United States",US,"North America"
PF-91201,"Peter Fuller",Africa,Consumer,Tangier,Tanger-Tétouan,"South Africa",Africa,Africa
PF-91202,"Peter Fuller",Canada,Consumer,Calgary,Alberta,Canada,Canada,"North America"
PF-91203,"Peter Fuller",EMEA,Consumer,Zahedan,Vienna,Turkey,EMEA,EMEA
PF-91651,"Philip Fox",Africa,Consumer,Johannesburg,"Tizi Ouzou","South Africa",Africa,Africa
PF-91652,"Philip Fox",EMEA,Consumer,Nevsehir,"Razavi Khorasan",Turkey,EMEA,EMEA
PF-92251,"Phillip Flathmann",Africa,Consumer,Ngaoundere,Oyo,Nigeria,Africa,Africa
PF-92252,"Phillip Flathmann",EMEA,Consumer,Mardin,Mazandaran,Turkey,EMEA,EMEA
PG-188201,"Patrick Gardner","Southeast Asia",Consumer,Xuzhou,Punjab,Thailand,APAC,APAC
PG-188202,"Patrick Gardner",Central,Consumer,Troisdorf,Saxony-Anhalt,Germany,EU,EU
PG-188203,"Patrick Gardner",South,Consumer,"Vitória da Conquista",Vargas,Venezuela,LATAM,LATAM
PG-188204,"Patrick Gardner",West,Consumer,Smyrna,Texas,"United States",US,"North America"
PG-188951,"Paul Gonzalez","Southeast Asia",Consumer,Shenyang,Yunnan,Thailand,APAC,APAC
PG-188952,"Paul Gonzalez",South,Consumer,Treviso,Veneto,"United Kingdom",EU,EU
PG-188953,"Paul Gonzalez",South,Consumer,Mixco,Yucatán,Mexico,LATAM,LATAM
PG-188954,"Paul Gonzalez",West,Consumer,Springfield,Virginia,"United States",US,"North America"
PG-88201,"Patrick Gardner",Africa,Consumer,Chipata,Eastern,Zambia,Africa,Africa
PG-88202,"Patrick Gardner",EMEA,Consumer,Tripoli,"North Lebanon","United Arab Emirates",EMEA,EMEA
PG-88951,"Paul Gonzalez",Africa,Consumer,Lubumbashi,Nord,Morocco,Africa,Africa
PG-88952,"Paul Gonzalez",EMEA,Consumer,Yaroslavl',Yaroslavl',Turkey,EMEA,EMEA
PH-187901,"Patricia Hirasaki","Southeast Asia","Home Office",Wellington,"West Bengal",Philippines,APAC,APAC
PH-187902,"Patricia Hirasaki",Central,"Home Office",Amiens,Picardy,France,EU,EU
PH-187903,"Patricia Hirasaki",South,"Home Office","Villa Canales","São Paulo",Nicaragua,LATAM,LATAM
PH-187904,"Patricia Hirasaki",South,"Home Office",Lakeland,Florida,"United States",US,"North America"
PH-87901,"Patricia Hirasaki",Africa,"Home Office",Uvira,"South Kivu",Nigeria,Africa,Africa
PH-87902,"Patricia Hirasaki",EMEA,"Home Office",Warsaw,Masovia,Turkey,EMEA,EMEA
PJ-188351,"Patrick Jones",Oceania,Corporate,Wuxi,Victoria,"New Zealand",APAC,APAC
PJ-188352,"Patrick Jones",South,Corporate,Prato,Tuscany,Italy,EU,EU
PJ-188353,"Patrick Jones",South,Corporate,Zapopan,"Santo Domingo",Nicaragua,LATAM,LATAM
PJ-188354,"Patrick Jones",West,Corporate,Springfield,Washington,"United States",US,"North America"
PJ-190151,"Pauline Johnson","Southeast Asia",Consumer,Pontianak,Telangana,Indonesia,APAC,APAC
PJ-190152,"Pauline Johnson",North,Consumer,Margate,Groningen,"United Kingdom",EU,EU
PJ-190153,"Pauline Johnson",South,Consumer,Tepic,Táchira,Venezuela,LATAM,LATAM
PJ-190154,"Pauline Johnson",West,Consumer,"Santa Ana",Ohio,"United States",US,"North America"
PJ-88351,"Patrick Jones",Africa,Corporate,Tunis,Tunis,Tunisia,Africa,Africa
PJ-88352,"Patrick Jones",EMEA,Corporate,Istanbul,Istanbul,Turkey,EMEA,EMEA
PJ-90151,"Pauline Johnson",Africa,Consumer,Tangier,Tanger-Tétouan,Nigeria,Africa,Africa
PJ-90152,"Pauline Johnson",EMEA,Consumer,Kocaeli,Kocaeli,Ukraine,EMEA,EMEA
PK-189101,"Paul Knutson","Southeast Asia","Home Office",Pune,"Sumatera Utara","South Korea",APAC,APAC
PK-189102,"Paul Knutson",Central,"Home Office",Stolberg,Saxony-Anhalt,Germany,EU,EU
PK-189103,"Paul Knutson",South,"Home Office",Tijuana,"San Salvador",Nicaragua,LATAM,LATAM
PK-189104,"Paul Knutson",West,"Home Office","San Francisco",Pennsylvania,"United States",US,"North America"
PK-190751,"Pete Kriz","Southeast Asia",Consumer,Yangon,Yangon,"New Zealand",APAC,APAC
PK-190752,"Pete Kriz",South,Consumer,Stains,Uusimaa,"United Kingdom",EU,EU
PK-190753,"Pete Kriz",South,Consumer,Soyapango,"San Salvador",Nicaragua,LATAM,LATAM
PK-190754,"Pete Kriz",West,Consumer,"San Francisco",Wisconsin,"United States",US,"North America"
PK-89101,"Paul Knutson",EMEA,"Home Office",Qostanay,Qostanay,Ukraine,EMEA,EMEA
PK-90751,"Pete Kriz",Africa,Consumer,Kinshasa,Kinshasa,"Democratic Republic of the Congo",Africa,Africa
PK-90752,"Pete Kriz",EMEA,Consumer,Kayseri,Kayseri,Turkey,EMEA,EMEA
PL-189251,"Paul Lucas","Southeast Asia","Home Office",Yangon,Yangon,Philippines,APAC,APAC
PL-189252,"Paul Lucas",North,"Home Office",Nottingham,"Lower Saxony","United Kingdom",EU,EU
PL-189253,"Paul Lucas",South,"Home Office",Petapa,"Lima (city)",Peru,LATAM,LATAM
PL-189254,"Paul Lucas",West,"Home Office",Seattle,Washington,"United States",US,"North America"
PL-89251,"Paul Lucas",Africa,"Home Office",Taza,"Taza-Al Hoceima-Taounate",Morocco,Africa,Africa
PL-89252,"Paul Lucas",EMEA,"Home Office",Ahvaz,Khuzestan,Iran,EMEA,EMEA
PM-189401,"Paul MacIntyre","Southeast Asia",Consumer,Wollongong,"New South Wales",Indonesia,APAC,APAC
PM-189402,"Paul MacIntyre",North,Consumer,Wolverhampton,Stockholm,"United Kingdom",EU,EU
PM-189403,"Paul MacIntyre",South,Consumer,"Valle de La Pascua","Santo Domingo",Venezuela,LATAM,LATAM
PM-189404,"Paul MacIntyre",South,Consumer,"Texas City",Virginia,"United States",US,"North America"
PM-191351,"Peter McVee","Southeast Asia","Home Office",Manila,Victoria,Philippines,APAC,APAC
PM-191352,"Peter McVee",South,"Home Office","Talavera de la Reina",Scotland,"United Kingdom",EU,EU
PM-191353,"Peter McVee",South,"Home Office",Tepic,"São Paulo",Mexico,LATAM,LATAM
PM-191354,"Peter McVee",South,"Home Office","San Antonio",Texas,"United States",US,"North America"
PM-89401,"Paul MacIntyre",Africa,Consumer,Stellenbosch,"Western Cape",Zimbabwe,Africa,Africa
PM-89402,"Paul MacIntyre",EMEA,Consumer,Salzburg,Salzburg,Turkey,EMEA,EMEA
PM-91351,"Peter McVee",Africa,"Home Office","Port Said","Western Cape",Tanzania,Africa,Africa
PM-91352,"Peter McVee",EMEA,"Home Office",Tehran,Tehran,Turkey,EMEA,EMEA
PN-187751,"Parhena Norris","Southeast Asia","Home Office",Yangon,Yangon,"Myanmar (Burma)",APAC,APAC
PN-187752,"Parhena Norris",South,"Home Office",Ulm,Veneto,Spain,EU,EU
PN-187753,"Parhena Norris",South,"Home Office",León,"Nuevo León",Mexico,LATAM,LATAM
PN-187754,"Parhena Norris",West,"Home Office",Omaha,Tennessee,"United States",US,"North America"
PN-87751,"Parhena Norris",Africa,"Home Office",Fianarantsoa,"Vallee Du Bandama",Morocco,Africa,Africa
PN-87752,"Parhena Norris",EMEA,"Home Office",Mashhad,"Razavi Khorasan","Saudi Arabia",EMEA,EMEA
PO-188501,"Patrick O'Brill",Oceania,Consumer,Wollongong,"Tamil Nadu","South Korea",APAC,APAC
PO-188502,"Patrick O'Brill",South,Consumer,Zurich,Zürich,"United Kingdom",EU,EU
PO-188503,"Patrick O'Brill",South,Consumer,Tegucigalpa,"São Paulo",Mexico,LATAM,LATAM
PO-188504,"Patrick O'Brill",West,Consumer,"Virginia Beach",Virginia,"United States",US,"North America"
PO-188651,"Patrick O'Donnell","Southeast Asia",Consumer,Xi'an,Shaanxi,Philippines,APAC,APAC
PO-188652,"Patrick O'Donnell",South,Consumer,Velsen,Sicily,"United Kingdom",EU,EU
PO-188653,"Patrick O'Donnell",North,Consumer,"Santo Domingo",Yoro,Nicaragua,LATAM,LATAM
PO-188654,"Patrick O'Donnell",West,Consumer,Westland,"South Carolina","United States",US,"North America"
PO-191801,"Philisse Overcash","Southeast Asia","Home Office","San Jose del Monte",Shandong,Philippines,APAC,APAC
PO-191802,"Philisse Overcash",Central,"Home Office",Vienna,Vienna,Netherlands,EU,EU
PO-191803,"Philisse Overcash",South,"Home Office",Tegucigalpa,"São Paulo",Mexico,LATAM,LATAM
PO-191804,"Philisse Overcash",West,"Home Office",Seattle,Wisconsin,"United States",US,"North America"
PO-191951,"Phillina Ober","Southeast Asia","Home Office",Wodonga,Victoria,Thailand,APAC,APAC
PO-191952,"Phillina Ober",South,"Home Office",Stockholm,Uusimaa,Sweden,EU,EU
PO-191953,"Phillina Ober",South,"Home Office",Villahermosa,Tabasco,Venezuela,LATAM,LATAM
PO-191954,"Phillina Ober",West,"Home Office","San Francisco",Pennsylvania,"United States",US,"North America"
PO-88501,"Patrick O'Brill",Africa,Consumer,Pretoria,Gauteng,"South Africa",Africa,Africa
PO-88502,"Patrick O'Brill",EMEA,Consumer,Zagreb,"Razavi Khorasan",Iran,EMEA,EMEA
PO-88651,"Patrick O'Donnell",Africa,Consumer,Larache,Tanger-Tétouan,Nigeria,Africa,Africa
PO-88652,"Patrick O'Donnell",Canada,Consumer,Edmonton,Alberta,Canada,Canada,"North America"
PO-88653,"Patrick O'Donnell",EMEA,Consumer,Ajman,'Ajman,"United Arab Emirates",EMEA,EMEA
PO-91801,"Philisse Overcash",Africa,"Home Office",Kaduna,Oyo,Nigeria,Africa,Africa
PO-91802,"Philisse Overcash",Canada,"Home Office",Mississauga,Ontario,Canada,Canada,"North America"
PO-91803,"Philisse Overcash",EMEA,"Home Office",Yazd,Yazd,Russia,EMEA,EMEA
PO-91951,"Phillina Ober",Africa,"Home Office",Tangier,Tanger-Tétouan,Morocco,Africa,Africa
PO-91952,"Phillina Ober",Canada,"Home Office",Edmonton,Alberta,Canada,Canada,"North America"
PO-91953,"Phillina Ober",EMEA,"Home Office",Vilnius,Vilnius,Turkey,EMEA,EMEA
PP-189551,"Paul Prost","Southeast Asia","Home Office",Yichun,Tokyo,Japan,APAC,APAC
PP-189552,"Paul Prost",South,"Home Office",Wattrelos,Tuscany,Italy,EU,EU
PP-189553,"Paul Prost",Central,"Home Office","Villa Canales","Santo Domingo",Honduras,LATAM,LATAM
PP-189554,"Paul Prost",West,"Home Office",Springfield,Washington,"United States",US,"North America"
PP-89551,"Paul Prost",Africa,"Home Office",Maiduguri,Borno,Nigeria,Africa,Africa
PP-89552,"Paul Prost",EMEA,"Home Office",Bryansk,Bryansk,Russia,EMEA,EMEA
PR-188801,"Patrick Ryan","Southeast Asia",Consumer,Wollongong,Yunnan,Philippines,APAC,APAC
PR-188802,"Patrick Ryan",South,Consumer,Seville,Scotland,"United Kingdom",EU,EU
PR-188803,"Patrick Ryan",South,Consumer,Tegucigalpa,"São Paulo",Peru,LATAM,LATAM
PR-188804,"Patrick Ryan",West,Consumer,Tampa,Illinois,"United States",US,"North America"
PR-88801,"Patrick Ryan",Africa,Consumer,Kaduna,Kaduna,Nigeria,Africa,Africa
PR-88802,"Patrick Ryan",Canada,Consumer,Markham,Ontario,Canada,Canada,"North America"
PR-88803,"Patrick Ryan",EMEA,Consumer,Pavlodar,Pavlodar,Turkey,EMEA,EMEA
PS-187601,"Pamela Stobb","Southeast Asia",Consumer,Sydney,"Uttar Pradesh",Philippines,APAC,APAC
PS-187602,"Pamela Stobb",South,Consumer,Vienna,Vienna,"United Kingdom",EU,EU
PS-187603,"Pamela Stobb",South,Consumer,Zapopan,Veracruz,Mexico,LATAM,LATAM
PS-187604,"Pamela Stobb",West,Consumer,"San Antonio",Texas,"United States",US,"North America"
PS-189701,"Paul Stevenson","Southeast Asia","Home Office",Singapore,"West Bengal","South Korea",APAC,APAC
PS-189702,"Paul Stevenson",South,"Home Office",Turku,"Upper Normandy","United Kingdom",EU,EU
PS-189703,"Paul Stevenson",South,"Home Office",Sonsonate,Sonsonate,Mexico,LATAM,LATAM
PS-189704,"Paul Stevenson",West,"Home Office",Tulsa,Washington,"United States",US,"North America"
PS-190451,"Penelope Sewall","Southeast Asia","Home Office",Whangarei,Queensland,Vietnam,APAC,APAC
PS-190452,"Penelope Sewall",Central,"Home Office",Rostock,Rhône-Alpes,Germany,EU,EU
PS-190453,"Penelope Sewall",South,"Home Office","São Paulo","São Paulo",Panama,LATAM,LATAM
PS-190454,"Penelope Sewall",West,"Home Office","Sterling Heights",Virginia,"United States",US,"North America"
PS-87601,"Pamela Stobb",Africa,Consumer,Kikwit,Bandundu,"Democratic Republic of the Congo",Africa,Africa
PS-87602,"Pamela Stobb",EMEA,Consumer,Kaliningrad,Makkah,Turkmenistan,EMEA,EMEA
PS-89701,"Paul Stevenson",Africa,"Home Office",Hargeysa,"Woqooyi Galbeed",Somalia,Africa,Africa
PS-89702,"Paul Stevenson",EMEA,"Home Office",Sibiu,Sibiu,Turkey,EMEA,EMEA
PS-90451,"Penelope Sewall",Africa,"Home Office",Maxixe,Inhambane,Zambia,Africa,Africa
PS-90452,"Penelope Sewall",EMEA,"Home Office",Uskudar,Prague,Turkey,EMEA,EMEA
PT-190901,"Pete Takahito","Southeast Asia",Consumer,Melbourne,"Western Australia",Philippines,APAC,APAC
PT-190902,"Pete Takahito",South,Consumer,Salzburg,Salzburg,"United Kingdom",EU,EU
PT-190903,"Pete Takahito",South,Consumer,Tegucigalpa,Sonora,Mexico,LATAM,LATAM
PT-190904,"Pete Takahito",South,Consumer,"San Antonio",Texas,"United States",US,"North America"
PT-90901,"Pete Takahito",Africa,Consumer,Cairo,"Al Qahirah",Egypt,Africa,Africa
PT-90902,"Pete Takahito",EMEA,Consumer,Tripoli,"North Lebanon",Turkey,EMEA,EMEA
PV-189851,"Paul Van Hugh","Southeast Asia","Home Office",Ulsan,Victoria,"South Korea",APAC,APAC
PV-189852,"Paul Van Hugh",South,"Home Office",Waterlooville,"Provence-Alpes-Côte d'Azur","United Kingdom",EU,EU
PV-189853,"Paul Van Hugh",South,"Home Office","Santiago de Cuba","São Paulo",Panama,LATAM,LATAM
PV-189854,"Paul Van Hugh",West,"Home Office","San Francisco",Wisconsin,"United States",US,"North America"
PV-89851,"Paul Van Hugh",Africa,"Home Office",Yaounde,"Grand Casablanca",Zambia,Africa,Africa
PV-89852,"Paul Van Hugh",EMEA,"Home Office",Makhachkala,Dagestan,Turkey,EMEA,EMEA
PW-190301,"Pauline Webber","Southeast Asia",Corporate,Yangon,Yogyakarta,Thailand,APAC,APAC
PW-190302,"Pauline Webber",South,Corporate,Southend-on-Sea,Salzburg,"United Kingdom",EU,EU
PW-190303,"Pauline Webber",North,Corporate,Orizaba,Veracruz,"Trinidad and Tobago",LATAM,LATAM
PW-190304,"Pauline Webber",West,Corporate,Watertown,Washington,"United States",US,"North America"
PW-192401,"Pierre Wener","Southeast Asia",Consumer,Melbourne,Victoria,Thailand,APAC,APAC
PW-192402,"Pierre Wener",North,Consumer,Evry,Wales,"United Kingdom",EU,EU
PW-192403,"Pierre Wener",South,Consumer,"Tuxtla Gutiérrez","Santo Domingo",Panama,LATAM,LATAM
PW-192404,"Pierre Wener",West,Consumer,Wilmington,Texas,"United States",US,"North America"
PW-90301,"Pauline Webber",Africa,Corporate,Meknes,Meknès-Tafilalet,Nigeria,Africa,Africa
PW-90302,"Pauline Webber",EMEA,Corporate,Turkmenabat,Osh,Turkmenistan,EMEA,EMEA
PW-92401,"Pierre Wener",Africa,Consumer,Kisangani,Orientale,"South Africa",Africa,Africa
PW-92402,"Pierre Wener",EMEA,Consumer,Qarshi,Qashqadaryo,Uzbekistan,EMEA,EMEA
QJ-192551,"Quincy Jones","Southeast Asia",Corporate,Tauranga,Kagawa,Thailand,APAC,APAC
QJ-192552,"Quincy Jones",South,Corporate,Milan,"Lower Normandy",Italy,EU,EU
QJ-192553,"Quincy Jones",North,Corporate,Tegucigalpa,Sinaloa,Mexico,LATAM,LATAM
QJ-192554,"Quincy Jones",South,Corporate,Springfield,Virginia,"United States",US,"North America"
QJ-92551,"Quincy Jones",Africa,Corporate,"Thies Nones","Western Cape","South Africa",Africa,Africa
QJ-92552,"Quincy Jones",EMEA,Corporate,Panevezys,Panevezys,Turkey,EMEA,EMEA
RA-192851,"Ralph Arnett","North Asia",Consumer,Matsubara,Oita,Japan,APAC,APAC
RA-192852,"Ralph Arnett",South,Consumer,Valencia,Valenciana,Spain,EU,EU
RA-192853,"Ralph Arnett",South,Consumer,Quetzaltenango,Quezaltenango,Mexico,LATAM,LATAM
RA-192854,"Ralph Arnett",West,Consumer,"San Diego",Texas,"United States",US,"North America"
RA-198851,"Ruben Ausman","North Asia",Corporate,Wuhan,Maharashtra,India,APAC,APAC
RA-198852,"Ruben Ausman",North,Corporate,Woking,Vienna,"United Kingdom",EU,EU
RA-198853,"Ruben Ausman",North,Corporate,Zapopan,"Santiago de Cuba",Nicaragua,LATAM,LATAM
RA-198854,"Ruben Ausman",West,Corporate,"San Francisco","New Mexico","United States",US,"North America"
RA-199151,"Russell Applegate","Southeast Asia",Consumer,Weifang,Yogyakarta,Singapore,APAC,APAC
RA-199152,"Russell Applegate",South,Consumer,Odense,"South Denmark",Spain,EU,EU
RA-199153,"Russell Applegate",South,Consumer,Vilhena,"Santo Domingo",Peru,LATAM,LATAM
RA-199154,"Russell Applegate",West,Consumer,"New York City",Texas,"United States",US,"North America"
RA-199451,"Ryan Akin","Southeast Asia",Consumer,Perth,"Western Australia",Thailand,APAC,APAC
RA-199452,"Ryan Akin",South,Consumer,Rimini,"Upper Normandy",Italy,EU,EU
RA-199453,"Ryan Akin",South,Consumer,"São Paulo","São Paulo",Panama,LATAM,LATAM
RA-199454,"Ryan Akin",West,Consumer,Murrieta,Texas,"United States",US,"North America"
RA-92851,"Ralph Arnett",Africa,Consumer,"Port Harcourt",Rivers,"South Africa",Africa,Africa
RA-92852,"Ralph Arnett",Canada,Consumer,Longueuil,Quebec,Canada,Canada,"North America"
RA-92853,"Ralph Arnett",EMEA,Consumer,Neyshabur,"Razavi Khorasan",Turkey,EMEA,EMEA
RA-98851,"Ruben Ausman",Africa,Corporate,Kaduna,Kaduna,Nigeria,Africa,Africa
RA-98852,"Ruben Ausman",Canada,Corporate,Toronto,Ontario,Canada,Canada,"North America"
RA-98853,"Ruben Ausman",EMEA,Corporate,Poltava,Poltava,Ukraine,EMEA,EMEA
RA-99151,"Russell Applegate",Africa,Consumer,Lome,Maritime,Togo,Africa,Africa
RA-99152,"Russell Applegate",EMEA,Consumer,Khomeynishahr,Esfahan,Iran,EMEA,EMEA
RA-99451,"Ryan Akin",Africa,Consumer,Vereeniging,Kano,Zambia,Africa,Africa
RA-99452,"Ryan Akin",EMEA,Consumer,Olomouc,Olomouc,Ukraine,EMEA,EMEA
RB-193301,"Randy Bradley","Southeast Asia",Consumer,"Wagga Wagga","Western Australia",Philippines,APAC,APAC
RB-193302,"Randy Bradley",South,Consumer,Wattrelos,Schleswig-Holstein,"United Kingdom",EU,EU
RB-193303,"Randy Bradley",South,Consumer,Valles,Santiago,Mexico,LATAM,LATAM
RB-193304,"Randy Bradley",East,Consumer,Philadelphia,Texas,"United States",US,"North America"
RB-193601,"Raymond Buch","Southeast Asia",Consumer,Whangarei,Queensland,"New Zealand",APAC,APAC
RB-193602,"Raymond Buch",North,Consumer,Rotherham,Rhône-Alpes,"United Kingdom",EU,EU
RB-193603,"Raymond Buch",South,Consumer,"São Paulo",Veracruz,Panama,LATAM,LATAM
RB-193604,"Raymond Buch",West,Consumer,"Sioux Falls",Washington,"United States",US,"North America"
RB-194351,"Richard Bierner","Southeast Asia",Consumer,Yichun,Yogyakarta,Philippines,APAC,APAC
RB-194352,"Richard Bierner",North,Consumer,Nottingham,"South Denmark","United Kingdom",EU,EU
RB-194353,"Richard Bierner",South,Consumer,"Villa Nueva",Parana,Venezuela,LATAM,LATAM
RB-194354,"Richard Bierner",West,Consumer,Springfield,Virginia,"United States",US,"North America"
RB-194651,"Rick Bensley",Oceania,"Home Office",Tirunelveli,Victoria,Pakistan,APAC,APAC
RB-194652,"Rick Bensley",North,"Home Office",Zurich,Zürich,"United Kingdom",EU,EU
RB-194653,"Rick Bensley",South,"Home Office","Santo Domingo",Sinaloa,Nicaragua,LATAM,LATAM
RB-194654,"Rick Bensley",West,"Home Office",Vallejo,Washington,"United States",US,"North America"
RB-195701,"Rob Beeghly",Oceania,Consumer,Rajkot,Victoria,India,APAC,APAC
RB-195702,"Rob Beeghly",South,Consumer,Turin,Piedmont,"United Kingdom",EU,EU
RB-195703,"Rob Beeghly",South,Consumer,Tegucigalpa,Veracruz,Mexico,LATAM,LATAM
RB-195704,"Rob Beeghly",West,Consumer,Seattle,Washington,"United States",US,"North America"
RB-196451,"Robert Barroso","Southeast Asia",Corporate,Manila,"National Capital",Philippines,APAC,APAC
RB-196452,"Robert Barroso",South,Corporate,Torrevieja,Valenciana,Spain,EU,EU
RB-196453,"Robert Barroso",South,Corporate,"Villa Nueva","Santiago de Cuba",Panama,LATAM,LATAM
RB-196454,"Robert Barroso",West,Corporate,"North Las Vegas",Tennessee,"United States",US,"North America"
RB-197051,"Roger Barcio","Southeast Asia","Home Office",Zhuhai,"Sumatera Selatan",Vietnam,APAC,APAC
RB-197052,"Roger Barcio",South,"Home Office",Nantes,"Pays de la Loire",Spain,EU,EU
RB-197053,"Roger Barcio",South,"Home Office",Soyapango,"San Salvador",Peru,LATAM,LATAM
RB-197054,"Roger Barcio",West,"Home Office",Portland,Texas,"United States",US,"North America"
RB-197951,"Ross Baird","Southeast Asia","Home Office",Zhengzhou,Victoria,Indonesia,APAC,APAC
RB-197952,"Ross Baird",North,"Home Office",Vienna,Vienna,"United Kingdom",EU,EU
RB-197953,"Ross Baird",South,"Home Office",Valinhos,Sonora,Nicaragua,LATAM,LATAM
RB-197954,"Ross Baird",West,"Home Office","San Francisco",Pennsylvania,"United States",US,"North America"
RB-93301,"Randy Bradley",Africa,Consumer,Soweto,Kano,"South Africa",Africa,Africa
RB-93302,"Randy Bradley",EMEA,Consumer,Donets'k,Donetsk,Ukraine,EMEA,EMEA
RB-93601,"Raymond Buch",Africa,Consumer,Nairobi,Nairobi,Kenya,Africa,Africa
RB-93602,"Raymond Buch",EMEA,Consumer,Gaziantep,Gaziantep,Turkey,EMEA,EMEA
RB-94351,"Richard Bierner",Africa,Consumer,Umtata,Kinshasa,"South Africa",Africa,Africa
RB-94352,"Richard Bierner",EMEA,Consumer,Sumy,Sumy,Uzbekistan,EMEA,EMEA
RB-94651,"Rick Bensley",Africa,"Home Office",Mombasa,Coast,Kenya,Africa,Africa
RB-94652,"Rick Bensley",EMEA,"Home Office",Rybinsk,Yaroslavl',Russia,EMEA,EMEA
RB-95701,"Rob Beeghly",Africa,Consumer,Bulawayo,Bulawayo,Zimbabwe,Africa,Africa
RB-95702,"Rob Beeghly",EMEA,Consumer,Prague,Prague,Kazakhstan,EMEA,EMEA
RB-96451,"Robert Barroso",Africa,Corporate,Barika,Batna,Algeria,Africa,Africa
RB-96452,"Robert Barroso",EMEA,Corporate,Rasht,Gilan,Turkey,EMEA,EMEA
RB-97051,"Roger Barcio",Africa,"Home Office",Nairobi,Nairobi,Zambia,Africa,Africa
RB-97052,"Roger Barcio",Canada,"Home Office",Montréal,Quebec,Canada,Canada,"North America"
RB-97053,"Roger Barcio",EMEA,"Home Office",Riyadh,Pavlodar,Turkey,EMEA,EMEA
RB-97951,"Ross Baird",Africa,"Home Office",Lagos,Lagunes,Nigeria,Africa,Africa
RB-97952,"Ross Baird",EMEA,"Home Office",Vinnytsya,Vinnytsya,Ukraine,EMEA,EMEA
RC-198251,"Roy Collins","Southeast Asia",Consumer,Yangon,Yangon,Philippines,APAC,APAC
RC-198252,"Roy Collins",North,Consumer,Woking,Wales,"United Kingdom",EU,EU
RC-198253,"Roy Collins",South,Consumer,Tegucigalpa,Puno,Peru,LATAM,LATAM
RC-198254,"Roy Collins",West,Consumer,Pasadena,Virginia,"United States",US,"North America"
RC-199601,"Ryan Crowe","Southeast Asia",Consumer,Wenzhou,Zhejiang,"New Zealand",APAC,APAC
RC-199602,"Ryan Crowe",North,Consumer,Trier,Rhineland-Palatinate,"United Kingdom",EU,EU
RC-199603,"Ryan Crowe",South,Consumer,Sorocaba,"São Paulo",Honduras,LATAM,LATAM
RC-199604,"Ryan Crowe",West,Consumer,Springfield,Texas,"United States",US,"North America"
RC-98251,"Roy Collins",EMEA,Consumer,Budapest,Budapest,Hungary,EMEA,EMEA
RC-99601,"Ryan Crowe",Africa,Consumer,Oran,Oran,Zambia,Africa,Africa
RC-99602,"Ryan Crowe",EMEA,Consumer,Blagoveshchensk,Amur,Russia,EMEA,EMEA
RD-194801,"Rick Duston",Oceania,Consumer,Sylhet,Sylhet,Bangladesh,APAC,APAC
RD-194802,"Rick Duston",South,Consumer,Ponferrada,"Provence-Alpes-Côte d'Azur","United Kingdom",EU,EU
RD-194803,"Rick Duston",South,Consumer,Zapopan,Tamaulipas,Nicaragua,LATAM,LATAM
RD-194804,"Rick Duston",West,Consumer,"San Francisco",Washington,"United States",US,"North America"
RD-195851,"Rob Dowd","Southeast Asia",Consumer,Xinyi,Yogyakarta,Philippines,APAC,APAC
RD-195852,"Rob Dowd",South,Consumer,Willich,Valenciana,"United Kingdom",EU,EU
RD-195853,"Rob Dowd",South,Consumer,Zapopan,Zulia,Venezuela,LATAM,LATAM
RD-195854,"Rob Dowd",West,Consumer,Utica,Texas,"United States",US,"North America"
RD-196601,"Robert Dilbeck","Southeast Asia","Home Office",Sydney,"New South Wales",Vietnam,APAC,APAC
RD-196602,"Robert Dilbeck",South,"Home Office",Turin,Piedmont,"United Kingdom",EU,EU
RD-196603,"Robert Dilbeck",North,"Home Office",Tlalpan,"San Salvador",Nicaragua,LATAM,LATAM
RD-196604,"Robert Dilbeck",West,"Home Office",Seattle,Washington,"United States",US,"North America"
RD-197201,"Roger Demir","Southeast Asia",Consumer,Tianjin,Tianjin,Singapore,APAC,APAC
RD-197202,"Roger Demir",South,Consumer,Stockholm,Stockholm,"United Kingdom",EU,EU
RD-197203,"Roger Demir",South,Consumer,Tlaquepaque,"Santiago de Cuba",Mexico,LATAM,LATAM
RD-197204,"Roger Demir",West,Consumer,Seattle,Washington,"United States",US,"North America"
RD-198101,"Ross DeVincentis",Oceania,"Home Office",Wollongong,"Western Australia","New Zealand",APAC,APAC
RD-198102,"Ross DeVincentis",South,"Home Office",Tarragona,"North Rhine-Westphalia","United Kingdom",EU,EU
RD-198103,"Ross DeVincentis",South,"Home Office","Santo Domingo",Veracruz,Nicaragua,LATAM,LATAM
RD-198104,"Ross DeVincentis",West,"Home Office",Rochester,Texas,"United States",US,"North America"
RD-199001,"Ruben Dartt",Oceania,Consumer,Tokyo,Tokyo,"New Zealand",APAC,APAC
RD-199002,"Ruben Dartt",South,Consumer,Naples,Campania,Italy,EU,EU
RD-199003,"Ruben Dartt",South,Consumer,Sumaré,Tolima,Mexico,LATAM,LATAM
RD-199004,"Ruben Dartt",West,Consumer,"Thousand Oaks",Washington,"United States",US,"North America"
RD-199301,"Russell D'Ascenzo",Oceania,Consumer,Sydney,Victoria,"New Zealand",APAC,APAC
RD-199302,"Russell D'Ascenzo",South,Consumer,Santander,Geneva,Switzerland,EU,EU
RD-199303,"Russell D'Ascenzo",South,Consumer,"Villa Nueva",Valparaíso,Mexico,LATAM,LATAM
RD-199304,"Russell D'Ascenzo",West,Consumer,"Los Angeles",Texas,"United States",US,"North America"
RD-94801,"Rick Duston",Africa,Consumer,Meknes,Meknès-Tafilalet,Morocco,Africa,Africa
RD-94802,"Rick Duston",Canada,Consumer,Laval,Quebec,Canada,Canada,"North America"
RD-94803,"Rick Duston",EMEA,Consumer,Gubkin,Khuzestan,Russia,EMEA,EMEA
RD-95851,"Rob Dowd",Africa,Consumer,Zinder,Zinder,Sudan,Africa,Africa
RD-95852,"Rob Dowd",Canada,Consumer,Vancouver,"British Columbia",Canada,Canada,"North America"
RD-96601,"Robert Dilbeck",Africa,"Home Office",Sale,Rabat-Salé-Zemmour-Zaer,Nigeria,Africa,Africa
RD-96602,"Robert Dilbeck",Canada,"Home Office",Laval,Quebec,Canada,Canada,"North America"
RD-96603,"Robert Dilbeck",EMEA,"Home Office",Tbilisi,Vitsyebsk,Turkey,EMEA,EMEA
RD-97201,"Roger Demir",Africa,Consumer,Lagos,Lagos,Nigeria,Africa,Africa
RD-97202,"Roger Demir",EMEA,Consumer,Sofia,Sofiya-Grad,Turkey,EMEA,EMEA
RD-98101,"Ross DeVincentis",Africa,"Home Office",Nouakchott,"Western Cape",Zimbabwe,Africa,Africa
RD-98102,"Ross DeVincentis",EMEA,"Home Office",Istanbul,Istanbul,Turkey,EMEA,EMEA
RD-99001,"Ruben Dartt",Africa,Consumer,"Port Elizabeth",Misratah,"South Africa",Africa,Africa
RD-99002,"Ruben Dartt",EMEA,Consumer,Vinnytsya,Vinnytsya,Ukraine,EMEA,EMEA
RD-99301,"Russell D'Ascenzo",Africa,Consumer,Zaria,"Western Cape","South Africa",Africa,Africa
RD-99302,"Russell D'Ascenzo",EMEA,Consumer,Mashhad,"Razavi Khorasan",Ukraine,EMEA,EMEA
RE-194051,"Ricardo Emerson","Southeast Asia",Consumer,Yichun,"Western Australia",Philippines,APAC,APAC
RE-194052,"Ricardo Emerson",North,Consumer,Southend-on-Sea,England,"United Kingdom",EU,EU
RE-194053,"Ricardo Emerson",South,Consumer,"Santo Domingo","Santo Domingo",Mexico,LATAM,LATAM
RE-194054,"Ricardo Emerson",East,Consumer,Kent,Ohio,"United States",US,"North America"
RE-194501,"Richard Eichhorn","Southeast Asia",Consumer,Singapore,Singapore,Singapore,APAC,APAC
RE-194502,"Richard Eichhorn",South,Consumer,Ulm,"North Rhine-Westphalia",Portugal,EU,EU
RE-194503,"Richard Eichhorn",Caribbean,Consumer,"Santo Domingo","Santo Domingo","Dominican Republic",LATAM,LATAM
RE-194504,"Richard Eichhorn",West,Consumer,Oakland,Wisconsin,"United States",US,"North America"
RE-94051,"Ricardo Emerson",Africa,Consumer,"Fort Portal",Kabarole,Uganda,Africa,Africa
RE-94052,"Ricardo Emerson",EMEA,Consumer,Sofia,Sofiya-Grad,Russia,EMEA,EMEA
RE-94501,"Richard Eichhorn",Africa,Consumer,Lagos,"Woqooyi Galbeed","South Africa",Africa,Africa
RE-94502,"Richard Eichhorn",EMEA,Consumer,Sakaka,Markazi,Ukraine,EMEA,EMEA
RF-193451,"Randy Ferguson","Southeast Asia",Corporate,Xinxiang,"Uttar Pradesh",Philippines,APAC,APAC
RF-193452,"Randy Ferguson",South,Corporate,Rome,"Upper Austria",Spain,EU,EU
RF-193453,"Randy Ferguson",South,Corporate,Tegucigalpa,Santiago,Mexico,LATAM,LATAM
RF-193454,"Randy Ferguson",West,Corporate,Phoenix,"New York","United States",US,"North America"
RF-197351,"Roland Fjeld","Southeast Asia",Consumer,Yangon,Yangon,Philippines,APAC,APAC
RF-197352,"Roland Fjeld",North,Consumer,Pontoise,"Upper Normandy","United Kingdom",EU,EU
RF-197353,"Roland Fjeld",South,Consumer,Valparaíso,Valparaíso,Nicaragua,LATAM,LATAM
RF-197354,"Roland Fjeld",West,Consumer,Trenton,"South Carolina","United States",US,"North America"
RF-198401,"Roy Französisch",Oceania,Consumer,Shouguang,Victoria,"New Zealand",APAC,APAC
RF-198402,"Roy Französisch",South,Consumer,Solihull,Valenciana,"United Kingdom",EU,EU
RF-198403,"Roy Französisch",South,Consumer,Zapopan,"Villa Clara",Panama,LATAM,LATAM
RF-198404,"Roy Französisch",West,Consumer,Springfield,Virginia,"United States",US,"North America"
RF-93451,"Randy Ferguson",Africa,Corporate,Lusaka,Lusaka,Zambia,Africa,Africa
RF-93452,"Randy Ferguson",Canada,Corporate,Winnipeg,Manitoba,Canada,Canada,"North America"
RF-93453,"Randy Ferguson",EMEA,Corporate,Ufa,Bashkortostan,"Saudi Arabia",EMEA,EMEA
RF-97351,"Roland Fjeld",EMEA,Consumer,"Tel Aviv","Tel Aviv",Uzbekistan,EMEA,EMEA
RF-98401,"Roy Französisch",Africa,Consumer,Kano,Kano,Nigeria,Africa,Africa
RF-98402,"Roy Französisch",EMEA,Consumer,Riyadh,Qashqadaryo,Uzbekistan,EMEA,EMEA
RH-194951,"Rick Hansen","Southeast Asia",Consumer,Surabaya,Victoria,Vietnam,APAC,APAC
RH-194952,"Rick Hansen",South,Consumer,Toulouse,"Provence-Alpes-Côte d'Azur",Spain,EU,EU
RH-194953,"Rick Hansen",South,Consumer,"Valparaíso de Goiás",Tamaulipas,Mexico,LATAM,LATAM
RH-194954,"Rick Hansen",West,Consumer,Rochester,"New York","United States",US,"North America"
RH-195101,"Rick Huthwaite",Oceania,"Home Office",Mumbai,Victoria,India,APAC,APAC
RH-195102,"Rick Huthwaite",South,"Home Office",Wallasey,Limburg,"United Kingdom",EU,EU
RH-195103,"Rick Huthwaite",South,"Home Office",Valles,Yucatán,Mexico,LATAM,LATAM
RH-195104,"Rick Huthwaite",West,"Home Office","San Francisco",Utah,"United States",US,"North America"
RH-195551,"Ritsa Hightower","Southeast Asia",Consumer,Semarang,Waikato,Philippines,APAC,APAC
RH-195552,"Ritsa Hightower",South,Consumer,Nantes,"Upper Normandy","United Kingdom",EU,EU
RH-195553,"Ritsa Hightower",South,Consumer,"Santo Domingo","Santo Domingo",Mexico,LATAM,LATAM
RH-195554,"Ritsa Hightower",South,Consumer,Tallahassee,"North Carolina","United States",US,"North America"
RH-196001,"Rob Haberlin","Southeast Asia",Consumer,Yangon,Yangon,Vietnam,APAC,APAC
RH-196002,"Rob Haberlin",North,Consumer,Vienna,Vienna,Ireland,EU,EU
RH-196003,"Rob Haberlin",South,Consumer,Tegucigalpa,"San Salvador",Peru,LATAM,LATAM
RH-196004,"Rob Haberlin",South,Consumer,Huntsville,Virginia,"United States",US,"North America"
RH-94951,"Rick Hansen",Africa,Consumer,Dakar,Dakar,Senegal,Africa,Africa
RH-94952,"Rick Hansen",EMEA,Consumer,L'viv,L'viv,Ukraine,EMEA,EMEA
RH-95101,"Rick Huthwaite",Africa,"Home Office","Port Harcourt",Rivers,Nigeria,Africa,Africa
RH-95102,"Rick Huthwaite",EMEA,"Home Office",Ufa,Bashkortostan,Turkey,EMEA,EMEA
RH-95551,"Ritsa Hightower",Africa,Consumer,Uvinza,"Rift Valley",Tanzania,Africa,Africa
RH-95552,"Ritsa Hightower",EMEA,Consumer,"Stara Zagora","Stara Zagora","Saudi Arabia",EMEA,EMEA
RH-96001,"Rob Haberlin",Africa,Consumer,Tete,Tete,Tanzania,Africa,Africa
RH-96002,"Rob Haberlin",Canada,Consumer,Vancouver,"British Columbia",Canada,Canada,"North America"
RH-96003,"Rob Haberlin",EMEA,Consumer,Slupsk,Prahova,"Saudi Arabia",EMEA,EMEA
RK-193001,"Ralph Kennedy",Oceania,Consumer,Newcastle,"South Australia",India,APAC,APAC
RK-193002,"Ralph Kennedy",South,Consumer,Vesoul,Midi-Pyrénées,"United Kingdom",EU,EU
RK-193003,"Ralph Kennedy",South,Consumer,Tehuacán,Zulia,Venezuela,LATAM,LATAM
RK-193004,"Ralph Kennedy",East,Consumer,"South Bend",Pennsylvania,"United States",US,"North America"
RK-93001,"Ralph Kennedy",Africa,Consumer,Nairobi,Nairobi,Mali,Africa,Africa
RK-93002,"Ralph Kennedy",EMEA,Consumer,Berdychiv,Zhytomyr,Ukraine,EMEA,EMEA
RL-196151,"Rob Lucas",Oceania,Consumer,Newcastle,"Xinjiang Uygur",India,APAC,APAC
RL-196152,"Rob Lucas",South,Consumer,Unna,"North Rhine-Westphalia","United Kingdom",EU,EU
RL-196153,"Rob Lucas",South,Consumer,Soyapango,Sinaloa,Mexico,LATAM,LATAM
RL-196154,"Rob Lucas",West,Consumer,Philadelphia,Pennsylvania,"United States",US,"North America"
RL-96151,"Rob Lucas",Africa,Consumer,Warri,"Western Cape","South Africa",Africa,Africa
RL-96152,"Rob Lucas",EMEA,Consumer,Temirtau,Silesia,Ukraine,EMEA,EMEA
RM-193751,"Raymond Messe","Southeast Asia",Consumer,Townsville,"Western Australia",Thailand,APAC,APAC
RM-193752,"Raymond Messe",North,Consumer,Vichy,"South Holland","United Kingdom",EU,EU
RM-193753,"Raymond Messe",South,Consumer,Santiago,Santiago,Guatemala,LATAM,LATAM
RM-193754,"Raymond Messe",West,Consumer,"San Jose",Vermont,"United States",US,"North America"
RM-196751,"Robert Marley","Southeast Asia","Home Office","Ho Chi Minh City","Ho Chí Minh City",Vietnam,APAC,APAC
RM-196752,"Robert Marley",South,"Home Office",Villeurbanne,Vienna,"United Kingdom",EU,EU
RM-196753,"Robert Marley",South,"Home Office",Quibdó,"San Salvador","El Salvador",LATAM,LATAM
RM-196754,"Robert Marley",West,"Home Office","New York City","New York","United States",US,"North America"
RM-197501,"Roland Murray","Southeast Asia",Consumer,Sydney,Sichuan,Philippines,APAC,APAC
RM-197502,"Roland Murray",South,Consumer,Hamburg,Hesse,Italy,EU,EU
RM-197503,"Roland Murray",South,Consumer,Tlalpan,"Santo Domingo",Venezuela,LATAM,LATAM
RM-197504,"Roland Murray",East,Consumer,"New York City","New York","United States",US,"North America"
RM-93751,"Raymond Messe",Africa,Consumer,Luanda,"White Nile",Sudan,Africa,Africa
RM-93752,"Raymond Messe",EMEA,Consumer,Vratsa,Vratsa,Turkey,EMEA,EMEA
RM-96751,"Robert Marley",Africa,"Home Office",Kankan,Kankan,Guinea,Africa,Africa
RM-96752,"Robert Marley",Canada,"Home Office",Montréal,Quebec,Canada,Canada,"North America"
RM-96753,"Robert Marley",EMEA,"Home Office",Uskudar,Rivne,Ukraine,EMEA,EMEA
RM-97501,"Roland Murray",Africa,Consumer,Quelimane,Zambezia,Mozambique,Africa,Africa
RM-97502,"Roland Murray",EMEA,Consumer,Warsaw,Qaraghandy,Turkey,EMEA,EMEA
RO-197801,"Rose O'Brian","Southeast Asia",Consumer,Seremban,Wellington,"New Zealand",APAC,APAC
RO-197802,"Rose O'Brian",South,Consumer,Watford,Nord-Pas-de-Calais,"United Kingdom",EU,EU
RO-197803,"Rose O'Brian",South,Consumer,"Santa Cruz de la Sierra","São Paulo",Mexico,LATAM,LATAM
RO-197804,"Rose O'Brian",West,Consumer,Seattle,Washington,"United States",US,"North America"
RO-97801,"Rose O'Brian",Africa,Consumer,Oran,Oran,Morocco,Africa,Africa
RO-97802,"Rose O'Brian",EMEA,Consumer,Ceyhan,Bishkek,Turkey,EMEA,EMEA
RP-192701,"Rachel Payne","Southeast Asia",Corporate,Traralgon,Victoria,"South Korea",APAC,APAC
RP-192702,"Rachel Payne",South,Corporate,Stockholm,Stockholm,"United Kingdom",EU,EU
RP-192703,"Rachel Payne",South,Corporate,Tipitapa,"São Paulo",Nicaragua,LATAM,LATAM
RP-192704,"Rachel Payne",West,Corporate,Seattle,Washington,"United States",US,"North America"
RP-193901,"Resi Pölking","Southeast Asia",Consumer,Valenzuela,Queensland,Philippines,APAC,APAC
RP-193902,"Resi Pölking",South,Consumer,Sheffield,"Provence-Alpes-Côte d'Azur","United Kingdom",EU,EU
RP-193903,"Resi Pölking",South,Consumer,Torreón,"São Paulo",Venezuela,LATAM,LATAM
RP-193904,"Resi Pölking",West,Consumer,Thornton,Wisconsin,"United States",US,"North America"
RP-198551,"Roy Phan","Southeast Asia",Corporate,Yangon,Yangon,Thailand,APAC,APAC
RP-198552,"Roy Phan",South,Corporate,Stockholm,Wales,"United Kingdom",EU,EU
RP-198553,"Roy Phan",North,Corporate,"Santo Domingo",Sonora,Mexico,LATAM,LATAM
RP-198554,"Roy Phan",West,Corporate,Woodbury,Wisconsin,"United States",US,"North America"
RP-92701,"Rachel Payne",Africa,Corporate,Mwanza,Mwanza,Tanzania,Africa,Africa
RP-92702,"Rachel Payne",EMEA,Corporate,Uvarovo,Tambov,Russia,EMEA,EMEA
RP-93901,"Resi Pölking",Africa,Consumer,Pretoria,"Vallee Du Bandama",Zambia,Africa,Africa
RP-93902,"Resi Pölking",EMEA,Consumer,Riyadh,Gilan,"Saudi Arabia",EMEA,EMEA
RP-98551,"Roy Phan",Africa,Corporate,Luanda,Tadla-Azilal,Morocco,Africa,Africa
RP-98552,"Roy Phan",EMEA,Corporate,Vilnius,Vilnius,Turkey,EMEA,EMEA
RR-193151,"Ralph Ritter","Southeast Asia",Consumer,Wuchang,Victoria,"South Korea",APAC,APAC
RR-193152,"Ralph Ritter",South,Consumer,Parma,"North Rhine-Westphalia",Spain,EU,EU
RR-193153,"Ralph Ritter",South,Consumer,"San Bernardo",Santiago,Mexico,LATAM,LATAM
RR-193154,"Ralph Ritter",West,Consumer,"San Francisco",Illinois,"United States",US,"North America"
RR-195251,"Rick Reed","Southeast Asia",Corporate,Shanghai,Tasmania,Thailand,APAC,APAC
RR-195252,"Rick Reed",South,Corporate,Wasquehal,Scotland,"United Kingdom",EU,EU
RR-195253,"Rick Reed",South,Corporate,"Santo Domingo","Santo Domingo",Panama,LATAM,LATAM
RR-195254,"Rick Reed",South,Corporate,Toledo,Tennessee,"United States",US,"North America"
RR-93151,"Ralph Ritter",Africa,Consumer,Johannesburg,Gauteng,"South Africa",Africa,Africa
RR-93152,"Ralph Ritter",EMEA,Consumer,Rasht,Prague,Poland,EMEA,EMEA
RR-95251,"Rick Reed",Canada,Corporate,"North York",Ontario,Canada,Canada,"North America"
RR-95252,"Rick Reed",EMEA,Corporate,Zlatoust,Yalova,Turkey,EMEA,EMEA
RS-194201,"Ricardo Sperren","Southeast Asia",Corporate,Wollongong,Victoria,Nepal,APAC,APAC
RS-194202,"Ricardo Sperren",South,Corporate,Stockholm,Stockholm,"United Kingdom",EU,EU
RS-194203,"Ricardo Sperren",South,Corporate,Tlalpan,"São Paulo",Panama,LATAM,LATAM
RS-194204,"Ricardo Sperren",West,Corporate,Suffolk,Washington,"United States",US,"North America"
RS-197651,"Roland Schwarz","Southeast Asia",Corporate,Timaru,Singapore,Singapore,APAC,APAC
RS-197652,"Roland Schwarz",North,Corporate,Vienna,Vienna,"United Kingdom",EU,EU
RS-197653,"Roland Schwarz",South,Corporate,Villavicencio,"Santo Domingo",Nicaragua,LATAM,LATAM
RS-197654,"Roland Schwarz",West,Corporate,Waco,Texas,"United States",US,"North America"
RS-198701,"Roy Skaria",Oceania,"Home Office","Port Macquarie",Rajasthan,India,APAC,APAC
RS-198702,"Roy Skaria",North,"Home Office",Southend-on-Sea,"Pays de la Loire","United Kingdom",EU,EU
RS-198703,"Roy Skaria",South,"Home Office","São Paulo","São Paulo",Panama,LATAM,LATAM
RS-198704,"Roy Skaria",East,"Home Office",Philadelphia,Pennsylvania,"United States",US,"North America"
RS-94201,"Ricardo Sperren",Africa,Corporate,"Sidi Qacem",North-West,"South Africa",Africa,Africa
RS-94202,"Ricardo Sperren",Canada,Corporate,Winnipeg,Manitoba,Canada,Canada,"North America"
RS-94203,"Ricardo Sperren",EMEA,Corporate,Qarshi,Qashqadaryo,Uzbekistan,EMEA,EMEA
RS-97651,"Roland Schwarz",Africa,Corporate,Westonaria,"Greater Accra","South Africa",Africa,Africa
RS-97652,"Roland Schwarz",EMEA,Corporate,Ufa,Ivano-Frankivsk,Ukraine,EMEA,EMEA
RS-98701,"Roy Skaria",Africa,"Home Office",Yaounde,Gauteng,"South Africa",Africa,Africa
RS-98702,"Roy Skaria",EMEA,"Home Office",Sarajevo,"Federation of Bosnia and Herzegovina",Ukraine,EMEA,EMEA
RW-195401,"Rick Wilson",Oceania,Corporate,Sydney,"Western Australia",Pakistan,APAC,APAC
RW-195402,"Rick Wilson",South,Corporate,Sheffield,Vest-Agder,"United Kingdom",EU,EU
RW-195403,"Rick Wilson",North,Corporate,Tegucigalpa,"San Salvador",Mexico,LATAM,LATAM
RW-195404,"Rick Wilson",West,Corporate,Seattle,Washington,"United States",US,"North America"
RW-196301,"Rob Williams","Southeast Asia",Corporate,Newcastle,Saitama,Japan,APAC,APAC
RW-196302,"Rob Williams",South,Corporate,Montpellier,"Provence-Alpes-Côte d'Azur",Spain,EU,EU
RW-196303,"Rob Williams",South,Corporate,Surubim,Sonora,Nicaragua,LATAM,LATAM
RW-196304,"Rob Williams",West,Corporate,Torrance,Washington,"United States",US,"North America"
RW-196901,"Robert Waldorf","Southeast Asia",Consumer,Zhangzhou,Queensland,Japan,APAC,APAC
RW-196902,"Robert Waldorf",South,Consumer,Zurich,Zürich,"United Kingdom",EU,EU
RW-196903,"Robert Waldorf",South,Consumer,"Santa Clara","Villa Clara",Mexico,LATAM,LATAM
RW-196904,"Robert Waldorf",West,Consumer,Wilmington,Pennsylvania,"United States",US,"North America"
RW-95401,"Rick Wilson",Africa,Corporate,Tamale,"Western Cape","South Africa",Africa,Africa
RW-95402,"Rick Wilson",EMEA,Corporate,Slupsk,Prague,Turkey,EMEA,EMEA
RW-96301,"Rob Williams",Africa,Corporate,Natitingou,Atakora,Benin,Africa,Africa
RW-96302,"Rob Williams",Canada,Corporate,Hamilton,Ontario,Canada,Canada,"North America"
RW-96901,"Robert Waldorf",Africa,Consumer,"Dar es Salaam","Dar Es Salaam",Tanzania,Africa,Africa
RW-96902,"Robert Waldorf",EMEA,Consumer,Usol'ye-Sibirskoye,Kordestan,Turkmenistan,EMEA,EMEA
SA-108301,"Sue Ann Reed",Africa,Consumer,Tamale,Northern,"South Africa",Africa,Africa
SA-108302,"Sue Ann Reed",Canada,Consumer,"North York",Ontario,Canada,Canada,"North America"
SA-108303,"Sue Ann Reed",EMEA,Consumer,Viransehir,Sanliurfa,Turkey,EMEA,EMEA
SA-208301,"Sue Ann Reed","Southeast Asia",Consumer,Wollongong,"Western Visayas","South Korea",APAC,APAC
SA-208302,"Sue Ann Reed",North,Consumer,Vienna,Vienna,"United Kingdom",EU,EU
SA-208303,"Sue Ann Reed",South,Consumer,"Villa Frontera",Sonsonate,Panama,LATAM,LATAM
SA-208304,"Sue Ann Reed",West,Consumer,"San Jose",Virginia,"United States",US,"North America"
SB-101701,"Sarah Bern",Africa,Consumer,Mohammedia,"Grand Casablanca",Morocco,Africa,Africa
SB-101702,"Sarah Bern",EMEA,Consumer,Sincan,Istanbul,Turkey,EMEA,EMEA
SB-101851,"Sarah Brown",Africa,Consumer,Safi,Kaduna,Nigeria,Africa,Africa
SB-101852,"Sarah Brown",EMEA,Consumer,"Yanbu al Bahr",Ivanovo,"Saudi Arabia",EMEA,EMEA
SB-102901,"Sean Braxton",EMEA,Corporate,Medina,Istanbul,Turkey,EMEA,EMEA
SB-201701,"Sarah Bern","Southeast Asia",Consumer,Yangzhou,Yangon,"Myanmar (Burma)",APAC,APAC
SB-201702,"Sarah Bern",Central,Consumer,Vincennes,"Provence-Alpes-Côte d'Azur",Netherlands,EU,EU
SB-201703,"Sarah Bern",South,Consumer,Resende,"Santiago de Cuba",Cuba,LATAM,LATAM
SB-201704,"Sarah Bern",West,Consumer,"New York City","New York","United States",US,"North America"
SB-201851,"Sarah Brown","Southeast Asia",Consumer,Medan,"Sumatera Utara","South Korea",APAC,APAC
SB-201852,"Sarah Brown",South,Consumer,Tivoli,Tuscany,"United Kingdom",EU,EU
SB-201853,"Sarah Brown",South,Consumer,Uberaba,"São Paulo",Nicaragua,LATAM,LATAM
SB-201854,"Sarah Brown",West,Consumer,"New York City",Washington,"United States",US,"North America"
SB-202901,"Sean Braxton","Southeast Asia",Corporate,"Ho Chi Minh City","Xinjiang Uygur",Vietnam,APAC,APAC
SB-202902,"Sean Braxton",South,Corporate,Weston-super-Mare,Veneto,"United Kingdom",EU,EU
SB-202903,"Sean Braxton",South,Corporate,Vassouras,Veracruz,Mexico,LATAM,LATAM
SB-202904,"Sean Braxton",West,Corporate,Springfield,Texas,"United States",US,"North America"
SC-100201,"Sam Craven",Africa,Consumer,Luanda,Luanda,Angola,Africa,Africa
SC-100202,"Sam Craven",EMEA,Consumer,Timisoara,Timis,Turkey,EMEA,EMEA
SC-100501,"Sample Company A",Africa,"Home Office",Mwanza,Mwanza,Tanzania,Africa,Africa
SC-100502,"Sample Company A",EMEA,"Home Office",Magnitogorsk,Khuzestan,Turkey,EMEA,EMEA
SC-100951,"Sanjit Chand",Africa,Consumer,Sokoto,Sokoto,Nigeria,Africa,Africa
SC-100952,"Sanjit Chand",EMEA,Consumer,Mosul,Ninawa,Turkey,EMEA,EMEA
SC-102301,"Scot Coram",Africa,Corporate,Lagos,Lagos,Nigeria,Africa,Africa
SC-102302,"Scot Coram",EMEA,Corporate,Elbasan,Elbasan,Albania,EMEA,EMEA
SC-102601,"Scott Cohen",Canada,Corporate,Toronto,Ontario,Canada,Canada,"North America"
SC-102602,"Scott Cohen",EMEA,Corporate,Khorramabad,Makkah,Turkey,EMEA,EMEA
SC-103051,"Sean Christensen",Africa,Consumer,Lubumbashi,Luanda,Nigeria,Africa,Africa
SC-103052,"Sean Christensen",EMEA,Consumer,"Ramat Gan","Tel Aviv",Israel,EMEA,EMEA
SC-103801,"Shahid Collister",Africa,Consumer,Tangier,Tanger-Tétouan,Morocco,Africa,Africa
SC-103802,"Shahid Collister",EMEA,Consumer,Qom,Qom,Syria,EMEA,EMEA
SC-104401,"Shaun Chance",Africa,Corporate,Lagos,Lagos,Nigeria,Africa,Africa
SC-104402,"Shaun Chance",EMEA,Corporate,Ankara,Ankara,Turkey,EMEA,EMEA
SC-105751,"Sonia Cooley",EMEA,Consumer,"Kryvyy Rih",Dnipropetrovs'k,Ukraine,EMEA,EMEA
SC-106801,"Steve Carroll",Africa,"Home Office",Niamey,Niamey,Niger,Africa,Africa
SC-106802,"Steve Carroll",EMEA,"Home Office",Kutahya,Silesia,Turkey,EMEA,EMEA
SC-106951,"Steve Chapman",Africa,Corporate,"Port Elizabeth","Free State","South Africa",Africa,Africa
SC-106952,"Steve Chapman",EMEA,Corporate,Pavlodar,Pavlodar,Kazakhstan,EMEA,EMEA
SC-107251,"Steven Cartwright",Africa,Consumer,Mogadishu,Lagos,Somalia,Africa,Africa
SC-107252,"Steven Cartwright",EMEA,Consumer,Ufa,Istanbul,Turkey,EMEA,EMEA
SC-107701,"Stewart Carmichael",Africa,Corporate,Kalemie,Katanga,"Democratic Republic of the Congo",Africa,Africa
SC-107702,"Stewart Carmichael",Canada,Corporate,Montréal,Quebec,Canada,Canada,"North America"
SC-107703,"Stewart Carmichael",EMEA,Corporate,Zahedan,Tekirdag,Turkmenistan,EMEA,EMEA
SC-108001,"Stuart Calhoun",Africa,Consumer,"Benin City",Edo,Nigeria,Africa,Africa
SC-108002,"Stuart Calhoun",EMEA,Consumer,Kermanshah,Kermanshah,Iran,EMEA,EMEA
SC-108451,"Sung Chung",Africa,Consumer,Nouakchott,Nouakchott,Mauritania,Africa,Africa
SC-108452,"Sung Chung",EMEA,Consumer,Nizhyn,Dnipropetrovs'k,Ukraine,EMEA,EMEA
SC-200201,"Sam Craven","Southeast Asia",Consumer,Tokyo,Uttarakhand,Japan,APAC,APAC
SC-200202,"Sam Craven",North,Consumer,Vienna,Vienna,"United Kingdom",EU,EU
SC-200203,"Sam Craven",South,Consumer,Teziutlán,"Santo Domingo",Mexico,LATAM,LATAM
SC-200204,"Sam Craven",East,Consumer,Plano,Texas,"United States",US,"North America"
SC-200501,"Sample Company A","Southeast Asia","Home Office",Takatsuki,"West Bengal",Philippines,APAC,APAC
SC-200502,"Sample Company A",South,"Home Office",Tilburg,"North Brabant","United Kingdom",EU,EU
SC-200503,"Sample Company A",South,"Home Office",Tegucigalpa,Yucatán,Mexico,LATAM,LATAM
SC-200504,"Sample Company A",West,"Home Office",Norwich,Texas,"United States",US,"North America"
SC-200951,"Sanjit Chand","Southeast Asia",Consumer,Taipei,"Western Australia",Taiwan,APAC,APAC
SC-200952,"Sanjit Chand",South,Consumer,Toulouse,Rhône-Alpes,"United Kingdom",EU,EU
SC-200953,"Sanjit Chand",South,Consumer,Tegucigalpa,"San Salvador",Nicaragua,LATAM,LATAM
SC-200954,"Sanjit Chand",West,Consumer,"West Jordan",Utah,"United States",US,"North America"
SC-202301,"Scot Coram",Oceania,Corporate,Traralgon,Victoria,Pakistan,APAC,APAC
SC-202302,"Scot Coram",South,Corporate,Turin,Stockholm,"United Kingdom",EU,EU
SC-202303,"Scot Coram",North,Corporate,Querétaro,Querétaro,Mexico,LATAM,LATAM
SC-202304,"Scot Coram",West,Corporate,Seattle,Washington,"United States",US,"North America"
SC-202601,"Scott Cohen","Southeast Asia",Corporate,Melbourne,Victoria,Vietnam,APAC,APAC
SC-202602,"Scott Cohen",South,Corporate,Rome,Umbria,"United Kingdom",EU,EU
SC-202603,"Scott Cohen",South,Corporate,Zapopan,Jalisco,Mexico,LATAM,LATAM
SC-202604,"Scott Cohen",West,Corporate,Seattle,Washington,"United States",US,"North America"
SC-203051,"Sean Christensen","Southeast Asia",Consumer,Yangon,Yangon,"New Zealand",APAC,APAC
SC-203052,"Sean Christensen",South,Consumer,Toulouse,Valenciana,"United Kingdom",EU,EU
SC-203053,"Sean Christensen",North,Consumer,"Sancti Spíritus","Sancti Spíritus",Nicaragua,LATAM,LATAM
SC-203054,"Sean Christensen",West,Consumer,"San Jose",Texas,"United States",US,"North America"
SC-203801,"Shahid Collister","Southeast Asia",Consumer,Taiyuan,"Tamil Nadu",Vietnam,APAC,APAC
SC-203802,"Shahid Collister",South,Consumer,Villenave-d'Ornon,"Västra Götaland","United Kingdom",EU,EU
SC-203803,"Shahid Collister",South,Consumer,Querétaro,Querétaro,Venezuela,LATAM,LATAM
SC-203804,"Shahid Collister",West,Consumer,Seattle,Washington,"United States",US,"North America"
SC-204401,"Shaun Chance","Southeast Asia",Corporate,Townsville,"Sumatera Utara",Pakistan,APAC,APAC
SC-204402,"Shaun Chance",South,Corporate,London,England,"United Kingdom",EU,EU
SC-204403,"Shaun Chance",South,Corporate,Victoria,Tamaulipas,Mexico,LATAM,LATAM
SC-204404,"Shaun Chance",West,Corporate,Philadelphia,Pennsylvania,"United States",US,"North America"
SC-205751,"Sonia Cooley","Southeast Asia",Consumer,Wodonga,Wellington,Singapore,APAC,APAC
SC-205752,"Sonia Cooley",North,Consumer,Thonon-les-Bains,Stockholm,"United Kingdom",EU,EU
SC-205753,"Sonia Cooley",South,Consumer,Torreón,Yoro,Mexico,LATAM,LATAM
SC-205754,"Sonia Cooley",West,Consumer,Mishawaka,"Rhode Island","United States",US,"North America"
SC-206801,"Steve Carroll","Southeast Asia","Home Office","Phnom Penh",Sichuan,Vietnam,APAC,APAC
SC-206802,"Steve Carroll",South,"Home Office",Zeist,Utrecht,Netherlands,EU,EU
SC-206803,"Steve Carroll",South,"Home Office",Tijuana,Morelos,Mexico,LATAM,LATAM
SC-206804,"Steve Carroll",West,"Home Office",Seattle,Washington,"United States",US,"North America"
SC-206951,"Steve Chapman","Southeast Asia",Corporate,Zhuhai,"South Australia",Vietnam,APAC,APAC
SC-206952,"Steve Chapman",South,Corporate,Vienna,Vienna,"United Kingdom",EU,EU
SC-206953,"Steve Chapman",South,Corporate,Soyapango,"Santo Domingo",Panama,LATAM,LATAM
SC-206954,"Steve Chapman",South,Corporate,Springfield,Wisconsin,"United States",US,"North America"
SC-207251,"Steven Cartwright","North Asia",Consumer,Hyderabad,Telangana,India,APAC,APAC
SC-207252,"Steven Cartwright",South,Consumer,Villach,"North Rhine-Westphalia","United Kingdom",EU,EU
SC-207253,"Steven Cartwright",South,Consumer,"Vitória da Conquista",Yucatán,Nicaragua,LATAM,LATAM
SC-207254,"Steven Cartwright",West,Consumer,Wilmington,Washington,"United States",US,"North America"
SC-207701,"Stewart Carmichael","Southeast Asia",Corporate,Yangon,Yangon,Thailand,APAC,APAC
SC-207702,"Stewart Carmichael",South,Corporate,Zwolle,Veneto,"United Kingdom",EU,EU
SC-207703,"Stewart Carmichael",South,Corporate,Valparaíso,Valparaíso,Nicaragua,LATAM,LATAM
SC-207704,"Stewart Carmichael",West,Corporate,"San Francisco",Texas,"United States",US,"North America"
SC-208001,"Stuart Calhoun","Southeast Asia",Consumer,Sydney,Queensland,Indonesia,APAC,APAC
SC-208002,"Stuart Calhoun",South,Consumer,"St. Gallen","Västra Götaland","United Kingdom",EU,EU
SC-208003,"Stuart Calhoun",South,Consumer,Tijuana,"São Paulo",Mexico,LATAM,LATAM
SC-208004,"Stuart Calhoun",West,Consumer,"Los Angeles",Texas,"United States",US,"North America"
SC-208451,"Sung Chung","Southeast Asia",Consumer,Shenyang,"West Bengal",Philippines,APAC,APAC
SC-208452,"Sung Chung",South,Consumer,Vienna,Vienna,Italy,EU,EU
SC-208453,"Sung Chung",South,Consumer,Vassouras,"Villa Clara",Mexico,LATAM,LATAM
SC-208454,"Sung Chung",West,Consumer,Louisville,Illinois,"United States",US,"North America"
SD-104851,"Shirley Daniels",Africa,"Home Office","Sidi Qacem",Rabat-Salé-Zemmour-Zaer,Sudan,Africa,Africa
SD-104852,"Shirley Daniels",EMEA,"Home Office",Holon,"Tel Aviv",Ukraine,EMEA,EMEA
SD-204851,"Shirley Daniels","Southeast Asia","Home Office",Wuhan,Ulsan,Thailand,APAC,APAC
SD-204852,"Shirley Daniels",South,"Home Office",Tournefeuille,"North Rhine-Westphalia","United Kingdom",EU,EU
SD-204853,"Shirley Daniels",South,"Home Office","Mexico City",Zulia,Venezuela,LATAM,LATAM
SD-204854,"Shirley Daniels",West,"Home Office",Phoenix,Virginia,"United States",US,"North America"
SE-101101,"Sanjit Engle",Africa,Consumer,Mbuji-mayi,Kasai-Oriental,"Democratic Republic of the Congo",Africa,Africa
SE-101102,"Sanjit Engle",EMEA,Consumer,Qazvin,Qazvin,Romania,EMEA,EMEA
SE-201101,"Sanjit Engle","Southeast Asia",Consumer,Taiyuan,Singapore,Singapore,APAC,APAC
SE-201102,"Sanjit Engle",South,Consumer,Vigo,Vienna,"United Kingdom",EU,EU
SE-201103,"Sanjit Engle",South,Consumer,Orizaba,Veracruz,Panama,LATAM,LATAM
SE-201104,"Sanjit Engle",West,Consumer,Wheeling,Washington,"United States",US,"North America"
SF-100651,"Sandra Flanagan",Africa,Consumer,Quelimane,Zambezia,Nigeria,Africa,Africa
SF-100652,"Sandra Flanagan",EMEA,Consumer,Kharkiv,Kharkiv,Ukraine,EMEA,EMEA
SF-102001,"Sarah Foster",Africa,Consumer,Ndola,"Vallee Du Bandama",Zambia,Africa,Africa
SF-102002,"Sarah Foster",EMEA,Consumer,Plzen,Plzen,Turkey,EMEA,EMEA
SF-109651,"Sylvia Foulston",Africa,Corporate,Dakar,"Red Sea",Sudan,Africa,Africa
SF-109652,"Sylvia Foulston",EMEA,Corporate,Kermanshah,Khuzestan,Turkey,EMEA,EMEA
SF-200651,"Sandra Flanagan",Oceania,Consumer,Ratlam,Queensland,"New Zealand",APAC,APAC
SF-200652,"Sandra Flanagan",North,Consumer,Worcester,"North Rhine-Westphalia","United Kingdom",EU,EU
SF-200653,"Sandra Flanagan",South,Consumer,Teresina,Piauí,Mexico,LATAM,LATAM
SF-200654,"Sandra Flanagan",West,Consumer,Wilmington,Texas,"United States",US,"North America"
SF-202001,"Sarah Foster","Southeast Asia",Consumer,Yicheng,Victoria,Indonesia,APAC,APAC
SF-202002,"Sarah Foster",South,Consumer,Wigan,Sicily,"United Kingdom",EU,EU
SF-202003,"Sarah Foster",South,Consumer,Vassouras,Sonsonate,Nicaragua,LATAM,LATAM
SF-202004,"Sarah Foster",West,Consumer,Seattle,Washington,"United States",US,"North America"
SF-209651,"Sylvia Foulston","Southeast Asia",Corporate,Newcastle,"Sulawesi Utara","South Korea",APAC,APAC
SF-209652,"Sylvia Foulston",North,Corporate,Karlsruhe,Thuringia,"United Kingdom",EU,EU
SF-209653,"Sylvia Foulston",South,Corporate,Manizales,Goiás,Colombia,LATAM,LATAM
SF-209654,"Sylvia Foulston",West,Corporate,Wilmington,Texas,"United States",US,"North America"
SG-100801,"Sandra Glassco",Africa,Consumer,Lagos,Lagos,Tanzania,Africa,Africa
SG-100802,"Sandra Glassco",Canada,Consumer,Montréal,Quebec,Canada,Canada,"North America"
SG-100803,"Sandra Glassco",EMEA,Consumer,Namangan,Ninawa,Uzbekistan,EMEA,EMEA
SG-104701,"Sheri Gordon",Africa,Consumer,Abidjan,Lagunes,"Cote d'Ivoire",Africa,Africa
SG-104702,"Sheri Gordon",EMEA,Consumer,Zagreb,Tbilisi,Georgia,EMEA,EMEA
SG-106051,"Speros Goranitis",Africa,Consumer,Mubi,Lagunes,Uganda,Africa,Africa
SG-106052,"Speros Goranitis",EMEA,Consumer,Shiraz,Neamt,Turkey,EMEA,EMEA
SG-108901,"Susan Gilcrest",Africa,Corporate,Onitsha,Kigali,Rwanda,Africa,Africa
SG-108902,"Susan Gilcrest",EMEA,Corporate,Zanjan,Zanjan,Jordan,EMEA,EMEA
SG-200801,"Sandra Glassco","Southeast Asia",Consumer,Tirunelveli,"Tamil Nadu",Singapore,APAC,APAC
SG-200802,"Sandra Glassco",South,Consumer,Oviedo,Picardy,Spain,EU,EU
SG-200803,"Sandra Glassco",North,Consumer,Tegucigalpa,"San Salvador",Mexico,LATAM,LATAM
SG-200804,"Sandra Glassco",West,Consumer,Seattle,Washington,"United States",US,"North America"
SG-204701,"Sheri Gordon","Southeast Asia",Consumer,Taiyuan,"Tamil Nadu",Indonesia,APAC,APAC
SG-204702,"Sheri Gordon",South,Consumer,Vannes,Uusimaa,Spain,EU,EU
SG-204703,"Sheri Gordon",South,Consumer,"Santa Clara","Villa Clara",Nicaragua,LATAM,LATAM
SG-204704,"Sheri Gordon",West,Consumer,Wilson,"South Carolina","United States",US,"North America"
SG-206051,"Speros Goranitis","Southeast Asia",Consumer,Yao,Victoria,Vietnam,APAC,APAC
SG-206052,"Speros Goranitis",South,Consumer,Wolfsburg,"South Holland",Spain,EU,EU
SG-206053,"Speros Goranitis",South,Consumer,Tlalpan,"San Salvador",Nicaragua,LATAM,LATAM
SG-206054,"Speros Goranitis",West,Consumer,"San Francisco","North Carolina","United States",US,"North America"
SG-208901,"Susan Gilcrest","Southeast Asia",Corporate,Wollongong,Zhejiang,Thailand,APAC,APAC
SG-208902,"Susan Gilcrest",North,Corporate,Watford,"North Rhine-Westphalia","United Kingdom",EU,EU
SG-208903,"Susan Gilcrest",South,Corporate,"Villa Nueva",Panama,Panama,LATAM,LATAM
SG-208904,"Susan Gilcrest",East,Corporate,"New York City",Texas,"United States",US,"North America"
SH-103951,"Shahid Hopkins",Africa,Consumer,Kinshasa,Kinshasa,Nigeria,Africa,Africa
SH-103952,"Shahid Hopkins",Canada,Consumer,Montréal,Quebec,Canada,Canada,"North America"
SH-103953,"Shahid Hopkins",EMEA,Consumer,Bishkek,Bishkek,Kyrgyzstan,EMEA,EMEA
SH-106351,"Stefanie Holloman",EMEA,Corporate,Sterlitamak,Silesia,Russia,EMEA,EMEA
SH-199751,"Sally Hughsby","Southeast Asia",Corporate,Wuzhou,Zhejiang,Thailand,APAC,APAC
SH-199752,"Sally Hughsby",North,Corporate,Munich,Uusimaa,"United Kingdom",EU,EU
SH-199753,"Sally Hughsby",South,Corporate,Victoria,Tamaulipas,Mexico,LATAM,LATAM
SH-199754,"Sally Hughsby",West,Corporate,Smyrna,Wisconsin,"United States",US,"North America"
SH-203951,"Shahid Hopkins","Southeast Asia",Consumer,Xi'an,"Western Australia",Philippines,APAC,APAC
SH-203952,"Shahid Hopkins",Central,Consumer,Salon-de-Provence,Utrecht,Netherlands,EU,EU
SH-203953,"Shahid Hopkins",South,Consumer,"Salina Cruz",Oaxaca,Venezuela,LATAM,LATAM
SH-203954,"Shahid Hopkins",West,Consumer,Toledo,Virginia,"United States",US,"North America"
SH-206351,"Stefanie Holloman","Southeast Asia",Corporate,Valenzuela,Zhejiang,Philippines,APAC,APAC
SH-206352,"Stefanie Holloman",South,Corporate,Vienna,Vienna,"United Kingdom",EU,EU
SH-206353,"Stefanie Holloman",South,Corporate,Sonsonate,Sonsonate,Peru,LATAM,LATAM
SH-206354,"Stefanie Holloman",West,Corporate,Sacramento,Tennessee,"United States",US,"North America"
SH-99751,"Sally Hughsby",Africa,Corporate,Warri,Southern,"Sierra Leone",Africa,Africa
SH-99752,"Sally Hughsby",EMEA,Corporate,"Ulan Bator",Ulaanbaatar,"Saudi Arabia",EMEA,EMEA
SJ-101251,"Sanjit Jacobs",Africa,"Home Office",Johannesburg,Gauteng,"South Africa",Africa,Africa
SJ-101252,"Sanjit Jacobs",Canada,"Home Office",Saanich,"British Columbia",Canada,Canada,"North America"
SJ-101253,"Sanjit Jacobs",EMEA,"Home Office",Riyadh,Izmir,Ukraine,EMEA,EMEA
SJ-102151,"Sarah Jordon",Africa,Consumer,Mallawi,"Dire Dawa",Ethiopia,Africa,Africa
SJ-102152,"Sarah Jordon",Canada,Consumer,Burlington,Ontario,Canada,Canada,"North America"
SJ-102153,"Sarah Jordon",EMEA,Consumer,Najafabad,Konya,Turkey,EMEA,EMEA
SJ-105001,"Shirley Jackson",EMEA,Consumer,K'ut'aisi,Imereti,Turkey,EMEA,EMEA
SJ-201251,"Sanjit Jacobs","Southeast Asia","Home Office",Sydney,Pahang,Philippines,APAC,APAC
SJ-201252,"Sanjit Jacobs",South,"Home Office",Sittard,Wales,"United Kingdom",EU,EU
SJ-201253,"Sanjit Jacobs",North,"Home Office",Tepic,"Santo Domingo",Mexico,LATAM,LATAM
SJ-201254,"Sanjit Jacobs",West,"Home Office",Texarkana,Washington,"United States",US,"North America"
SJ-202151,"Sarah Jordon","Southeast Asia",Consumer,Udaipur,Yunnan,Taiwan,APAC,APAC
SJ-202152,"Sarah Jordon",South,Consumer,Zurich,Zürich,"United Kingdom",EU,EU
SJ-202153,"Sarah Jordon",South,Consumer,Surubim,Sonora,Mexico,LATAM,LATAM
SJ-202154,"Sarah Jordon",West,Consumer,Quincy,Texas,"United States",US,"North America"
SJ-205001,"Shirley Jackson","Southeast Asia",Consumer,Sukkur,"South Australia",Singapore,APAC,APAC
SJ-205002,"Shirley Jackson",South,Consumer,Villeurbanne,Rhône-Alpes,Portugal,EU,EU
SJ-205003,"Shirley Jackson",South,Consumer,"San Miguelito","Pinar del Río",Uruguay,LATAM,LATAM
SJ-205004,"Shirley Jackson",West,Consumer,"Santa Fe",Texas,"United States",US,"North America"
SK-199901,"Sally Knutson","Southeast Asia",Consumer,Zhuhai,"Sumatera Utara",Vietnam,APAC,APAC
SK-199902,"Sally Knutson",Central,Consumer,Levallois-Perret,"North Rhine-Westphalia",Germany,EU,EU
SK-199903,"Sally Knutson",South,Consumer,Tegucigalpa,Tamaulipas,Mexico,LATAM,LATAM
SK-199904,"Sally Knutson",East,Consumer,Toledo,Ohio,"United States",US,"North America"
SK-99901,"Sally Knutson",Africa,Consumer,Luanda,Luanda,Egypt,Africa,Africa
SK-99902,"Sally Knutson",EMEA,Consumer,Vienna,Vienna,Turkey,EMEA,EMEA
SL-101551,"Sara Luxemburg",Africa,"Home Office",Soweto,"Vallee Du Bandama","South Africa",Africa,Africa
SL-101552,"Sara Luxemburg",Canada,"Home Office",Vancouver,"British Columbia",Canada,Canada,"North America"
SL-101553,"Sara Luxemburg",EMEA,"Home Office",Rivne,Rivne,Ukraine,EMEA,EMEA
SL-201551,"Sara Luxemburg","Southeast Asia","Home Office",Tengzhou,Shandong,Philippines,APAC,APAC
SL-201552,"Sara Luxemburg",South,"Home Office",Woking,Valenciana,"United Kingdom",EU,EU
SL-201553,"Sara Luxemburg",South,"Home Office",Vespasiano,Yucatán,Nicaragua,LATAM,LATAM
SL-201554,"Sara Luxemburg",West,"Home Office",Salem,Texas,"United States",US,"North America"
SM-100051,"Sally Matthias",Africa,Consumer,Johannesburg,"Woqooyi Galbeed",Zambia,Africa,Africa
SM-100052,"Sally Matthias",EMEA,Consumer,Severodvinsk,Ljubljana,Ukraine,EMEA,EMEA
SM-103201,"Sean Miller",Africa,"Home Office",Koumra,Mandoul,Nigeria,Africa,Africa
SM-103202,"Sean Miller",EMEA,"Home Office",Salihli,Manisa,Turkey,EMEA,EMEA
SM-109051,"Susan MacKendrick",Africa,Consumer,Mogadishu,"Western Cape","South Africa",Africa,Africa
SM-109052,"Susan MacKendrick",EMEA,Consumer,Qom,Qom,Iran,EMEA,EMEA
SM-109501,"Suzanne McNair",Africa,Corporate,Kigoma,Kigoma,Tanzania,Africa,Africa
SM-109502,"Suzanne McNair",EMEA,Corporate,Zlatoust,Mazandaran,Turkey,EMEA,EMEA
SM-200051,"Sally Matthias","Southeast Asia",Consumer,Wollongong,Victoria,Philippines,APAC,APAC
SM-200052,"Sally Matthias",South,Consumer,Venice,Veneto,"United Kingdom",EU,EU
SM-200053,"Sally Matthias",South,Consumer,Silao,"São Paulo",Mexico,LATAM,LATAM
SM-200054,"Sally Matthias",West,Consumer,Scottsdale,Texas,"United States",US,"North America"
SM-203201,"Sean Miller","Southeast Asia","Home Office",Lahore,Telangana,Thailand,APAC,APAC
SM-203202,"Sean Miller",North,"Home Office",Versailles,Stockholm,"United Kingdom",EU,EU
SM-203203,"Sean Miller",South,"Home Office",Zapopan,"São Paulo",Nicaragua,LATAM,LATAM
SM-203204,"Sean Miller",West,"Home Office",Monroe,Pennsylvania,"United States",US,"North America"
SM-209051,"Susan MacKendrick","Southeast Asia",Consumer,Singapore,Telangana,Thailand,APAC,APAC
SM-209052,"Susan MacKendrick",Central,Consumer,Saint-Nazaire,"Pays de la Loire",Germany,EU,EU
SM-209053,"Susan MacKendrick",North,Consumer,"San Salvador","San Salvador",Mexico,LATAM,LATAM
SM-209054,"Susan MacKendrick",East,Consumer,Newark,Ohio,"United States",US,"North America"
SM-209501,"Suzanne McNair","Southeast Asia",Corporate,Semarang,Shanxi,Indonesia,APAC,APAC
SM-209502,"Suzanne McNair",South,Corporate,Wolfsburg,Veneto,"United Kingdom",EU,EU
SM-209503,"Suzanne McNair",South,Corporate,Tepic,"São Paulo",Peru,LATAM,LATAM
SM-209504,"Suzanne McNair",West,Corporate,Philadelphia,Pennsylvania,"United States",US,"North America"
SN-105601,"Skye Norling",Africa,"Home Office",Likasi,Lagos,Nigeria,Africa,Africa
SN-105602,"Skye Norling",Canada,"Home Office",Toronto,Ontario,Canada,Canada,"North America"
SN-105603,"Skye Norling",EMEA,"Home Office",Kharkiv,Kharkiv,Ukraine,EMEA,EMEA
SN-107101,"Steve Nguyen",Africa,"Home Office","Port Elizabeth","Eastern Cape","South Africa",Africa,Africa
SN-107102,"Steve Nguyen",EMEA,"Home Office",Vienna,Vienna,Turkey,EMEA,EMEA
SN-205601,"Skye Norling","North Asia","Home Office",Seoul,Seoul,"South Korea",APAC,APAC
SN-205602,"Skye Norling",South,"Home Office",Noisy-le-Sec,Scotland,"United Kingdom",EU,EU
SN-205603,"Skye Norling",South,"Home Office",Tegucigalpa,Sonora,Mexico,LATAM,LATAM
SN-205604,"Skye Norling",West,"Home Office","San Francisco","New Jersey","United States",US,"North America"
SN-207101,"Steve Nguyen",Oceania,"Home Office",Hengyang,Victoria,China,APAC,APAC
SN-207102,"Steve Nguyen",North,"Home Office",Zwickau,Scotland,"United Kingdom",EU,EU
SN-207103,"Steve Nguyen",South,"Home Office",Tlalpan,"Santo Domingo",Nicaragua,LATAM,LATAM
SN-207104,"Steve Nguyen",West,"Home Office",Rockford,Washington,"United States",US,"North America"
SO-103351,"Sean O'Donnell",Africa,Consumer,Kinshasa,Kinshasa,"Democratic Republic of the Congo",Africa,Africa
SO-103352,"Sean O'Donnell",EMEA,Consumer,Makhachkala,Dagestan,Russia,EMEA,EMEA
SO-203351,"Sean O'Donnell","Southeast Asia",Consumer,Perth,"Western Australia",Vietnam,APAC,APAC
SO-203352,"Sean O'Donnell",South,Consumer,Vienna,Vienna,"United Kingdom",EU,EU
SO-203353,"Sean O'Donnell",South,Consumer,"São Paulo","São Paulo",Mexico,LATAM,LATAM
SO-203354,"Sean O'Donnell",West,Consumer,Seattle,Washington,"United States",US,"North America"
SP-105451,"Sibella Parks",Africa,Corporate,Nairobi,Souss-Massa-Draâ,Morocco,Africa,Africa
SP-106201,"Stefania Perrino",Africa,Corporate,Lagos,Lagos,Nigeria,Africa,Africa
SP-106202,"Stefania Perrino",EMEA,Corporate,Mecca,Makkah,Turkey,EMEA,EMEA
SP-106501,"Stephanie Phelps",Africa,Corporate,Livingstone,Southern,Zambia,Africa,Africa
SP-106502,"Stephanie Phelps",EMEA,Corporate,Shiraz,Izmir,Turkey,EMEA,EMEA
SP-108601,"Sung Pak",Africa,Corporate,Mohammedia,Oyo,Nigeria,Africa,Africa
SP-109201,"Susan Pistek",Africa,Consumer,Qena,Qina,Nigeria,Africa,Africa
SP-109202,"Susan Pistek",EMEA,Consumer,Karbala',Karbala',Russia,EMEA,EMEA
SP-205451,"Sibella Parks","Southeast Asia",Corporate,Surat,"Sumatera Selatan",Indonesia,APAC,APAC
SP-205452,"Sibella Parks",South,Corporate,Nogent-sur-Oise,Picardy,Italy,EU,EU
SP-205453,"Sibella Parks",South,Corporate,Tampico,Tamaulipas,Mexico,LATAM,LATAM
SP-205454,"Sibella Parks",East,Corporate,Philadelphia,Wisconsin,"United States",US,"North America"
SP-206201,"Stefania Perrino","Southeast Asia",Corporate,Semarang,"Tamil Nadu",Philippines,APAC,APAC
SP-206202,"Stefania Perrino",South,Corporate,York,Rhône-Alpes,"United Kingdom",EU,EU
SP-206203,"Stefania Perrino",South,Corporate,Trujillo,Veracruz,Peru,LATAM,LATAM
SP-206204,"Stefania Perrino",West,Corporate,Tampa,Texas,"United States",US,"North America"
SP-206501,"Stephanie Phelps","Southeast Asia",Corporate,Yingcheng,Punjab,Pakistan,APAC,APAC
SP-206502,"Stephanie Phelps",South,Corporate,Madrid,Scotland,"United Kingdom",EU,EU
SP-206503,"Stephanie Phelps",South,Corporate,Tehuacán,Puebla,Mexico,LATAM,LATAM
SP-206504,"Stephanie Phelps",West,Corporate,Wilmington,Ohio,"United States",US,"North America"
SP-208601,"Sung Pak",Oceania,Corporate,Melbourne,Victoria,India,APAC,APAC
SP-208602,"Sung Pak",North,Corporate,"The Hague",Stockholm,"United Kingdom",EU,EU
SP-208603,"Sung Pak",South,Corporate,Tehuacán,"Santo Domingo",Mexico,LATAM,LATAM
SP-208604,"Sung Pak",West,Corporate,Rochester,Texas,"United States",US,"North America"
SP-209201,"Susan Pistek","Southeast Asia",Consumer,Warangal,Telangana,Thailand,APAC,APAC
SP-209202,"Susan Pistek",South,Consumer,Zurich,Zürich,"United Kingdom",EU,EU
SP-209203,"Susan Pistek",South,Consumer,Tegucigalpa,"São Paulo",Mexico,LATAM,LATAM
SP-209204,"Susan Pistek",West,Consumer,"San Luis Obispo",Ohio,"United States",US,"North America"
SR-104251,"Sharelle Roach",Africa,"Home Office",Zaria,Kaduna,"South Africa",Africa,Africa
SR-104252,"Sharelle Roach",Canada,"Home Office",London,Ontario,Canada,Canada,"North America"
SR-104253,"Sharelle Roach",EMEA,"Home Office",Nikopol',Dnipropetrovs'k,Ukraine,EMEA,EMEA
SR-107401,"Steven Roelle",Africa,"Home Office",Mogadishu,Banaadir,Somalia,Africa,Africa
SR-107402,"Steven Roelle",EMEA,"Home Office",Sari,Mazandaran,Russia,EMEA,EMEA
SR-204251,"Sharelle Roach",Oceania,"Home Office",Seoul,"Western Australia","South Korea",APAC,APAC
SR-204252,"Sharelle Roach",South,"Home Office",Vienna,Vienna,"United Kingdom",EU,EU
SR-204253,"Sharelle Roach",South,"Home Office","La Vega","San Salvador","El Salvador",LATAM,LATAM
SR-204254,"Sharelle Roach",West,"Home Office",Tuscaloosa,Ohio,"United States",US,"North America"
SR-207401,"Steven Roelle","Southeast Asia","Home Office",Semarang,Yogyakarta,Indonesia,APAC,APAC
SR-207402,"Steven Roelle",South,"Home Office",Paris,"Provence-Alpes-Côte d'Azur","United Kingdom",EU,EU
SR-207403,"Steven Roelle",South,"Home Office",Tegucigalpa,"San Salvador",Nicaragua,LATAM,LATAM
SR-207404,"Steven Roelle",West,"Home Office",Seattle,Washington,"United States",US,"North America"
SS-101401,"Saphhira Shifley",Africa,Corporate,Lagos,Lagos,Zimbabwe,Africa,Africa
SS-101402,"Saphhira Shifley",Canada,Corporate,Brantford,Ontario,Canada,Canada,"North America"
SS-101403,"Saphhira Shifley",EMEA,Corporate,"Ulan Bator",Ulaanbaatar,Mongolia,EMEA,EMEA
SS-104101,"Shahid Shariari",Africa,Consumer,Soweto,Gauteng,"South Africa",Africa,Africa
SS-104102,"Shahid Shariari",Canada,Consumer,Brampton,Ontario,Canada,Canada,"North America"
SS-104103,"Shahid Shariari",EMEA,Consumer,Warsaw,Sanliurfa,Turkey,EMEA,EMEA
SS-105151,"Shirley Schmidt",Africa,"Home Office","Ad Diwem","White Nile",Sudan,Africa,Africa
SS-105152,"Shirley Schmidt",EMEA,"Home Office",Varamin,Tehran,Iran,EMEA,EMEA
SS-105901,"Sonia Sunley",Africa,Consumer,Kumasi,Plateaux,Togo,Africa,Africa
SS-105902,"Sonia Sunley",EMEA,Consumer,Hrodna,Hrodna,Belarus,EMEA,EMEA
SS-108751,"Sung Shariari",Africa,Consumer,Lagos,Lagos,Nigeria,Africa,Africa
SS-108752,"Sung Shariari",EMEA,Consumer,Ordu,Ordu,Turkey,EMEA,EMEA
SS-201401,"Saphhira Shifley","Southeast Asia",Corporate,Tasikmalaya,"Xinjiang Uygur",Vietnam,APAC,APAC
SS-201402,"Saphhira Shifley",South,Corporate,Toulouse,Tuscany,Portugal,EU,EU
SS-201403,"Saphhira Shifley",South,Corporate,Yaritagua,Yaracuy,Venezuela,LATAM,LATAM
SS-201404,"Saphhira Shifley",West,Corporate,Warwick,Washington,"United States",US,"North America"
SS-204101,"Shahid Shariari","Southeast Asia",Consumer,"Shah Alam",Telangana,Malaysia,APAC,APAC
SS-204102,"Shahid Shariari",Central,Consumer,Munich,"Provence-Alpes-Côte d'Azur",Switzerland,EU,EU
SS-204103,"Shahid Shariari",South,Consumer,"Santo Domingo de los Colorados",Veracruz,Venezuela,LATAM,LATAM
SS-204104,"Shahid Shariari",West,Consumer,Philadelphia,Pennsylvania,"United States",US,"North America"
SS-205151,"Shirley Schmidt","Southeast Asia","Home Office",Yuncheng,Shanxi,Philippines,APAC,APAC
SS-205152,"Shirley Schmidt",South,"Home Office",Saint-Chamond,Sicily,"United Kingdom",EU,EU
SS-205153,"Shirley Schmidt",South,"Home Office",Tegucigalpa,"Santo Domingo",Paraguay,LATAM,LATAM
SS-205154,"Shirley Schmidt",South,"Home Office",Newark,Wisconsin,"United States",US,"North America"
SS-205901,"Sonia Sunley","Southeast Asia",Consumer,Tasikmalaya,Yogyakarta,Philippines,APAC,APAC
SS-205902,"Sonia Sunley",North,Consumer,Stoke-on-Trent,Ile-de-France,"United Kingdom",EU,EU
SS-205903,"Sonia Sunley",South,Consumer,Tianguá,Santiago,Panama,LATAM,LATAM
SS-205904,"Sonia Sunley",West,Consumer,Wichita,Wisconsin,"United States",US,"North America"
SS-208751,"Sung Shariari","Southeast Asia",Consumer,Shenzhen,"Uttar Pradesh",Japan,APAC,APAC
SS-208752,"Sung Shariari",South,Consumer,Zwolle,Vienna,Spain,EU,EU
SS-208753,"Sung Shariari",South,Consumer,Tlaquepaque,Matanzas,Nicaragua,LATAM,LATAM
SS-208754,"Sung Shariari",West,Consumer,Redmond,Washington,"United States",US,"North America"
ST-105301,"Shui Tom",Africa,Consumer,Lome,Maritime,Togo,Africa,Africa
ST-105302,"Shui Tom",EMEA,Consumer,Kremenchuk,Poltava,Ukraine,EMEA,EMEA
ST-205301,"Shui Tom","Southeast Asia",Consumer,"New Delhi","Sumatera Utara",Indonesia,APAC,APAC
ST-205302,"Shui Tom",South,Consumer,"West Bromwich","Provence-Alpes-Côte d'Azur","United Kingdom",EU,EU
ST-205303,"Shui Tom",South,Consumer,Trinidad,Sonora,Nicaragua,LATAM,LATAM
ST-205304,"Shui Tom",West,Consumer,"Port Saint Lucie",Texas,"United States",US,"North America"
SU-106651,"Stephanie Ulpright",Africa,"Home Office",Nakuru,"Rift Valley",Uganda,Africa,Africa
SU-106652,"Stephanie Ulpright",EMEA,"Home Office",Riyadh,Styria,"Saudi Arabia",EMEA,EMEA
SU-206651,"Stephanie Ulpright","North Asia","Home Office",Yiyang,Shanxi,India,APAC,APAC
SU-206652,"Stephanie Ulpright",South,"Home Office",Marseille,"Provence-Alpes-Côte d'Azur",Spain,EU,EU
SU-206653,"Stephanie Ulpright",South,"Home Office",Tegucigalpa,"Santo Domingo",Venezuela,LATAM,LATAM
SU-206654,"Stephanie Ulpright",West,"Home Office",Seattle,Washington,"United States",US,"North America"
SV-103651,"Seth Vernon",Canada,Consumer,Vancouver,"British Columbia",Canada,Canada,"North America"
SV-103652,"Seth Vernon",EMEA,Consumer,Riyadh,"Tel Aviv",Turkey,EMEA,EMEA
SV-107851,"Stewart Visinsky",Africa,Consumer,Lichinga,Niassa,Mozambique,Africa,Africa
SV-107852,"Stewart Visinsky",EMEA,Consumer,Riyadh,Istanbul,Ukraine,EMEA,EMEA
SV-108151,"Stuart Van",Africa,Corporate,Lagos,Lagos,Nigeria,Africa,Africa
SV-108152,"Stuart Van",Canada,Corporate,Montréal,Quebec,Canada,Canada,"North America"
SV-108153,"Stuart Van",EMEA,Corporate,Vienna,Vienna,Turkey,EMEA,EMEA
SV-109351,"Susan Vittorini",Africa,Consumer,Minna,Osun,Nigeria,Africa,Africa
SV-109352,"Susan Vittorini","Southeast Asia",Consumer,Tangerang,"Jawa Barat",Indonesia,APAC,APAC
SV-203651,"Seth Vernon","Southeast Asia",Consumer,Sunbury,Victoria,Thailand,APAC,APAC
SV-203652,"Seth Vernon",South,Consumer,Reus,England,"United Kingdom",EU,EU
SV-203653,"Seth Vernon",North,Consumer,Tlalnepantla,Quezaltenango,Panama,LATAM,LATAM
SV-203654,"Seth Vernon",West,Consumer,Troy,Texas,"United States",US,"North America"
SV-207851,"Stewart Visinsky","Southeast Asia",Consumer,Surabaya,Victoria,Vietnam,APAC,APAC
SV-207852,"Stewart Visinsky",South,Consumer,Swindon,Valenciana,"United Kingdom",EU,EU
SV-207853,"Stewart Visinsky",South,Consumer,"Sancti Spíritus",Santander,Mexico,LATAM,LATAM
SV-207854,"Stewart Visinsky",West,Consumer,"Santa Ana",Vermont,"United States",US,"North America"
SV-208151,"Stuart Van","Southeast Asia",Corporate,Vadodara,"West Bengal",Japan,APAC,APAC
SV-208152,"Stuart Van",South,Corporate,Rome,Lazio,"United Kingdom",EU,EU
SV-208153,"Stuart Van",South,Corporate,"Santiago de los Caballeros",Santiago,Nicaragua,LATAM,LATAM
SV-208154,"Stuart Van",West,Corporate,Orem,Utah,"United States",US,"North America"
SV-209351,"Susan Vittorini","Southeast Asia",Consumer,Wuxi,Victoria,Philippines,APAC,APAC
SV-209352,"Susan Vittorini",South,Consumer,Worcester,Uusimaa,"United Kingdom",EU,EU
SV-209353,"Susan Vittorini",South,Consumer,Tegucigalpa,"Santo Domingo",Mexico,LATAM,LATAM
SV-209354,"Susan Vittorini",West,Consumer,Peoria,Texas,"United States",US,"North America"
SW-102451,"Scot Wooten",Africa,Consumer,Roodepoort,Gauteng,"South Africa",Africa,Africa
SW-102452,"Scot Wooten",EMEA,Consumer,"Wadi as Sir","Ar Riyad","Saudi Arabia",EMEA,EMEA
SW-102751,"Scott Williamson",Africa,Consumer,Nakuru,"Rift Valley",Kenya,Africa,Africa
SW-102752,"Scott Williamson",Canada,Consumer,Kitchener,Ontario,Canada,Canada,"North America"
SW-102753,"Scott Williamson",EMEA,Consumer,Vilnius,Vilnius,Turkey,EMEA,EMEA
SW-103501,"Sean Wendt",Africa,"Home Office",Lusaka,Southern,Zambia,Africa,Africa
SW-103502,"Sean Wendt",EMEA,"Home Office",Ternopil',Ternopil',Ukraine,EMEA,EMEA
SW-104551,"Shaun Weien",Africa,Consumer,Uvinza,Ouémé,Tanzania,Africa,Africa
SW-104552,"Shaun Weien",EMEA,Consumer,Riyadh,"Razavi Khorasan","Saudi Arabia",EMEA,EMEA
SW-107551,"Steven Ward",Africa,Corporate,Kumasi,Lagunes,Somalia,Africa,Africa
SW-107552,"Steven Ward",Canada,Corporate,Montréal,Quebec,Canada,Canada,"North America"
SW-107553,"Steven Ward",EMEA,Corporate,Rasht,Istanbul,Turkey,EMEA,EMEA
SW-202451,"Scot Wooten","Southeast Asia",Consumer,"Ulan Bator",Victoria,Philippines,APAC,APAC
SW-202452,"Scot Wooten",North,Consumer,Vienna,Vienna,"United Kingdom",EU,EU
SW-202453,"Scot Wooten",North,Consumer,"Santo Domingo","Santo Domingo",Mexico,LATAM,LATAM
SW-202454,"Scot Wooten",West,Consumer,Troy,Pennsylvania,"United States",US,"North America"
SW-202751,"Scott Williamson","Southeast Asia",Consumer,Toowoomba,"West Bengal",Philippines,APAC,APAC
SW-202752,"Scott Williamson",South,Consumer,Ravenna,"Provence-Alpes-Côte d'Azur","United Kingdom",EU,EU
SW-202753,"Scott Williamson",South,Consumer,Vassouras,Tamaulipas,Uruguay,LATAM,LATAM
SW-202754,"Scott Williamson",West,Consumer,Seattle,Washington,"United States",US,"North America"
SW-203501,"Sean Wendt","Southeast Asia","Home Office","Mount Gambier","South Australia",Philippines,APAC,APAC
SW-203502,"Sean Wendt",South,"Home Office",Pessac,"North Rhine-Westphalia","United Kingdom",EU,EU
SW-203503,"Sean Wendt",South,"Home Office","Panama City","Pinar del Río",Venezuela,LATAM,LATAM
SW-203504,"Sean Wendt",East,"Home Office",Omaha,Ohio,"United States",US,"North America"
SW-204551,"Shaun Weien","Southeast Asia",Consumer,Taipei,"Taipei City",Taiwan,APAC,APAC
SW-204552,"Shaun Weien",South,Consumer,Wattrelos,Tuscany,"United Kingdom",EU,EU
SW-204553,"Shaun Weien",South,Consumer,Guadalajara,Parana,Mexico,LATAM,LATAM
SW-204554,"Shaun Weien",West,Consumer,Tampa,Washington,"United States",US,"North America"
SW-207551,"Steven Ward","Southeast Asia",Corporate,Singapore,"Western Australia",Singapore,APAC,APAC
SW-207552,"Steven Ward",North,Corporate,Wolverhampton,Thuringia,"United Kingdom",EU,EU
SW-207553,"Steven Ward",South,Corporate,"Tuxtla Gutiérrez",Tolima,Nicaragua,LATAM,LATAM
SW-207554,"Steven Ward",West,Corporate,Seattle,Washington,"United States",US,"North America"
SZ-100351,"Sam Zeldin",Africa,"Home Office",Baraki,Tipaza,Algeria,Africa,Africa
SZ-100352,"Sam Zeldin",EMEA,"Home Office",Tehran,Tehran,Iraq,EMEA,EMEA
SZ-200351,"Sam Zeldin","Southeast Asia","Home Office",Valenzuela,"Western Australia",Thailand,APAC,APAC
SZ-200352,"Sam Zeldin",Central,"Home Office",Toulouse,Midi-Pyrénées,France,EU,EU
SZ-200353,"Sam Zeldin",South,"Home Office","Villa Canales","São Paulo",Panama,LATAM,LATAM
SZ-200354,"Sam Zeldin",West,"Home Office",Seattle,Washington,"United States",US,"North America"
TA-113851,"Tom Ashbrook",Africa,"Home Office",Mbuji-mayi,Oyo,Zambia,Africa,Africa
TA-113852,"Tom Ashbrook",EMEA,"Home Office",Silivri,Istanbul,Turkey,EMEA,EMEA
TA-213851,"Tom Ashbrook","Southeast Asia","Home Office",Manila,Victoria,Philippines,APAC,APAC
TA-213852,"Tom Ashbrook",South,"Home Office","Sant Boi de Llobregat",Uusimaa,Spain,EU,EU
TA-213853,"Tom Ashbrook",South,"Home Office","San Bernardo","São Paulo",Venezuela,LATAM,LATAM
TA-213854,"Tom Ashbrook",East,"Home Office",Olathe,"New York","United States",US,"North America"
TB-110551,"Ted Butterfield",Africa,Consumer,Kano,Kano,Nigeria,Africa,Africa
TB-110552,"Ted Butterfield",EMEA,Consumer,Qostanay,Qostanay,Kazakhstan,EMEA,EMEA
TB-111751,"Thomas Boland",Africa,Corporate,Shinyanga,Shinyanga,Tanzania,Africa,Africa
TB-111752,"Thomas Boland",EMEA,Corporate,"Wadi as Sir",Kaunas,Turkey,EMEA,EMEA
TB-111901,"Thomas Brumley",Africa,"Home Office",Meknes,Meknès-Tafilalet,Morocco,Africa,Africa
TB-111902,"Thomas Brumley",EMEA,"Home Office",Luts'k,Volyn,Ukraine,EMEA,EMEA
TB-112501,"Tim Brockman",Africa,Consumer,Settat,Kinshasa,Rwanda,Africa,Africa
TB-112502,"Tim Brockman",EMEA,Consumer,Sivas,Sivas,Turkey,EMEA,EMEA
TB-112801,"Toby Braunhardt",Africa,Consumer,Constantine,Constantine,Mali,Africa,Africa
TB-112802,"Toby Braunhardt",Canada,Consumer,Mississauga,Ontario,Canada,Canada,"North America"
TB-112803,"Toby Braunhardt",EMEA,Consumer,Kumanovo,Kumanovo,Turkey,EMEA,EMEA
TB-113551,"Todd Boyes",Africa,Corporate,Luanda,Luanda,Nigeria,Africa,Africa
TB-113552,"Todd Boyes",EMEA,Corporate,Nysa,Poltava,Ukraine,EMEA,EMEA
TB-114001,"Tom Boeckenhauer",Africa,Consumer,Maputo,Kankan,Mozambique,Africa,Africa
TB-114002,"Tom Boeckenhauer",EMEA,Consumer,Taizz,Ta'izz,Yemen,EMEA,EMEA
TB-115201,"Tracy Blumstein",Africa,Consumer,Windhoek,Lagos,Nigeria,Africa,Africa
TB-115202,"Tracy Blumstein",EMEA,Consumer,Sterlitamak,Nevsehir,Turkey,EMEA,EMEA
TB-115951,"Troy Blackwell",Africa,Consumer,Accra,"Greater Accra",Ghana,Africa,Africa
TB-115952,"Troy Blackwell",EMEA,Consumer,L'viv,L'viv,Ukraine,EMEA,EMEA
TB-116251,"Trudy Brown",Africa,Consumer,Kinshasa,Osun,Nigeria,Africa,Africa
TB-116252,"Trudy Brown",EMEA,Consumer,Konya,Konya,Turkey,EMEA,EMEA
TB-210551,"Ted Butterfield","Southeast Asia",Consumer,Ueda,"Western Australia",Singapore,APAC,APAC
TB-210552,"Ted Butterfield",North,Consumer,Vincennes,Limousin,"United Kingdom",EU,EU
TB-210553,"Ted Butterfield",South,Consumer,Tijuana,"São Paulo",Nicaragua,LATAM,LATAM
TB-210554,"Ted Butterfield",East,Consumer,Troy,Pennsylvania,"United States",US,"North America"
TB-211751,"Thomas Boland","Southeast Asia",Corporate,Pune,Wellington,"New Zealand",APAC,APAC
TB-211752,"Thomas Boland",South,Corporate,Villeneuve-le-Roi,Vienna,"United Kingdom",EU,EU
TB-211753,"Thomas Boland",South,Corporate,"São Miguel dos Campos",Yucatán,Panama,LATAM,LATAM
TB-211754,"Thomas Boland",South,Corporate,Wilson,Texas,"United States",US,"North America"
TB-211901,"Thomas Brumley","Southeast Asia","Home Office",Tokyo,"Uttar Pradesh",Japan,APAC,APAC
TB-211902,"Thomas Brumley",North,"Home Office",Sheffield,"Provence-Alpes-Côte d'Azur","United Kingdom",EU,EU
TB-211903,"Thomas Brumley",South,"Home Office",Tapachula,"San Salvador",Mexico,LATAM,LATAM
TB-211904,"Thomas Brumley",West,"Home Office",Riverside,"New York","United States",US,"North America"
TB-212501,"Tim Brockman","Southeast Asia",Consumer,Kanpur,"Uttar Pradesh",Vietnam,APAC,APAC
TB-212502,"Tim Brockman",South,Consumer,Ulm,Rhône-Alpes,Spain,EU,EU
TB-212503,"Tim Brockman",South,Consumer,Tegucigalpa,"São Paulo",Nicaragua,LATAM,LATAM
TB-212504,"Tim Brockman",West,Consumer,Seattle,Washington,"United States",US,"North America"
TB-212801,"Toby Braunhardt","Southeast Asia",Consumer,Surabaya,"Jawa Timur",Thailand,APAC,APAC
TB-212802,"Toby Braunhardt",North,Consumer,Turku,Thuringia,"United Kingdom",EU,EU
TB-212803,"Toby Braunhardt",South,Consumer,"São Paulo","São Paulo",Venezuela,LATAM,LATAM
TB-212804,"Toby Braunhardt",West,Consumer,Washington,Oklahoma,"United States",US,"North America"
TB-213551,"Todd Boyes",Oceania,Corporate,Wodonga,Waikato,"New Zealand",APAC,APAC
TB-213552,"Todd Boyes",South,Corporate,Milan,Lombardy,"United Kingdom",EU,EU
TB-213553,"Todd Boyes",South,Corporate,Tegucigalpa,Panama,Panama,LATAM,LATAM
TB-213554,"Todd Boyes",South,Corporate,"Sandy Springs",Texas,"United States",US,"North America"
TB-214001,"Tom Boeckenhauer","Southeast Asia",Consumer,Toowoomba,Yogyakarta,Thailand,APAC,APAC
TB-214002,"Tom Boeckenhauer",North,Consumer,Berlin,Utrecht,"United Kingdom",EU,EU
TB-214003,"Tom Boeckenhauer",South,Consumer,Zapopan,Panama,Peru,LATAM,LATAM
TB-214004,"Tom Boeckenhauer",West,Consumer,Tulsa,Washington,"United States",US,"North America"
TB-215201,"Tracy Blumstein","Southeast Asia",Consumer,Yangon,Yangon,Pakistan,APAC,APAC
TB-215202,"Tracy Blumstein",South,Consumer,Tarbes,"North Rhine-Westphalia","United Kingdom",EU,EU
TB-215203,"Tracy Blumstein",South,Consumer,"San Salvador",Sinaloa,Mexico,LATAM,LATAM
TB-215204,"Tracy Blumstein",West,Consumer,"Sierra Vista",Texas,"United States",US,"North America"
TB-215951,"Troy Blackwell","Southeast Asia",Consumer,Wuhan,Singapore,Singapore,APAC,APAC
TB-215952,"Troy Blackwell",South,Consumer,Vienna,Vienna,Spain,EU,EU
TB-215953,"Troy Blackwell",South,Consumer,Soyapango,Sonora,Peru,LATAM,LATAM
TB-215954,"Troy Blackwell",West,Consumer,Springfield,Wisconsin,"United States",US,"North America"
TB-216251,"Trudy Brown","Southeast Asia",Consumer,Yangon,Yangon,"New Zealand",APAC,APAC
TB-216252,"Trudy Brown",North,Consumer,Vienna,Vienna,"United Kingdom",EU,EU
TB-216253,"Trudy Brown",North,Consumer,Querétaro,Tamaulipas,Panama,LATAM,LATAM
TB-216254,"Trudy Brown",West,Consumer,Wichita,Texas,"United States",US,"North America"
TC-109801,"Tamara Chand",Africa,Corporate,Johannesburg,Gauteng,"South Africa",Africa,Africa
TC-109802,"Tamara Chand",EMEA,Corporate,Ljubljana,Makkah,Ukraine,EMEA,EMEA
TC-111451,"Theresa Coyne",Africa,Corporate,Sale,"Vallee Du Bandama",Morocco,Africa,Africa
TC-111452,"Theresa Coyne",EMEA,Corporate,Sanliurfa,Sanliurfa,Turkey,EMEA,EMEA
TC-112951,"Toby Carlisle",Africa,Consumer,Zaria,Kwazulu-natal,"South Africa",Africa,Africa
TC-112952,"Toby Carlisle",Canada,Consumer,Montréal,Quebec,Canada,Canada,"North America"
TC-112953,"Toby Carlisle",EMEA,Consumer,Konya,Konya,Turkey,EMEA,EMEA
TC-114751,"Tony Chapman",Africa,"Home Office",Kinshasa,Kinshasa,Sudan,Africa,Africa
TC-114752,"Tony Chapman",Canada,"Home Office",Ottawa,Ontario,Canada,Canada,"North America"
TC-114753,"Tony Chapman",EMEA,"Home Office",Prague,Prague,Turkey,EMEA,EMEA
TC-115351,"Tracy Collins",Africa,"Home Office",Likasi,Lagos,Nigeria,Africa,Africa
TC-115352,"Tracy Collins",EMEA,"Home Office","Ulan Bator",Ulaanbaatar,Mongolia,EMEA,EMEA
TC-209801,"Tamara Chand","Southeast Asia",Corporate,Sydney,"Western Australia",Malaysia,APAC,APAC
TC-209802,"Tamara Chand",South,Corporate,Wolverhampton,"Upper Normandy","United Kingdom",EU,EU
TC-209803,"Tamara Chand",South,Corporate,Tegucigalpa,Veracruz,Panama,LATAM,LATAM
TC-209804,"Tamara Chand",West,Corporate,Seattle,Washington,"United States",US,"North America"
TC-211451,"Theresa Coyne","Southeast Asia",Corporate,Yokkaichi,Victoria,Philippines,APAC,APAC
TC-211452,"Theresa Coyne",South,Corporate,Zurich,Zürich,Switzerland,EU,EU
TC-211453,"Theresa Coyne",South,Corporate,Tipitapa,Santander,Peru,LATAM,LATAM
TC-211454,"Theresa Coyne",East,Corporate,Lakewood,"New Jersey","United States",US,"North America"
TC-212951,"Toby Carlisle","Southeast Asia",Consumer,Wuhan,"National Capital",Thailand,APAC,APAC
TC-212952,"Toby Carlisle",North,Consumer,Villeneuve-sur-Lot,Rhineland-Palatinate,"United Kingdom",EU,EU
TC-212953,"Toby Carlisle",South,Consumer,Torreón,"San Salvador",Nicaragua,LATAM,LATAM
TC-212954,"Toby Carlisle",West,Consumer,Westminster,Texas,"United States",US,"North America"
TC-214751,"Tony Chapman","Southeast Asia","Home Office",Samarinda,Victoria,Thailand,APAC,APAC
TC-214752,"Tony Chapman",South,"Home Office",Sagunto,Valenciana,Spain,EU,EU
TC-214753,"Tony Chapman",South,"Home Office","Santiago de los Caballeros",Santiago,Mexico,LATAM,LATAM
TC-214754,"Tony Chapman",West,"Home Office",Washington,Washington,"United States",US,"North America"
TC-215351,"Tracy Collins","Southeast Asia","Home Office",Tokyo,Tokyo,Thailand,APAC,APAC
TC-215352,"Tracy Collins",South,"Home Office",Rome,Sicily,Spain,EU,EU
TC-215353,"Tracy Collins",South,"Home Office",Tlaquepaque,Tarapacá,"Trinidad and Tobago",LATAM,LATAM
TC-215354,"Tracy Collins",West,"Home Office","San Francisco",Virginia,"United States",US,"North America"
TD-109951,"Tamara Dahlen",Africa,Consumer,Warri,Delta,Nigeria,Africa,Africa
TD-109952,"Tamara Dahlen",Canada,Consumer,Mississauga,Ontario,Canada,Canada,"North America"
TD-109953,"Tamara Dahlen",EMEA,Consumer,Izmir,Izmir,Turkey,EMEA,EMEA
TD-209951,"Tamara Dahlen","Southeast Asia",Consumer,Xintai,Victoria,Thailand,APAC,APAC
TD-209952,"Tamara Dahlen",South,Consumer,Sindelfingen,"North Rhine-Westphalia",Spain,EU,EU
TD-209953,"Tamara Dahlen",North,Consumer,Tijuana,Sonora,Panama,LATAM,LATAM
TD-209954,"Tamara Dahlen",West,Consumer,"Virginia Beach",Virginia,"United States",US,"North America"
TG-113101,"Toby Gnade",Africa,Consumer,Lagos,Lagos,Nigeria,Africa,Africa
TG-113102,"Toby Gnade",Canada,Consumer,"Red Deer",Alberta,Canada,Canada,"North America"
TG-113103,"Toby Gnade",EMEA,Consumer,Bishkek,Bishkek,Kyrgyzstan,EMEA,EMEA
TG-116401,"Trudy Glocke",Africa,Consumer,Khartoum,Khartoum,Tanzania,Africa,Africa
TG-116402,"Trudy Glocke",Canada,Consumer,London,Ontario,Canada,Canada,"North America"
TG-116403,"Trudy Glocke",EMEA,Consumer,Kokshetau,Mazandaran,Turkey,EMEA,EMEA
TG-213101,"Toby Gnade","Southeast Asia",Consumer,Tsukuba,"West Bengal",Japan,APAC,APAC
TG-213102,"Toby Gnade",North,Consumer,Weston-super-Mare,Tyrol,"United Kingdom",EU,EU
TG-213103,"Toby Gnade",South,Consumer,Toluca,"Santo Domingo",Mexico,LATAM,LATAM
TG-213104,"Toby Gnade",West,Consumer,Raleigh,Washington,"United States",US,"North America"
TG-216401,"Trudy Glocke","Southeast Asia",Consumer,Surabaya,Zhejiang,Philippines,APAC,APAC
TG-216402,"Trudy Glocke",South,Consumer,Vienna,Vienna,"United Kingdom",EU,EU
TG-216403,"Trudy Glocke",South,Consumer,Teziutlán,"São Paulo",Nicaragua,LATAM,LATAM
TG-216404,"Trudy Glocke",West,Consumer,Tampa,Missouri,"United States",US,"North America"
TH-111001,"Thea Hendricks",Africa,Consumer,Kolwezi,Katanga,"Democratic Republic of the Congo",Africa,Africa
TH-111002,"Thea Hendricks",EMEA,Consumer,Sofia,Southern,Russia,EMEA,EMEA
TH-111151,"Thea Hudgings",Africa,Corporate,Uvira,"Western Cape",Tanzania,Africa,Africa
TH-111152,"Thea Hudgings",Canada,Corporate,Saint-Laurent,Quebec,Canada,Canada,"North America"
TH-111153,"Thea Hudgings",EMEA,Corporate,Tbilisi,Tbilisi,Georgia,EMEA,EMEA
TH-112351,"Tiffany House",Africa,Corporate,Monrovia,Montserrado,Zimbabwe,Africa,Africa
TH-112352,"Tiffany House",EMEA,Corporate,Severodvinsk,Istanbul,Turkey,EMEA,EMEA
TH-115501,"Tracy Hopkins",Africa,"Home Office",Lagos,Orientale,Nigeria,Africa,Africa
TH-115502,"Tracy Hopkins",Canada,"Home Office",Mississauga,Ontario,Canada,Canada,"North America"
TH-115503,"Tracy Hopkins",EMEA,"Home Office",Zaporizhzhya,Zaporizhzhya,Ukraine,EMEA,EMEA
TH-211001,"Thea Hendricks","Southeast Asia",Consumer,Surabaya,"Tamil Nadu","South Korea",APAC,APAC
TH-211002,"Thea Hendricks",South,Consumer,Zurich,Zürich,Switzerland,EU,EU
TH-211003,"Thea Hendricks",South,Consumer,Soyapango,"São Paulo",Mexico,LATAM,LATAM
TH-211004,"Thea Hendricks",West,Consumer,Toledo,Virginia,"United States",US,"North America"
TH-211151,"Thea Hudgings","Southeast Asia",Corporate,Ulhasnagar,"Western Australia",Philippines,APAC,APAC
TH-211152,"Thea Hudgings",Central,Corporate,Vienna,Vienna,France,EU,EU
TH-211153,"Thea Hudgings",South,Corporate,Zihuatanejo,Yucatán,Mexico,LATAM,LATAM
TH-211154,"Thea Hudgings",East,Corporate,Providence,Texas,"United States",US,"North America"
TH-212351,"Tiffany House",Oceania,Corporate,Sydney,Victoria,Pakistan,APAC,APAC
TH-212352,"Tiffany House",South,Corporate,Vantaa,Uusimaa,Switzerland,EU,EU
TH-212353,"Tiffany House",North,Corporate,Tegucigalpa,"Santo Domingo",Panama,LATAM,LATAM
TH-212354,"Tiffany House",West,Corporate,Yuma,Texas,"United States",US,"North America"
TH-215501,"Tracy Hopkins","Southeast Asia","Home Office",Surabaya,Victoria,Thailand,APAC,APAC
TH-215502,"Tracy Hopkins",South,"Home Office",Mont-de-Marsan,England,"United Kingdom",EU,EU
TH-215503,"Tracy Hopkins",South,"Home Office",Zapopan,"São Paulo",Peru,LATAM,LATAM
TH-215504,"Tracy Hopkins",South,"Home Office","New York City","North Carolina","United States",US,"North America"
TM-110101,"Tamara Manning",Africa,Consumer,Kano,Kano,Nigeria,Africa,Africa
TM-110102,"Tamara Manning",EMEA,Consumer,Kulob,Khatlon,Tajikistan,EMEA,EMEA
TM-114901,"Tony Molinari",Africa,Consumer,Sale,Rabat-Salé-Zemmour-Zaer,Morocco,Africa,Africa
TM-114902,"Tony Molinari",EMEA,Consumer,Voronezh,Voronezh,Turkmenistan,EMEA,EMEA
TM-210101,"Tamara Manning","Southeast Asia",Consumer,Medan,"West Bengal",Japan,APAC,APAC
TM-210102,"Tamara Manning",South,Consumer,Trier,Vaud,"United Kingdom",EU,EU
TM-210103,"Tamara Manning",South,Consumer,Querétaro,"Santa Catarina",Mexico,LATAM,LATAM
TM-210104,"Tamara Manning",West,Consumer,Woodstock,Utah,"United States",US,"North America"
TM-214901,"Tony Molinari","Southeast Asia",Consumer,Yiwu,Zhejiang,Indonesia,APAC,APAC
TM-214902,"Tony Molinari",South,Consumer,Viersen,Rhône-Alpes,"United Kingdom",EU,EU
TM-214903,"Tony Molinari",South,Consumer,Tijuana,"San Salvador",Mexico,LATAM,LATAM
TM-214904,"Tony Molinari",West,Consumer,Yonkers,Oklahoma,"United States",US,"North America"
TN-110401,"Tanja Norvell",Africa,"Home Office",Casablanca,Pwani,Tanzania,Africa,Africa
TN-210401,"Tanja Norvell",Oceania,"Home Office",Townsville,Sindh,Pakistan,APAC,APAC
TN-210402,"Tanja Norvell",South,"Home Office",Tamworth,"South Holland","United Kingdom",EU,EU
TN-210403,"Tanja Norvell",South,"Home Office",Villahermosa,Yucatán,Mexico,LATAM,LATAM
TN-210404,"Tanja Norvell",West,"Home Office",Tallahassee,"New York","United States",US,"North America"
TP-111301,"Theone Pippenger",Africa,Consumer,Zaria,Kaduna,"South Africa",Africa,Africa
TP-111302,"Theone Pippenger",EMEA,Consumer,Istanbul,Pomerania,Turkey,EMEA,EMEA
TP-114151,"Tom Prescott",Africa,Consumer,Warri,Nyanza,Nigeria,Africa,Africa
TP-114152,"Tom Prescott",Canada,Consumer,Toronto,Ontario,Canada,Canada,"North America"
TP-115651,"Tracy Poddar",Africa,Corporate,Foumban,Ouest,Cameroon,Africa,Africa
TP-115652,"Tracy Poddar",EMEA,Corporate,"Targu Jiu",Gorj,Turkey,EMEA,EMEA
TP-211301,"Theone Pippenger","Southeast Asia",Consumer,Wenling,Zhejiang,Vietnam,APAC,APAC
TP-211302,"Theone Pippenger",South,Consumer,Toulouse,Sicily,"United Kingdom",EU,EU
TP-211303,"Theone Pippenger",South,Consumer,"San Juan del Río",Tamaulipas,Nicaragua,LATAM,LATAM
TP-211304,"Theone Pippenger",West,Consumer,Waco,Texas,"United States",US,"North America"
TP-214151,"Tom Prescott","Southeast Asia",Consumer,Seoul,Yogyakarta,Thailand,APAC,APAC
TP-214152,"Tom Prescott",North,Consumer,Paris,Ile-de-France,"United Kingdom",EU,EU
TP-214153,"Tom Prescott",South,Consumer,Sucre,Tocantins,Mexico,LATAM,LATAM
TP-214154,"Tom Prescott",West,Consumer,Seattle,Washington,"United States",US,"North America"
TP-215651,"Tracy Poddar","Southeast Asia",Corporate,Surakarta,"Western Australia",Pakistan,APAC,APAC
TP-215652,"Tracy Poddar",South,Corporate,"The Hague","South Holland","United Kingdom",EU,EU
TP-215653,"Tracy Poddar",South,Corporate,"Santo Domingo","Santo Domingo",Mexico,LATAM,LATAM
TP-215654,"Tracy Poddar",West,Corporate,"Grand Prairie",Texas,"United States",US,"North America"
TR-113251,"Toby Ritter",Africa,Consumer,Rabat,Rabat-Salé-Zemmour-Zaer,Tanzania,Africa,Africa
TR-113252,"Toby Ritter",EMEA,Consumer,Sanandaj,Kordestan,Turkey,EMEA,EMEA
TR-213251,"Toby Ritter","Southeast Asia",Consumer,Perth,Zhejiang,Philippines,APAC,APAC
TR-213252,"Toby Ritter",South,Consumer,Palermo,Sicily,"United Kingdom",EU,EU
TR-213253,"Toby Ritter",South,Consumer,Soyapango,"São Paulo","El Salvador",LATAM,LATAM
TR-213254,"Toby Ritter",West,Consumer,Seattle,Washington,"United States",US,"North America"
TS-110851,"Thais Sissman",Africa,Consumer,Fes,"Greater Accra",Morocco,Africa,Africa
TS-110852,"Thais Sissman",Canada,Consumer,Calgary,Alberta,Canada,Canada,"North America"
TS-110853,"Thais Sissman",EMEA,Consumer,Riyadh,Qom,"Saudi Arabia",EMEA,EMEA
TS-111601,"Theresa Swint",Africa,Corporate,Accra,"Greater Accra",Ghana,Africa,Africa
TS-111602,"Theresa Swint",EMEA,Corporate,Warsaw,Splitsko-Dalmatinska,Russia,EMEA,EMEA
TS-112051,"Thomas Seio",Africa,Corporate,Ndola,Copperbelt,Zambia,Africa,Africa
TS-112052,"Thomas Seio",EMEA,Corporate,Istanbul,Istanbul,Turkey,EMEA,EMEA
TS-113401,"Toby Swindell",Africa,Consumer,Bissau,Bissau,Guinea-Bissau,Africa,Africa
TS-113402,"Toby Swindell",Canada,Consumer,Brampton,Ontario,Canada,Canada,"North America"
TS-113403,"Toby Swindell",EMEA,Consumer,Vinnytsya,Vinnytsya,Ukraine,EMEA,EMEA
TS-113701,"Todd Sumrall",Africa,Corporate,Niamey,Ondo,Tanzania,Africa,Africa
TS-113702,"Todd Sumrall",EMEA,Corporate,Slupsk,Zaporizhzhya,Ukraine,EMEA,EMEA
TS-114301,"Tom Stivers",Africa,Corporate,Zinder,Zinder,"South Africa",Africa,Africa
TS-114302,"Tom Stivers",EMEA,Corporate,Sabzevar,"Razavi Khorasan",Montenegro,EMEA,EMEA
TS-115051,"Tony Sayre",Africa,Consumer,Meknes,Meknès-Tafilalet,Nigeria,Africa,Africa
TS-115052,"Tony Sayre",EMEA,Consumer,Almaty,"Almaty City",Kazakhstan,EMEA,EMEA
TS-116101,"Troy Staebel",Africa,Consumer,Beira,Sofala,Mozambique,Africa,Africa
TS-116102,"Troy Staebel",EMEA,Consumer,Zanjan,Zanjan,Ukraine,EMEA,EMEA
TS-116551,"Trudy Schmidt",Africa,Consumer,Dakar,Dakar,Senegal,Africa,Africa
TS-116552,"Trudy Schmidt",EMEA,Consumer,Yaroslavl',Yaroslavl',Ukraine,EMEA,EMEA
TS-210851,"Thais Sissman","Southeast Asia",Consumer,"Rach Gia",Queensland,Vietnam,APAC,APAC
TS-210852,"Thais Sissman",South,Consumer,Vienna,Vienna,Spain,EU,EU
TS-210853,"Thais Sissman",South,Consumer,"Villa Nueva","Santa Ana",Nicaragua,LATAM,LATAM
TS-210854,"Thais Sissman",West,Consumer,Phoenix,Florida,"United States",US,"North America"
TS-211601,"Theresa Swint","Southeast Asia",Corporate,Zunyi,"New South Wales",Philippines,APAC,APAC
TS-211602,"Theresa Swint",South,Corporate,Vienna,Vienna,Spain,EU,EU
TS-211603,"Theresa Swint",North,Corporate,Orizaba,Veracruz,Mexico,LATAM,LATAM
TS-211604,"Theresa Swint",West,Corporate,York,Wisconsin,"United States",US,"North America"
TS-212051,"Thomas Seio","Southeast Asia",Corporate,Zhangjiakou,Victoria,"New Zealand",APAC,APAC
TS-212052,"Thomas Seio",South,Corporate,Troisdorf,Scotland,"United Kingdom",EU,EU
TS-212053,"Thomas Seio",South,Corporate,Torreón,"São Paulo",Mexico,LATAM,LATAM
TS-212054,"Thomas Seio",West,Corporate,"San Francisco",Tennessee,"United States",US,"North America"
TS-213401,"Toby Swindell","Southeast Asia",Consumer,Yangon,Yangon,"New Zealand",APAC,APAC
TS-213402,"Toby Swindell",North,Consumer,Shrewsbury,Midi-Pyrénées,"United Kingdom",EU,EU
TS-213403,"Toby Swindell",South,Consumer,"São Paulo",Veracruz,Venezuela,LATAM,LATAM
TS-213404,"Toby Swindell",West,Consumer,Scottsdale,Texas,"United States",US,"North America"
TS-213701,"Todd Sumrall",Oceania,Corporate,Visakhapatnam,Yunnan,Pakistan,APAC,APAC
TS-213702,"Todd Sumrall",South,Corporate,Vienna,Vienna,"United Kingdom",EU,EU
TS-213703,"Todd Sumrall",South,Corporate,Tegucigalpa,Matagalpa,Peru,LATAM,LATAM
TS-213704,"Todd Sumrall",West,Corporate,Wilmington,"New York","United States",US,"North America"
TS-214301,"Tom Stivers","Southeast Asia",Corporate,Vijayawada,Yogyakarta,Singapore,APAC,APAC
TS-214302,"Tom Stivers",South,Corporate,Vannes,Nord-Pas-de-Calais,Spain,EU,EU
TS-214303,"Tom Stivers",South,Corporate,"Villa Nueva",Panama,Panama,LATAM,LATAM
TS-214304,"Tom Stivers",West,Corporate,Seattle,Washington,"United States",US,"North America"
TS-215051,"Tony Sayre","Southeast Asia",Consumer,Traralgon,Victoria,Singapore,APAC,APAC
TS-215052,"Tony Sayre",South,Consumer,Zurich,Zürich,Switzerland,EU,EU
TS-215053,"Tony Sayre",South,Consumer,Sorriso,"Santo Domingo",Panama,LATAM,LATAM
TS-215054,"Tony Sayre",West,Consumer,"San Francisco",Tennessee,"United States",US,"North America"
TS-216101,"Troy Staebel","Southeast Asia",Consumer,Sydney,Wellington,Vietnam,APAC,APAC
TS-216102,"Troy Staebel",North,Consumer,York,"Provence-Alpes-Côte d'Azur","United Kingdom",EU,EU
TS-216103,"Troy Staebel",South,Consumer,"Santo Domingo","Villa Clara",Uruguay,LATAM,LATAM
TS-216104,"Troy Staebel",West,Consumer,Springfield,Pennsylvania,"United States",US,"North America"
TS-216551,"Trudy Schmidt","Southeast Asia",Consumer,Yangon,Yangon,"Myanmar (Burma)",APAC,APAC
TS-216552,"Trudy Schmidt",North,Consumer,Vienna,Vienna,"United Kingdom",EU,EU
TS-216553,"Trudy Schmidt",South,Consumer,"Villa Nueva","São Paulo",Peru,LATAM,LATAM
TS-216554,"Trudy Schmidt",West,Consumer,"Rancho Cucamonga",Wisconsin,"United States",US,"North America"
TT-110701,"Ted Trevino",Africa,Consumer,Kumasi,Ashanti,Ghana,Africa,Africa
TT-112201,"Thomas Thornton",Africa,Consumer,Onitsha,Kano,Tanzania,Africa,Africa
TT-112202,"Thomas Thornton",EMEA,Consumer,Sliven,Sliven,Turkey,EMEA,EMEA
TT-112651,"Tim Taslimi",Africa,Corporate,Soweto,North-West,"South Africa",Africa,Africa
TT-112652,"Tim Taslimi",EMEA,Corporate,Quchan,"Razavi Khorasan",Turkey,EMEA,EMEA
TT-114601,"Tonja Turnell",Africa,"Home Office",Tetouan,Tanger-Tétouan,Tanzania,Africa,Africa
TT-114602,"Tonja Turnell",EMEA,"Home Office",Izmir,Izmir,Turkey,EMEA,EMEA
TT-210701,"Ted Trevino","Southeast Asia",Consumer,Whangarei,"Uttar Pradesh",Philippines,APAC,APAC
TT-210702,"Ted Trevino",South,Consumer,Tourcoing,Scotland,"United Kingdom",EU,EU
TT-210703,"Ted Trevino",South,Consumer,"Santo Domingo",Táchira,Venezuela,LATAM,LATAM
TT-210704,"Ted Trevino",West,Consumer,Seattle,Washington,"United States",US,"North America"
TT-212201,"Thomas Thornton","Southeast Asia",Consumer,Yangon,Yangon,"Myanmar (Burma)",APAC,APAC
TT-212202,"Thomas Thornton",South,Consumer,Vigo,Ile-de-France,"United Kingdom",EU,EU
TT-212203,"Thomas Thornton",Central,Consumer,"Santo Domingo","Santo Domingo",Honduras,LATAM,LATAM
TT-212204,"Thomas Thornton",West,Consumer,"Virginia Beach",Virginia,"United States",US,"North America"
TT-212651,"Tim Taslimi","Southeast Asia",Corporate,Suihua,"Western Australia",Philippines,APAC,APAC
TT-212652,"Tim Taslimi",North,Corporate,London,England,"United Kingdom",EU,EU
TT-212653,"Tim Taslimi",South,Corporate,Vassouras,Santiago,Venezuela,LATAM,LATAM
TT-212654,"Tim Taslimi",West,Corporate,"New York City","New York","United States",US,"North America"
TT-214601,"Tonja Turnell","Southeast Asia","Home Office",Mildura,Victoria,Malaysia,APAC,APAC
TT-214602,"Tonja Turnell",South,"Home Office",Valencia,Valenciana,"United Kingdom",EU,EU
TT-214603,"Tonja Turnell",South,"Home Office",Turmero,Yoro,Venezuela,LATAM,LATAM
TT-214604,"Tonja Turnell",West,"Home Office","San Francisco",Texas,"United States",US,"North America"
TW-110251,"Tamara Willingham",Africa,"Home Office",Lagos,Lagos,Nigeria,Africa,Africa
TW-110252,"Tamara Willingham",EMEA,"Home Office",Timisoara,Zhambyl,Turkey,EMEA,EMEA
TW-210251,"Tamara Willingham","Southeast Asia","Home Office",Wollongong,"Sumatera Utara",Vietnam,APAC,APAC
TW-210252,"Tamara Willingham",South,"Home Office",Paris,Sicily,"United Kingdom",EU,EU
TW-210253,"Tamara Willingham",South,"Home Office",Sogamoso,México,Nicaragua,LATAM,LATAM
TW-210254,"Tamara Willingham",West,"Home Office",Seattle,Washington,"United States",US,"North America"
TZ-114451,"Tom Zandusky",Africa,Corporate,Dakar,Dakar,Senegal,Africa,Africa
TZ-114452,"Tom Zandusky",Canada,Corporate,"Richmond Hill",Ontario,Canada,Canada,"North America"
TZ-114453,"Tom Zandusky",EMEA,Corporate,Mazyr,Istanbul,Turkey,EMEA,EMEA
TZ-115801,"Tracy Zic",Africa,Consumer,Rabat,Rabat-Salé-Zemmour-Zaer,Sudan,Africa,Africa
TZ-115802,"Tracy Zic",EMEA,Consumer,Bryansk,Bryansk,Turkmenistan,EMEA,EMEA
TZ-214451,"Tom Zandusky","Southeast Asia",Corporate,Singapore,Victoria,Singapore,APAC,APAC
TZ-214452,"Tom Zandusky",North,Corporate,Strasbourg,Languedoc-Roussillon,"United Kingdom",EU,EU
TZ-214453,"Tom Zandusky",South,Corporate,"Villa Canales",Zacatecas,Mexico,LATAM,LATAM
TZ-215801,"Tracy Zic","Southeast Asia",Consumer,Mumbai,Queensland,Thailand,APAC,APAC
TZ-215802,"Tracy Zic",North,Consumer,Troisdorf,Rhineland-Palatinate,"United Kingdom",EU,EU
TZ-215803,"Tracy Zic",South,Consumer,Zapopan,"São Paulo",Venezuela,LATAM,LATAM
TZ-215804,"Tracy Zic",West,Consumer,"San Francisco",Colorado,"United States",US,"North America"
VB-117451,"Victoria Brennan",Africa,Corporate,Sale,Rabat-Salé-Zemmour-Zaer,"Republic of the Congo",Africa,Africa
VB-117452,"Victoria Brennan",EMEA,Corporate,"Ulan Bator",Ulaanbaatar,Mongolia,EMEA,EMEA
VB-217451,"Victoria Brennan","Southeast Asia",Corporate,Rawalpindi,Punjab,Philippines,APAC,APAC
VB-217452,"Victoria Brennan",South,Corporate,Seville,"Pays de la Loire","United Kingdom",EU,EU
VB-217453,"Victoria Brennan",South,Corporate,"Panama City",Zulia,Venezuela,LATAM,LATAM
VB-217454,"Victoria Brennan",South,Corporate,"San Antonio",Texas,"United States",US,"North America"
VD-116701,"Valerie Dominguez",Africa,Consumer,Lagos,Lagos,Somalia,Africa,Africa
VD-116702,"Valerie Dominguez",EMEA,Consumer,Zaporizhzhya,Zaporizhzhya,Uzbekistan,EMEA,EMEA
VD-216701,"Valerie Dominguez","Southeast Asia",Consumer,Yangon,Yangon,Thailand,APAC,APAC
VD-216702,"Valerie Dominguez",North,Consumer,Stockholm,Stockholm,"United Kingdom",EU,EU
VD-216703,"Valerie Dominguez",North,Consumer,Zapopan,Santiago,Mexico,LATAM,LATAM
VD-216704,"Valerie Dominguez",West,Consumer,"Pleasant Grove",Utah,"United States",US,"North America"
VF-117151,"Vicky Freymann",Africa,"Home Office",Kananga,Kasai-Occidental,Egypt,Africa,Africa
VF-117152,"Vicky Freymann",EMEA,"Home Office",Silivri,Istanbul,Turkey,EMEA,EMEA
VF-217151,"Vicky Freymann","Southeast Asia","Home Office",Yokkaichi,Tianjin,Philippines,APAC,APAC
VF-217152,"Vicky Freymann",South,"Home Office",Grenoble,Rhône-Alpes,Spain,EU,EU
VF-217153,"Vicky Freymann",South,"Home Office",Toledo,Sinaloa,Panama,LATAM,LATAM
VF-217154,"Vicky Freymann",West,"Home Office",Seattle,Washington,"United States",US,"North America"
VG-117901,"Vivek Gonzalez",Africa,Consumer,Kinshasa,Kinshasa,Egypt,Africa,Africa
VG-117902,"Vivek Gonzalez",EMEA,Consumer,Mersin,Mersin,Turkey,EMEA,EMEA
VG-118051,"Vivek Grady",Africa,Corporate,Ibadan,Oyo,Nigeria,Africa,Africa
VG-118052,"Vivek Grady",EMEA,Corporate,Jeddah,Makkah,"Saudi Arabia",EMEA,EMEA
VG-217901,"Vivek Gonzalez","Southeast Asia",Consumer,Moradabad,"West Bengal",Malaysia,APAC,APAC
VG-217902,"Vivek Gonzalez",South,Consumer,Toulouse,"Provence-Alpes-Côte d'Azur",Norway,EU,EU
VG-217903,"Vivek Gonzalez",South,Consumer,"San Luis","San Salvador",Mexico,LATAM,LATAM
VG-217904,"Vivek Gonzalez",West,Consumer,Seattle,Washington,"United States",US,"North America"
VG-218051,"Vivek Grady","Southeast Asia",Corporate,Thiruvananthapuram,"Sumatera Utara",Indonesia,APAC,APAC
VG-218052,"Vivek Grady",South,Corporate,"Wetter (Ruhr)","South Holland",Netherlands,EU,EU
VG-218053,"Vivek Grady",South,Corporate,Santiago,Santiago,Nicaragua,LATAM,LATAM
VG-218054,"Vivek Grady",South,Corporate,"Virginia Beach",Virginia,"United States",US,"North America"
VM-116851,"Valerie Mitchum",Africa,"Home Office",Yaounde,Centre,Egypt,Africa,Africa
VM-116852,"Valerie Mitchum",EMEA,"Home Office",Maltepe,Luhans'k,Ukraine,EMEA,EMEA
VM-118351,"Vivian Mathis",Africa,Consumer,Kinshasa,Kinshasa,Egypt,Africa,Africa
VM-118352,"Vivian Mathis",Canada,Consumer,Winnipeg,Manitoba,Canada,Canada,"North America"
VM-216851,"Valerie Mitchum","Southeast Asia","Home Office",Visakhapatnam,Victoria,"South Korea",APAC,APAC
VM-216852,"Valerie Mitchum",Central,"Home Office",Marseille,"Provence-Alpes-Côte d'Azur",Netherlands,EU,EU
VM-216853,"Valerie Mitchum",South,"Home Office",Valles,"Santo Domingo",Nicaragua,LATAM,LATAM
VM-216854,"Valerie Mitchum",West,"Home Office",Woodstock,Washington,"United States",US,"North America"
VM-218351,"Vivian Mathis","Southeast Asia",Consumer,Raipur,"Western Australia",Thailand,APAC,APAC
VM-218352,"Vivian Mathis",North,Consumer,Walsall,"Upper Normandy","United Kingdom",EU,EU
VM-218353,"Vivian Mathis",Central,Consumer,"Villa Nueva",Guatemala,Guatemala,LATAM,LATAM
VM-218354,"Vivian Mathis",West,Consumer,Portage,"New Hampshire","United States",US,"North America"
VP-117301,"Victor Preis",Africa,"Home Office",Lagos,Lagos,Nigeria,Africa,Africa
VP-117302,"Victor Preis",EMEA,"Home Office",Zanjan,Zanjan,Turkey,EMEA,EMEA
VP-117601,"Victoria Pisteka",Africa,Corporate,Ilorin,Kwara,Tanzania,Africa,Africa
VP-117602,"Victoria Pisteka",EMEA,Corporate,Kaluga,Kaluga,Russia,EMEA,EMEA
VP-217301,"Victor Preis","Southeast Asia","Home Office",Papakura,"Uttar Pradesh",Vietnam,APAC,APAC
VP-217302,"Victor Preis",South,"Home Office",Veenendaal,Utrecht,"United Kingdom",EU,EU
VP-217303,"Victor Preis",South,"Home Office",Tepic,Puebla,Panama,LATAM,LATAM
VP-217304,"Victor Preis",West,"Home Office","Sterling Heights","New York","United States",US,"North America"
VP-217601,"Victoria Pisteka","Southeast Asia",Corporate,Yokkaichi,Yogyakarta,Singapore,APAC,APAC
VP-217602,"Victoria Pisteka",South,Corporate,Wetzlar,Vienna,"United Kingdom",EU,EU
VP-217603,"Victoria Pisteka",South,Corporate,"São Paulo",Tamaulipas,Panama,LATAM,LATAM
VP-217604,"Victoria Pisteka",West,Corporate,Toledo,Texas,"United States",US,"North America"
VS-118201,"Vivek Sundaresam",Africa,Consumer,Nairobi,Nairobi,"South Africa",Africa,Africa
VS-118202,"Vivek Sundaresam",EMEA,Consumer,Zlatoust,Sofiya-Grad,Turkey,EMEA,EMEA
VS-218201,"Vivek Sundaresam",Oceania,Consumer,Zigong,"Western Australia",China,APAC,APAC
VS-218202,"Vivek Sundaresam",North,Consumer,Troisdorf,"North Rhine-Westphalia","United Kingdom",EU,EU
VS-218203,"Vivek Sundaresam",South,Consumer,"Tuxtla Gutiérrez",Chiapas,Mexico,LATAM,LATAM
VS-218204,"Vivek Sundaresam",West,Consumer,Raleigh,Texas,"United States",US,"North America"
VT-117001,"Valerie Takahito",Africa,"Home Office","Port Elizabeth",Kwara,"South Africa",Africa,Africa
VT-117002,"Valerie Takahito",EMEA,"Home Office",Zanjan,Zanjan,"Saudi Arabia",EMEA,EMEA
VT-217001,"Valerie Takahito","Southeast Asia","Home Office",Yogyakarta,Yogyakarta,"South Korea",APAC,APAC
VT-217002,"Valerie Takahito",South,"Home Office",Valencia,Valenciana,Spain,EU,EU
VT-217003,"Valerie Takahito",South,"Home Office","La Romana","La Romana","Dominican Republic",LATAM,LATAM
VT-217004,"Valerie Takahito",East,"Home Office",Philadelphia,Texas,"United States",US,"North America"
VW-117751,"Victoria Wilson",Africa,Corporate,Aswan,Aswan,Egypt,Africa,Africa
VW-117752,"Victoria Wilson",EMEA,Corporate,Zaporizhzhya,Zaporizhzhya,Ukraine,EMEA,EMEA
VW-217751,"Victoria Wilson","Southeast Asia",Corporate,Shimonoseki,Zhejiang,"New Zealand",APAC,APAC
VW-217752,"Victoria Wilson",South,Corporate,"Palma de Mallorca",Uusimaa,Spain,EU,EU
VW-217753,"Victoria Wilson",South,Corporate,Guayana,Ouest,Venezuela,LATAM,LATAM
VW-217754,"Victoria Wilson",West,Corporate,"Sioux Falls",Washington,"United States",US,"North America"
WB-118501,"William Brown",Africa,Consumer,Tunis,Tunis,Tunisia,Africa,Africa
WB-118502,"William Brown",EMEA,Consumer,Istanbul,Istanbul,Turkey,EMEA,EMEA
WB-218501,"William Brown","Southeast Asia",Consumer,Shenyang,Victoria,Thailand,APAC,APAC
WB-218502,"William Brown",South,Consumer,Taranto,Uusimaa,"United Kingdom",EU,EU
WB-218503,"William Brown",South,Consumer,Recife,"San Salvador",Nicaragua,LATAM,LATAM
WB-218504,"William Brown",West,Consumer,Urbandale,Texas,"United States",US,"North America"
XP-118651,"Xylona Preis",Africa,Consumer,Rabat,Rabat-Salé-Zemmour-Zaer,Tanzania,Africa,Africa
XP-118652,"Xylona Preis",EMEA,Consumer,Kirovohrad,Kirovohrad,Ukraine,EMEA,EMEA
XP-218651,"Xylona Preis","Southeast Asia",Consumer,Shanwei,Queensland,Thailand,APAC,APAC
XP-218652,"Xylona Preis",South,Consumer,Nice,Saxony,Italy,EU,EU
XP-218653,"Xylona Preis",South,Consumer,"Soledad Díez Gutiérrez",Zulia,Venezuela,LATAM,LATAM
XP-218654,"Xylona Preis",West,Consumer,Westland,Texas,"United States",US,"North America"
YC-118951,"Yoseph Carroll",Africa,Corporate,Nampula,Nampula,Nigeria,Africa,Africa
YC-118952,"Yoseph Carroll",Canada,Corporate,Edmonton,Alberta,Canada,Canada,"North America"
YC-218951,"Yoseph Carroll","Southeast Asia",Corporate,Xinghua,Karnataka,"New Zealand",APAC,APAC
YC-218952,"Yoseph Carroll",South,Corporate,Watford,Sicily,"United Kingdom",EU,EU
YC-218953,"Yoseph Carroll",South,Corporate,Soyapango,Veracruz,Mexico,LATAM,LATAM
YC-218954,"Yoseph Carroll",West,Corporate,"San Francisco",Texas,"United States",US,"North America"
YS-118801,"Yana Sorensen",Africa,Corporate,Umtata,"Eastern Cape","South Africa",Africa,Africa
YS-118802,"Yana Sorensen",EMEA,Corporate,Sanandaj,"Razavi Khorasan",Turkey,EMEA,EMEA
YS-218801,"Yana Sorensen",Oceania,Corporate,Wuhan,Telangana,India,APAC,APAC
YS-218802,"Yana Sorensen",North,Corporate,Saint-Nazaire,Uusimaa,"United Kingdom",EU,EU
YS-218803,"Yana Sorensen",South,Corporate,Vassouras,Salta,Nicaragua,LATAM,LATAM
YS-218804,"Yana Sorensen",West,Corporate,Seattle,Washington,"United States",US,"North America"
ZC-119101,"Zuschuss Carroll",Africa,Consumer,Maiduguri,Borno,Nigeria,Africa,Africa
ZC-219101,"Zuschuss Carroll","Southeast Asia",Consumer,Weifang,Victoria,Indonesia,APAC,APAC
ZC-219102,"Zuschuss Carroll",South,Consumer,Wolverhampton,Stockholm,"United Kingdom",EU,EU
ZC-219103,"Zuschuss Carroll",South,Consumer,Tegucigalpa,"San Salvador",Panama,LATAM,LATAM
ZC-219104,"Zuschuss Carroll",West,Consumer,Salem,Washington,"United States",US,"North America"
ZD-119251,"Zuschuss Donatelli",Africa,Consumer,Ilorin,Kwara,Senegal,Africa,Africa
ZD-119252,"Zuschuss Donatelli",EMEA,Consumer,Sabzevar,"Razavi Khorasan",Ukraine,EMEA,EMEA
ZD-219251,"Zuschuss Donatelli","Southeast Asia",Consumer,Shijiazhuang,Queensland,Philippines,APAC,APAC
ZD-219252,"Zuschuss Donatelli",South,Consumer,Viersen,"Upper Normandy",Norway,EU,EU
ZD-219253,"Zuschuss Donatelli",South,Consumer,Toluca,Tamaulipas,Mexico,LATAM,LATAM
ZD-219254,"Zuschuss Donatelli",West,Consumer,"San Francisco",Tennessee,"United States",US,"North America"
